Button.left_dwell|Button.left_interval|Button.left_flight|Button.right_dwell|Button.right_interval|Button.right_flight|Key.esc_dwell|Key.esc_interval|Key.esc_flight|Key.tab_dwell|Key.tab_interval|Key.tab_flight|Key.caps_lock_dwell|Key.caps_lock_interval|Key.caps_lock_flight|Key.shift_dwell|Key.shift_interval|Key.shift_flight|Key.ctrl_dwell|Key.ctrl_interval|Key.ctrl_flight|Key.alt_dwell|Key.alt_interval|Key.alt_flight|Key.cmd_dwell|Key.cmd_interval|Key.cmd_flight|Key.space_dwell|Key.space_interval|Key.space_flight|Key.enter_dwell|Key.enter_interval|Key.enter_flight|Key.backspace_dwell|Key.backspace_interval|Key.backspace_flight|ст_dwell_first|ст_dwell_second|ст_interval|ст_flight|ст_up_to_up|ст_latency|ен_dwell_first|ен_dwell_second|ен_interval|ен_flight|ен_up_to_up|ен_latency|ов_dwell_first|ов_dwell_second|ов_interval|ов_flight|ов_up_to_up|ов_latency|но_dwell_first|но_dwell_second|но_interval|но_flight|но_up_to_up|но_latency|ни_dwell_first|ни_dwell_second|ни_interval|ни_flight|ни_up_to_up|ни_latency|на_dwell_first|на_dwell_second|на_interval|на_flight|на_up_to_up|на_latency|ра_dwell_first|ра_dwell_second|ра_interval|ра_flight|ра_up_to_up|ра_latency|ко_dwell_first|ко_dwell_second|ко_interval|ко_flight|ко_up_to_up|ко_latency|то_dwell_first|то_dwell_second|то_interval|то_flight|то_up_to_up|то_latency|ро_dwell_first|ро_dwell_second|ро_interval|ро_flight|ро_up_to_up|ро_latency|ан_dwell_first|ан_dwell_second|ан_interval|ан_flight|ан_up_to_up|ан_latency|ос_dwell_first|ос_dwell_second|ос_interval|ос_flight|ос_up_to_up|ос_latency|по_dwell_first|по_dwell_second|по_interval|по_flight|по_up_to_up|по_latency|го_dwell_first|го_dwell_second|го_interval|го_flight|го_up_to_up|го_latency|ер_dwell_first|ер_dwell_second|ер_interval|ер_flight|ер_up_to_up|ер_latency|од_dwell_first|од_dwell_second|од_interval|од_flight|од_up_to_up|од_latency|ре_dwell_first|ре_dwell_second|ре_interval|ре_flight|ре_up_to_up|ре_latency|ени_dwell_first|ени_dwell_second|ени_dwell_third|ени_interval_first|ени_interval_second|ени_flight_first|ени_flight_second|ени_up_to_up_first|ени_up_to_up_second|ени_latency|ост_dwell_first|ост_dwell_second|ост_dwell_third|ост_interval_first|ост_interval_second|ост_flight_first|ост_flight_second|ост_up_to_up_first|ост_up_to_up_second|ост_latency|ого_dwell_first|ого_dwell_second|ого_dwell_third|ого_interval_first|ого_interval_second|ого_flight_first|ого_flight_second|ого_up_to_up_first|ого_up_to_up_second|ого_latency|ств_dwell_first|ств_dwell_second|ств_dwell_third|ств_interval_first|ств_interval_second|ств_flight_first|ств_flight_second|ств_up_to_up_first|ств_up_to_up_second|ств_latency|ско_dwell_first|ско_dwell_second|ско_dwell_third|ско_interval_first|ско_interval_second|ско_flight_first|ско_flight_second|ско_up_to_up_first|ско_up_to_up_second|ско_latency|ста_dwell_first|ста_dwell_second|ста_dwell_third|ста_interval_first|ста_interval_second|ста_flight_first|ста_flight_second|ста_up_to_up_first|ста_up_to_up_second|ста_latency|ани_dwell_first|ани_dwell_second|ани_dwell_third|ани_interval_first|ани_interval_second|ани_flight_first|ани_flight_second|ани_up_to_up_first|ани_up_to_up_second|ани_latency|про_dwell_first|про_dwell_second|про_dwell_third|про_interval_first|про_interval_second|про_flight_first|про_flight_second|про_up_to_up_first|про_up_to_up_second|про_latency|ест_dwell_first|ест_dwell_second|ест_dwell_third|ест_interval_first|ест_interval_second|ест_flight_first|ест_flight_second|ест_up_to_up_first|ест_up_to_up_second|ест_latency|тор_dwell_first|тор_dwell_second|тор_dwell_third|тор_interval_first|тор_interval_second|тор_flight_first|тор_flight_second|тор_up_to_up_first|тор_up_to_up_second|тор_latency|льн_dwell_first|льн_dwell_second|льн_dwell_third|льн_interval_first|льн_interval_second|льн_flight_first|льн_flight_second|льн_up_to_up_first|льн_up_to_up_second|льн_latency|ова_dwell_first|ова_dwell_second|ова_dwell_third|ова_interval_first|ова_interval_second|ова_flight_first|ова_flight_second|ова_up_to_up_first|ова_up_to_up_second|ова_latency|ния_dwell_first|ния_dwell_second|ния_dwell_third|ния_interval_first|ния_interval_second|ния_flight_first|ния_flight_second|ния_up_to_up_first|ния_up_to_up_second|ния_latency|ние_dwell_first|ние_dwell_second|ние_dwell_third|ние_interval_first|ние_interval_second|ние_flight_first|ние_flight_second|ние_up_to_up_first|ние_up_to_up_second|ние_latency|при_dwell_first|при_dwell_second|при_dwell_third|при_interval_first|при_interval_second|при_flight_first|при_flight_second|при_up_to_up_first|при_up_to_up_second|при_latency|енн_dwell_first|енн_dwell_second|енн_dwell_third|енн_interval_first|енн_interval_second|енн_flight_first|енн_flight_second|енн_up_to_up_first|енн_up_to_up_second|енн_latency|год_dwell_first|год_dwell_second|год_dwell_third|год_interval_first|год_interval_second|год_flight_first|год_flight_second|год_up_to_up_first|год_up_to_up_second|год_latency|is_insider
82.18|472.27|469.34|0|0|0|0|0|0|86.31|478.56|502.38|0|0|0|307.92|178.98|398.53|0|0|0|0|0|0|144.5|303.47|392.42|87.81|341.77|401.63|71.7|448.26|479.96|65.12|190.68|247.75|92.07|88.21|152.79|137.71|133.86|225.93|86.05|78.88|176.8|137.85|130.68|216.72|87.26|87.14|437.6|124.86|153.31|212.0|66.74|74.68|129.79|170.21|178.16|244.89|109.38|107.29|571.46|139.17|137.08|246.46|76.71|103.29|248.5|116.88|143.46|220.17|83.94|86.68|170.61|125.52|128.26|212.19|91.74|86.0|406.43|106.87|101.13|192.87|117.86|94.07|818.18|114.61|90.82|208.68|96.02|89.76|854.35|86.73|80.47|176.48|88.22|92.5|102.72|135.39|139.67|227.89|73.38|86.52|364.52|152.19|165.33|238.71|86.59|80.82|140.71|168.47|162.71|249.29|58.12|71.56|77.44|135.56|149.0|207.12|77.65|76.0|139.94|158.76|157.12|234.76|77.61|92.94|114.61|192.22|207.56|285.17|79.0|74.15|213.69|138.85|134.0|213.0|89.25|113.38|107.0|249.5|777.88|213.75|141.25|237.88|134.88|337.0|78.75|89.88|83.88|266.12|84.25|219.88|174.12|231.0|168.12|477.88|83.0|59.55|67.36|77.55|61.73|160.55|121.27|137.09|129.09|349.18|84.5|80.83|69.83|19.83|176.0|104.33|90.17|100.67|79.17|264.33|94.0|74.0|78.0|70.0|28.0|164.0|102.0|144.0|106.0|344.0|89.6|86.0|86.8|25.4|601.4|115.0|87.4|111.4|88.2|289.2|91.6|115.0|110.7|128.9|521.0|120.5|136.0|143.9|131.7|367.2|86.67|90.24|82.9|613.48|893.29|81.1|78.76|84.67|71.43|242.76|67.33|93.33|83.33|73.0|82.33|140.33|175.67|166.33|165.67|399.33|110.75|115.0|110.75|372.5|563.25|233.25|178.25|237.5|174.0|522.25|139.18|112.91|76.55|783.91|167.18|104.91|280.09|78.64|243.73|461.55|95.75|88.0|79.5|687.5|968.25|158.25|56.25|150.5|47.75|294.0|91.5|99.5|102.0|528.5|835.5|120.0|435.0|128.0|437.5|157.0|122.0|114.14|93.5|714.64|503.0|122.36|117.14|114.5|96.5|333.0|79.88|77.75|117.5|253.12|40.5|83.0|118.25|80.88|158.0|318.75|89.7|58.3|61.6|140.6|88.8|130.3|147.1|98.9|150.4|339.0|0|0|0|0|0|0|0|0|0|0|0
75.87|479.03|460.12|0|0|0|0|0|0|0|0|0|0|0|0|312.07|203.07|362.59|270.5|553.83|491.0|0|0|0|109.0|252.23|361.23|87.49|337.57|396.49|42.0|10.0|52.0|67.15|203.36|243.49|0|0|0|0|0|0|87.33|67.0|96.33|183.67|163.33|250.67|75.67|97.33|88.33|164.0|185.67|261.33|0|0|0|0|0|0|61.0|65.0|54.0|115.0|119.0|180.0|70.67|86.0|51.33|122.0|137.33|208.0|79.0|88.0|957.0|36.0|45.0|124.0|64.0|76.0|295.0|359.0|371.0|435.0|106.0|65.0|59.5|165.5|124.5|230.5|93.75|81.75|735.0|78.75|66.75|160.5|110.0|77.0|543.0|153.0|120.0|230.0|80.5|92.0|57.5|138.0|149.5|230.0|80.25|66.0|386.0|216.25|202.0|282.25|489.5|52.0|160.0|149.5|212.0|201.5|97.0|97.0|125.0|222.0|222.0|319.0|72.5|88.0|47.5|120.0|135.5|208.0|70.5|60.0|36.0|106.5|96.0|166.5|89.0|61.0|65.0|29.0|54.0|118.0|115.0|90.0|119.0|298.0|0|0|0|0|0|0|0|0|0|0|61.0|56.0|36.0|89.0|75.0|150.0|131.0|145.0|111.0|317.0|0|0|0|0|0|0|0|0|0|0|92.0|64.0|76.0|116.0|295.0|208.0|359.0|180.0|371.0|643.0|0|0|0|0|0|0|0|0|0|0|0|0|0|0|0|0|0|0|0|0|98.0|104.5|80.5|11.5|970.0|109.5|74.5|116.0|50.5|264.5|0|0|0|0|0|0|0|0|0|0|0|0|0|0|0|0|0|0|0|0|0|0|0|0|0|0|0|0|0|0|73.0|99.5|97.5|119.0|966.0|192.0|65.5|218.5|63.5|355.0|0|0|0|0|0|0|0|0|0|0|0|0|0|0|0|0|0|0|0|0|0|0|0|0|0|0|0|0|0|0|0|0|0|0|0|0|0|0|0|0|0|0|0|0|0|0|0|0|0|0|0
94.25|477.76|422.48|0|0|0|0|0|0|70.5|414.5|485.0|0|0|0|261.86|142.48|366.37|0|0|0|0|0|0|208.83|272.33|397.83|86.58|350.75|409.03|68.44|405.86|446.53|65.89|174.32|225.83|81.44|89.56|133.11|103.44|111.56|193.0|87.0|48.0|27.0|114.0|75.0|162.0|78.25|92.12|238.88|192.12|206.0|284.25|56.5|67.5|264.0|320.5|331.5|388.0|71.14|94.29|240.29|168.57|191.71|262.86|76.67|86.33|359.33|102.67|112.33|189.0|72.33|101.33|665.33|71.0|100.0|172.33|82.0|74.4|37.4|119.4|111.8|193.8|121.67|112.33|677.33|132.33|123.0|244.67|85.1|81.9|748.7|133.8|130.6|215.7|84.0|63.33|30.5|114.5|93.83|177.83|80.33|77.0|362.33|442.67|439.33|186.33|81.0|68.0|245.0|326.0|313.0|394.0|62.5|60.5|72.5|135.0|133.0|195.5|70.0|79.8|215.6|185.6|195.4|265.4|66.8|89.4|120.2|187.0|209.6|276.4|76.5|72.5|487.5|64.0|60.0|136.5|87.0|48.0|75.0|27.0|76.0|114.0|124.0|75.0|151.0|313.0|68.0|64.0|92.0|135.0|980.0|203.0|44.0|199.0|72.0|339.0|0|0|0|0|0|0|0|0|0|0|53.0|76.0|72.0|65.0|4.0|118.0|80.0|141.0|76.0|270.0|0|0|0|0|0|0|0|0|0|0|0|0|0|0|0|0|0|0|0|0|84.5|66.0|110.5|21.5|96.5|106.0|162.5|87.5|207.0|379.0|68.0|85.0|68.0|17.0|979.0|85.0|64.0|102.0|47.0|217.0|74.0|73.5|120.0|218.5|33.0|292.5|106.5|292.0|153.0|519.0|136.0|149.0|92.0|984.0|975.0|120.0|124.0|133.0|67.0|336.0|0|0|0|0|0|0|0|0|0|0|75.0|105.0|73.5|13.0|970.0|88.0|75.0|118.0|43.5|236.5|0|0|0|0|0|0|0|0|0|0|0|0|0|0|0|0|0|0|0|0|75.4|71.6|76.0|65.8|213.6|141.2|85.2|137.4|89.6|302.4|0|0|0|0|0|0|0|0|0|0|62.5|60.5|81.0|72.5|133.5|135.0|194.0|133.0|214.5|410.0|0
10.33|556.47|514.17|0|0|0|0|0|0|175.98|477.89|496.3|3.0|249.5|252.5|469.23|223.51|494.27|0|0|0|0|0|0|284.76|114.47|364.75|96.22|286.98|370.1|90.34|417.72|368.06|139.16|290.35|393.31|118.76|91.12|217.35|159.65|132.0|250.76|105.06|87.97|65.75|170.81|153.72|258.78|93.56|141.33|86.89|180.44|228.22|321.78|89.38|80.0|126.71|216.1|206.71|296.1|91.04|95.08|145.25|236.29|240.33|331.38|94.36|119.86|125.21|148.14|173.64|268.0|87.37|127.95|81.11|168.47|209.05|296.42|131.5|91.5|122.93|183.0|143.0|274.5|75.1|76.7|105.6|180.7|182.3|257.4|104.52|75.87|130.77|203.03|206.65|278.9|123.23|86.69|121.23|244.46|207.92|331.15|83.1|116.71|167.52|250.62|284.24|367.33|110.36|90.71|65.0|175.36|155.71|266.07|79.3|65.5|104.7|184.0|170.2|249.5|110.8|87.8|146.8|207.6|184.6|295.4|75.57|86.0|200.14|275.71|286.14|361.71|96.17|110.17|77.5|173.67|187.67|283.83|115.36|94.18|105.64|55.36|157.55|170.73|251.73|149.55|263.18|528.09|91.56|115.67|89.33|123.11|365.33|214.67|147.67|238.78|121.33|451.67|80.71|74.57|65.43|116.0|104.86|196.71|179.43|190.57|170.29|441.57|122.5|112.0|142.5|59.5|25.5|182.0|137.5|171.5|168.0|462.0|145.67|148.67|97.0|51.0|32.0|196.67|180.67|199.67|129.0|474.33|118.33|87.33|119.33|62.33|74.0|180.67|161.33|149.67|193.33|461.33|115.67|91.0|83.0|20.67|136.33|136.33|227.33|111.67|219.33|446.67|119.0|80.0|78.5|42.75|112.25|161.75|192.25|122.75|190.75|432.5|93.0|113.0|96.0|206.5|90.5|299.5|203.5|319.5|186.5|599.0|0|0|0|0|0|0|0|0|0|0|99.0|86.0|90.67|140.0|261.0|239.0|347.0|226.0|351.67|676.67|97.0|181.33|141.33|103.0|969.33|200.0|150.67|284.33|110.67|492.0|91.44|97.78|117.78|142.78|260.22|234.22|358.0|240.56|378.0|598.89|90.29|92.29|121.14|173.14|70.71|263.43|163.0|265.43|191.86|547.57|114.78|81.67|65.67|34.11|105.89|148.89|187.56|115.78|171.56|402.11|94.25|68.25|63.0|65.25|96.5|159.5|164.75|133.5|159.5|387.25|0|0|0|0|0|0|0|0|0|0|0
27.35|464.8|492.16|0|0|0|0|0|0|153.42|510.17|413.58|0|0|0|375.38|122.5|497.88|0|0|0|0|0|0|299.74|218.7|407.33|103.12|192.88|296.0|42.0|454.0|496.0|73.25|360.0|433.25|0|0|0|0|0|0|0|0|0|0|0|0|0|0|0|0|0|0|0|0|0|0|0|0|0|0|0|0|0|0|0|0|0|0|0|0|0|0|0|0|0|0|0|0|0|0|0|0|0|0|0|0|0|0|0|0|0|0|0|0|0|0|0|0|0|0|0|0|0|0|0|0|0|0|0|0|0|0|0|0|0|0|0|0|0|0|0|0|0|0|0|0|0|0|0|0|0|0|0|0|0|0|0|0|0|0|0|0|0|0|0|0|0|0|0|0|0|0|0|0|0|0|0|0|0|0|0|0|0|0|0|0|0|0|0|0|0|0|0|0|0|0|0|0|0|0|0|0|0|0|0|0|0|0|0|0|0|0|0|0|0|0|0|0|0|0|0|0|0|0|0|0|0|0|0|0|0|0|0|0|0|0|0|0|0|0|0|0|0|0|0|0|0|0|0|0|0|0|0|0|0|0|0|0|0|0|0|0|0|0|0|0|0|0|0|0|0|0|0|0|0|0|0|0|0|0|0|0|0|0|0|0|0|0|0|0|0|0|0|0|0|0|0|0|0|0|0|0|0|0|0|0|0|0|0|0|0|0|0|0|0|0|0|0|0|0|0|0|0|0|0|0|0
38.48|503.4|467.41|0|0|0|0|0|0|120.14|302.43|279.71|0.75|296.75|297.5|486.64|244.15|475.47|0|0|0|284.0|1.0|285.0|269.93|277.57|404.64|88.05|279.22|367.27|82.66|485.21|567.86|125.85|316.0|382.15|107.3|85.7|137.4|144.7|123.1|230.4|105.0|81.25|86.75|191.75|168.0|273.0|87.89|120.22|132.56|220.44|252.78|340.67|93.0|69.0|107.0|200.0|176.0|269.0|87.11|72.33|133.89|221.0|206.22|293.33|96.4|102.4|94.0|190.4|196.4|292.8|88.0|137.67|417.67|172.33|222.0|310.0|110.89|87.44|133.56|244.44|221.0|331.89|71.83|76.17|276.83|348.67|353.0|424.83|152.91|68.18|121.82|183.82|190.0|252.0|121.44|81.78|126.44|247.89|208.22|329.67|62.0|86.5|234.0|296.0|320.5|382.5|121.0|67.0|247.0|368.0|314.0|435.0|85.33|54.67|103.67|189.0|158.33|243.67|108.89|88.33|196.0|304.89|284.33|393.22|59.2|75.6|197.0|256.2|272.6|331.8|81.0|111.0|79.0|160.0|190.0|271.0|110.0|84.0|76.5|83.5|132.5|193.5|216.5|167.5|209.0|486.5|0|0|0|0|0|0|0|0|0|0|0|0|0|0|0|0|0|0|0|0|108.0|88.0|116.0|75.0|169.0|183.0|257.0|163.0|285.0|556.0|0|0|0|0|0|0|0|0|0|0|116.0|76.0|117.0|43.0|74.0|159.0|150.0|119.0|191.0|426.0|113.67|89.67|63.0|32.0|129.67|145.67|219.33|121.67|192.67|428.0|128.0|76.0|67.0|50.0|108.0|178.0|184.0|126.0|175.0|429.0|88.5|111.0|103.5|161.0|49.0|249.5|160.0|272.0|152.5|513.0|77.5|74.0|77.5|106.0|102.5|183.5|176.5|180.0|180.0|437.5|0|0|0|0|0|0|0|0|0|0|101.0|180.5|119.5|161.0|974.0|262.0|154.5|341.5|93.5|536.0|72.0|88.0|124.0|133.0|242.0|205.0|330.0|221.0|366.0|659.0|0|0|0|0|0|0|0|0|0|0|106.6|81.6|68.2|45.8|105.6|152.4|187.2|127.4|173.8|407.8|0|0|0|0|0|0|0|0|0|0|85.33|54.67|75.67|103.67|144.33|189.0|199.0|158.33|220.0|463.67|0
159.12|464.79|492.13|0|0|0|32.0|331.0|363.0|182.67|453.64|496.45|0|0|0|437.52|482.68|409.34|658.0|423.5|581.5|0|0|0|206.05|146.44|311.67|119.72|365.78|463.77|83.65|538.09|474.68|198.91|362.85|419.6|139.76|130.41|354.59|200.24|190.88|330.65|129.13|147.39|234.48|146.22|164.48|293.61|141.6|153.67|178.33|253.27|265.33|406.93|131.14|122.41|353.18|211.59|202.86|334.0|168.76|142.28|795.79|171.45|144.97|279.24|141.0|135.2|196.5|237.5|231.7|372.7|131.22|138.11|285.28|305.39|256.72|387.94|154.57|142.71|590.86|316.86|305.0|459.57|142.72|171.89|875.5|129.33|158.5|301.22|163.9|147.83|856.2|120.1|137.37|267.93|133.25|147.62|179.94|188.19|202.56|335.81|168.62|135.75|521.0|314.62|406.75|450.38|140.58|125.67|346.42|237.0|222.08|362.67|136.0|98.5|199.75|335.75|298.25|434.25|134.11|130.78|35.44|169.56|166.22|300.33|120.62|146.25|447.12|442.75|468.38|589.0|122.38|143.0|204.25|201.62|222.25|344.62|126.21|156.29|137.57|302.64|805.5|143.14|176.07|173.21|157.36|385.36|129.8|137.2|112.8|266.0|119.6|395.8|256.8|403.2|232.4|565.4|126.0|139.67|97.0|392.67|92.67|185.33|232.33|199.0|189.67|514.67|176.0|148.0|155.0|61.0|30.0|237.0|178.0|209.0|185.0|570.0|168.0|136.0|128.0|116.0|700.0|284.0|836.0|252.0|828.0|248.0|137.5|127.0|165.0|729.5|526.0|367.0|153.0|356.5|191.0|685.0|137.14|195.29|148.43|57.43|809.57|194.57|147.71|252.71|100.86|490.71|132.12|131.88|165.75|494.38|952.38|126.5|84.25|126.25|118.12|376.5|123.2|139.4|123.2|256.2|241.6|379.4|181.0|395.6|164.8|683.6|134.25|203.25|148.75|810.75|973.0|195.0|176.25|264.0|121.75|520.0|131.67|139.0|122.33|260.0|136.0|391.67|275.0|399.0|258.33|789.0|144.0|176.33|160.0|69.33|929.67|213.33|106.0|245.67|89.67|479.33|164.2|132.0|149.8|786.8|155.0|351.0|287.0|318.8|304.8|587.8|175.0|155.71|143.29|871.43|68.71|117.86|224.43|98.57|212.0|485.57|128.36|160.18|127.55|631.64|794.64|123.64|136.64|155.45|104.0|387.82|133.33|118.0|110.33|14.33|94.67|147.67|212.67|132.33|205.0|470.67|0|0|0|0|0|0|0|0|0|0|0
153.73|465.89|465.45|196.0|745.0|941.0|0|0|0|188.22|466.55|496.36|0|0|0|503.6|414.64|492.7|0|0|0|0|0|0|237.86|133.98|332.63|112.18|455.65|332.53|89.42|474.94|443.15|433.27|575.19|485.2|0|0|0|0|0|0|124.0|154.5|16.0|140.0|170.5|294.5|153.67|170.33|233.0|386.67|403.33|557.0|0|0|0|0|0|0|160.0|120.0|956.0|116.0|76.0|236.0|513.67|153.67|654.0|501.0|474.33|654.67|638.67|128.33|586.33|558.33|381.33|686.67|0|0|0|0|0|0|165.0|173.0|963.0|128.0|136.0|301.0|122.75|141.25|955.0|77.75|96.25|219.0|143.0|120.0|376.5|519.5|496.5|639.5|142.5|134.5|257.5|400.0|392.0|534.5|0|0|0|0|0|0|0.0|149.0|314.0|314.0|463.0|463.0|144.0|117.0|42.0|186.0|159.0|303.0|103.33|155.0|381.5|484.83|536.5|639.83|148.0|123.0|24.0|172.0|147.0|295.0|104.0|160.0|120.0|17.0|956.0|121.0|116.0|177.0|76.0|357.0|0|0|0|0|0|0|0|0|0|0|0|0|0|0|0|0|0|0|0|0|0|0|0|0|0|0|0|0|0|0|0|0|0|0|0|0|0|0|0|0|0|0|0|0|0|0|0|0|0|0|0|0|0|0|0|0|0|0|0|0|466.0|120.0|145.0|991.0|948.0|457.0|68.0|111.0|93.0|670.0|0|0|0|0|0|0|0|0|0|0|0|0|0|0|0|0|0|0|0|0|0|0|0|0|0|0|0|0|0|0|0|0|0|0|0|0|0|0|0|0|0|0|0|0|0|0|0|0|0|0|0|0|0|0|0|0|0|0|0|0|0|0|0|0|0|0|0|0|0|0|0|0|0|0|0|0|0|0|0|0|0|0|0|0|0|0|0|0|0|0|0
127.38|413.77|433.62|0|0|0|0|0|0|169.75|367.3|435.78|0|0|0|495.26|388.29|521.48|0|0|0|0|0|0|354.55|163.09|363.8|131.2|382.07|423.27|126.36|325.89|345.11|177.12|304.38|397.39|142.3|139.1|277.4|319.7|316.5|458.8|135.2|160.4|86.4|221.6|246.8|382.0|140.25|140.5|147.5|287.75|288.0|428.25|144.0|130.0|579.5|223.5|209.5|353.5|159.33|132.67|844.83|170.83|144.17|303.5|171.25|122.25|281.5|452.75|403.75|575.0|133.0|148.33|41.0|174.0|189.33|322.33|148.33|126.78|287.44|213.56|192.0|340.33|127.6|159.6|967.6|95.2|127.2|254.8|180.64|152.27|905.82|86.45|149.0|238.73|158.5|124.5|505.0|163.5|129.5|288.0|141.67|123.33|335.33|477.0|458.67|600.33|156.0|145.0|952.0|108.0|97.0|253.0|126.5|142.5|36.5|163.0|179.0|305.5|153.38|114.5|325.88|229.25|190.38|343.75|146.0|175.6|389.4|535.4|565.0|711.0|111.0|146.5|42.5|153.5|189.0|300.0|129.33|160.0|129.33|127.0|722.67|256.33|216.0|287.0|185.33|601.67|135.0|144.0|176.0|161.0|59.0|296.0|203.0|305.0|235.0|675.0|0|0|0|0|0|0|0|0|0|0|161.0|133.0|229.0|14.0|161.0|175.0|294.0|147.0|390.0|698.0|0|0|0|0|0|0|0|0|0|0|0|0|0|0|0|0|0|0|0|0|0|0|0|0|0|0|0|0|0|0|138.0|99.0|151.0|351.33|957.0|156.0|56.0|117.0|108.0|363.0|132.5|146.5|162.0|234.5|439.5|367.0|586.0|381.0|601.5|615.0|129.0|182.0|120.0|973.5|964.0|102.5|146.0|155.5|84.0|368.5|0|0|0|0|0|0|0|0|0|0|0|0|0|0|0|0|0|0|0|0|220.0|108.0|176.0|952.0|255.0|172.0|363.0|60.0|431.0|711.0|0|0|0|0|0|0|0|0|0|0|136.2|179.4|124.4|598.4|933.4|134.6|112.8|177.8|57.8|371.8|0|0|0|0|0|0|0|0|0|0|126.5|142.5|162.5|36.5|303.5|163.0|446.0|179.0|466.0|771.5|0
108.83|476.53|508.13|6.0|338.0|344.0|0|0|0|155.5|777.5|433.0|0.5|390.5|391.0|419.49|344.0|466.19|0|0|0|0|0|0|335.04|232.23|336.5|89.43|425.84|477.84|70.11|509.53|496.31|156.11|339.47|422.05|83.73|69.82|67.27|151.0|137.09|220.82|69.38|76.69|129.44|198.81|206.12|275.5|69.9|78.5|151.8|221.7|230.3|300.2|74.83|74.17|94.83|169.67|169.0|243.83|76.14|79.43|102.21|178.36|181.64|257.79|69.71|77.86|28.57|98.29|106.43|176.14|102.33|74.67|197.47|166.47|205.47|241.13|94.56|83.56|204.0|187.44|176.44|271.0|91.0|86.56|551.0|197.56|193.11|284.11|70.04|69.29|92.88|162.92|162.17|232.21|81.56|72.11|94.89|176.44|167.0|248.56|111.92|80.46|279.69|314.69|360.15|395.15|69.22|66.89|179.33|248.56|246.22|204.33|74.67|77.17|79.83|154.5|157.0|231.67|67.0|74.5|117.0|184.0|191.5|258.5|72.67|60.0|354.67|427.33|414.67|487.33|129.14|75.71|207.86|337.0|283.57|412.71|68.33|87.0|79.83|95.33|67.33|163.67|154.33|182.33|147.17|397.83|66.25|81.0|71.25|159.0|24.0|225.25|105.0|240.0|95.25|401.5|76.5|66.5|74.5|81.0|85.5|157.5|152.0|147.5|160.0|384.0|75.0|68.0|92.0|111.0|37.0|186.0|105.0|179.0|129.0|383.0|0|0|0|0|0|0|0|0|0|0|0|0|0|0|0|0|0|0|0|0|87.5|74.0|92.0|142.0|121.5|229.5|195.5|216.0|213.5|517.0|74.33|68.33|73.33|330.33|100.0|404.67|168.33|398.67|173.33|313.0|68.0|72.0|64.5|88.5|83.5|156.5|155.5|160.5|148.0|376.5|64.67|54.0|55.0|99.0|97.33|163.67|151.33|153.0|152.33|370.0|0|0|0|0|0|0|0|0|0|0|65.0|95.0|64.0|53.0|369.0|118.0|464.0|148.0|433.0|646.0|76.83|70.33|81.5|102.17|53.5|179.0|123.83|172.5|135.0|384.33|88.33|97.33|72.67|88.0|47.33|176.33|144.67|185.33|120.0|393.67|72.43|76.0|78.71|78.86|85.29|151.29|161.29|154.86|164.0|391.29|0|0|0|0|0|0|0|0|0|0|86.0|73.5|58.5|76.0|344.0|162.0|417.5|149.5|402.5|638.0|0
76.46|459.28|475.5|0|0|0|0|0|0|91.98|415.69|441.0|0|0|0|415.28|224.7|523.7|0|0|0|0|0|0|140.0|86.0|226.0|84.76|435.47|520.24|0.0|0.0|0.0|149.6|311.92|381.52|0|0|0|0|0|0|78.5|82.5|288.5|367.0|371.0|449.5|85.33|94.67|233.0|318.33|327.67|413.0|671.5|70.5|520.5|192.0|591.0|262.5|81.0|85.0|686.0|767.0|771.0|852.0|505.0|66.5|255.5|260.5|322.0|327.0|305.0|85.0|596.33|234.67|348.0|319.67|0|0|0|0|0|0|102.0|128.0|999.0|101.0|127.0|229.0|68.67|64.67|113.67|182.33|178.33|247.0|168.5|72.0|86.0|254.5|158.0|326.5|67.0|80.0|184.5|251.5|264.5|331.5|73.0|60.0|165.0|238.0|225.0|298.0|76.0|76.0|97.0|173.0|173.0|249.0|68.0|88.0|902.0|970.0|990.0|58.0|71.67|63.33|341.0|412.67|404.33|476.0|77.0|64.0|152.0|229.0|216.0|293.0|73.0|81.0|85.0|121.0|686.0|194.0|767.0|202.0|771.0|46.0|0|0|0|0|0|0|0|0|0|0|0|0|0|0|0|0|0|0|0|0|0|0|0|0|0|0|0|0|0|0|0|0|0|0|0|0|0|0|0|0|0|0|0|0|0|0|0|0|0|0|0|0|0|0|0|0|0|0|0|0|934.0|69.0|57.0|310.0|137.0|244.0|206.0|379.0|194.0|507.0|0|0|0|0|0|0|0|0|0|0|0|0|0|0|0|0|0|0|0|0|0|0|0|0|0|0|0|0|0|0|60.0|125.0|85.0|4.0|69.0|64.0|194.0|129.0|154.0|343.0|0|0|0|0|0|0|0|0|0|0|0|0|0|0|0|0|0|0|0|0|0|0|0|0|0|0|0|0|0|0|0|0|0|0|0|0|0|0|0|0|0|0|0|0|0|0|0|0|0|0|0
98.57|441.08|477.79|0|0|0|0|0|0|88.29|383.93|472.21|0|0|0|402.27|374.73|475.41|0|0|0|0|0|0|433.78|130.89|564.67|73.61|340.23|384.68|79.09|448.42|497.66|163.26|342.72|392.21|81.62|80.92|219.54|224.23|223.54|305.15|71.25|73.25|76.75|148.0|150.0|221.25|74.27|77.73|79.09|153.36|156.82|231.09|81.0|70.5|299.5|380.5|120.0|201.0|89.8|85.8|131.1|220.9|216.9|306.7|65.67|67.67|80.33|146.0|148.0|213.67|53.67|73.67|292.33|346.0|366.0|419.67|103.89|76.56|82.89|186.78|159.44|263.33|87.8|80.8|271.8|159.6|152.6|240.4|76.0|66.6|99.2|175.2|165.8|241.8|69.11|80.33|118.44|187.56|198.78|267.89|61.17|68.17|101.83|163.0|170.0|231.17|94.0|73.0|401.0|495.0|474.0|568.0|76.33|61.67|92.0|168.33|153.67|230.0|80.7|75.4|245.8|326.5|321.2|401.9|65.67|66.83|260.67|326.33|327.5|393.17|81.0|65.0|98.0|179.0|163.0|244.0|65.5|82.0|72.0|68.5|109.0|134.0|191.0|150.5|181.0|397.0|63.33|74.0|93.33|78.67|80.33|142.0|154.33|152.67|173.67|389.67|0|0|0|0|0|0|0|0|0|0|0|0|0|0|0|0|0|0|0|0|0|0|0|0|0|0|0|0|0|0|0|0|0|0|0|0|0|0|0|0|77.67|93.0|78.67|128.33|252.33|206.0|345.33|221.33|331.0|630.0|73.0|76.0|88.0|79.0|106.0|152.0|182.0|155.0|194.0|422.0|84.0|88.0|88.0|394.0|46.0|478.0|134.0|482.0|134.0|700.0|80.0|74.0|58.0|95.5|102.5|175.5|176.5|169.5|160.5|410.0|0|0|0|0|0|0|0|0|0|0|77.33|93.67|58.67|122.0|81.33|199.33|175.0|215.67|140.0|433.0|96.0|80.0|128.0|56.0|22.0|152.0|102.0|136.0|150.0|382.0|0|0|0|0|0|0|0|0|0|0|79.5|73.25|64.25|93.75|208.25|173.25|281.5|167.0|272.5|519.0|0|0|0|0|0|0|0|0|0|0|76.33|61.67|63.0|92.0|237.0|168.33|298.67|153.67|300.0|530.0|0
29.05|472.66|467.81|0|0|0|0|0|0|149.64|482.15|478.73|0|0|0|192.5|172.0|364.5|0|0|0|0|0|0|201.36|85.12|268.13|95.37|247.04|318.97|82.45|392.61|442.81|110.91|214.75|301.12|77.67|103.33|332.83|77.17|102.83|180.5|92.07|95.14|173.0|122.21|125.29|217.36|79.83|89.33|338.83|85.33|94.83|174.67|90.6|84.8|97.0|187.6|181.8|272.4|105.94|85.19|920.12|88.56|67.81|173.75|87.86|75.86|569.43|85.86|73.86|161.71|91.75|78.38|24.38|116.12|102.75|194.5|91.5|86.5|649.67|74.5|69.5|161.0|105.67|83.0|677.78|116.78|94.11|199.78|105.94|80.31|578.81|122.25|96.62|202.56|79.18|99.09|147.64|135.91|155.82|235.0|76.33|74.33|158.67|235.0|233.0|309.33|83.75|96.5|595.75|179.5|192.25|276.0|84.6|77.8|73.0|157.6|150.8|235.4|88.86|83.29|609.86|127.29|121.71|210.57|74.33|101.67|88.67|163.0|190.33|264.67|87.67|91.67|24.0|111.67|115.67|203.33|92.71|105.14|87.57|300.0|978.86|107.0|84.0|119.43|66.43|278.57|74.0|77.5|101.0|198.5|33.0|272.5|110.5|276.0|134.0|484.0|89.75|87.0|75.25|180.25|72.0|270.0|159.0|267.25|147.25|504.25|0|0|0|0|0|0|0|0|0|0|84.0|86.0|95.5|99.0|478.0|183.0|64.0|185.0|73.5|342.5|75.0|81.0|64.0|41.0|22.0|116.0|103.0|122.0|86.0|283.0|72.8|106.0|81.0|211.4|975.8|84.2|81.8|117.4|56.8|247.0|84.0|103.0|93.5|533.0|539.5|117.0|142.5|136.0|133.0|353.0|85.0|92.0|158.0|100.0|931.0|185.0|23.0|192.0|89.0|366.0|111.0|74.5|98.5|532.0|89.5|143.0|164.0|106.5|188.0|405.5|82.0|96.0|90.0|977.0|458.0|59.0|554.0|73.0|548.0|203.0|64.0|76.0|64.0|8.0|83.0|72.0|159.0|84.0|147.0|295.0|98.75|85.75|100.0|979.5|108.25|78.25|194.0|65.25|208.25|372.25|104.8|83.8|80.2|980.6|612.6|85.4|96.4|64.4|92.8|262.0|84.25|91.0|86.0|992.75|752.75|77.0|93.75|83.75|88.75|256.75|84.0|68.0|87.0|42.0|75.0|126.0|143.0|110.0|162.0|356.0|0|0|0|0|0|0|0|0|0|0|0
118.38|473.02|502.51|0|0|0|0|0|0|140.49|397.34|511.86|0|0|0|144.0|778.0|922.0|0|0|0|0|0|0|225.32|59.81|285.14|99.31|431.0|376.46|55.67|562.0|284.33|171.72|182.72|335.93|0|0|0|0|0|0|85.0|84.0|45.4|130.4|129.4|214.4|92.67|100.67|63.67|156.33|164.33|257.0|0|0|0|0|0|0|128.0|120.0|984.0|112.0|104.0|232.0|90.0|80.5|34.0|124.0|114.5|204.5|91.0|81.0|4.0|95.0|85.0|176.0|0|0|0|0|0|0|90.0|88.5|530.0|120.0|118.5|208.5|95.67|92.67|83.0|178.67|175.67|271.33|84.5|88.5|24.5|109.0|113.0|197.5|84.5|119.0|197.0|281.5|316.0|400.5|84.0|79.0|1.0|85.0|80.0|164.0|88.0|76.0|93.0|181.0|169.0|257.0|88.0|96.0|84.0|172.0|180.0|268.0|92.5|96.5|50.5|143.0|147.0|239.5|68.0|91.0|1.0|69.0|92.0|160.0|89.0|128.0|120.0|62.0|984.0|151.0|112.0|190.0|104.0|383.0|0|0|0|0|0|0|0|0|0|0|0|0|0|0|0|0|0|0|0|0|0|0|0|0|0|0|0|0|0|0|0|0|0|0|0|0|0|0|0|0|0|0|0|0|0|0|0|0|0|0|0|0|0|0|0|0|0|0|0|0|86.0|81.0|88.0|994.0|87.0|80.0|168.0|75.0|175.0|336.0|0|0|0|0|0|0|0|0|0|0|0|0|0|0|0|0|0|0|0|0|0|0|0|0|0|0|0|0|0|0|0|0|0|0|0|0|0|0|0|0|0|0|0|0|0|0|0|0|0|0|0|0|0|0|0|0|0|0|0|0|0|0|0|0|0|0|0|0|0|0|85.33|66.67|83.33|33.67|87.33|119.0|154.0|100.33|170.67|356.33|0|0|0|0|0|0|0|0|0|0|0
158.74|398.98|406.21|0|0|0|0|0|0|136.5|280.25|416.75|0|0|0|544.75|237.0|531.75|0|0|0|0|0|0|278.73|263.73|409.13|108.36|322.55|382.72|82.47|453.72|460.72|94.6|260.51|336.76|93.8|93.8|414.4|108.2|108.2|202.0|81.0|109.5|70.5|151.5|180.0|261.0|88.86|102.71|49.0|137.86|151.71|240.57|112.25|88.25|299.75|162.0|138.0|250.25|124.5|88.62|962.62|87.12|51.25|175.75|90.67|84.33|332.0|89.33|83.0|173.67|88.33|93.67|74.67|163.0|168.33|256.67|111.88|81.25|400.12|137.0|106.38|218.25|127.25|88.25|965.0|92.25|53.25|180.5|202.62|90.5|690.25|142.88|155.75|233.38|86.2|98.2|399.6|85.8|97.8|184.0|103.33|89.33|115.33|218.67|204.67|308.0|80.5|66.5|33.5|114.0|100.0|180.5|84.0|80.0|70.0|154.0|150.0|234.0|101.22|109.89|562.56|108.22|116.89|218.11|75.4|79.4|194.8|270.2|274.2|349.6|96.0|80.0|49.0|145.0|129.0|225.0|81.0|109.5|78.5|70.5|972.0|151.5|81.5|180.0|50.5|311.5|96.0|108.0|157.0|8.0|3.0|104.0|111.0|116.0|160.0|372.0|0|0|0|0|0|0|0|0|0|0|0|0|0|0|0|0|0|0|0|0|0|0|0|0|0|0|0|0|0|0|0|0|0|0|0|0|0|0|0|0|100.0|161.0|92.0|929.0|960.0|29.0|121.0|90.0|52.0|242.0|111.0|129.0|88.0|980.0|952.0|91.0|81.0|109.0|40.0|260.0|86.5|82.5|110.0|107.0|495.5|193.5|78.0|189.5|105.5|381.5|136.0|106.5|121.5|958.0|90.0|94.0|196.5|64.5|211.5|412.0|0|0|0|0|0|0|0|0|0|0|105.0|96.0|65.0|81.0|87.0|186.0|183.0|177.0|152.0|434.0|117.5|72.5|101.0|972.5|61.0|90.0|133.5|45.0|162.0|324.5|0|0|0|0|0|0|0|0|0|0|113.0|80.5|96.5|87.5|522.5|200.5|103.0|168.0|119.0|400.0|0|0|0|0|0|0|0|0|0|0|84.0|80.0|68.0|70.0|116.0|154.0|196.0|150.0|184.0|418.0|0
80.09|497.88|488.8|7.0|197.0|204.0|0|0|0|0|0|0|0|0|0|370.87|251.62|464.59|0|0|0|0|0|0|204.73|213.27|372.55|76.2|450.08|458.61|65.33|446.45|451.18|167.95|377.82|415.05|79.5|75.67|234.83|314.33|310.5|390.0|74.27|68.07|150.4|224.67|218.47|292.73|68.88|92.88|317.75|386.62|410.62|479.5|71.56|72.67|67.89|139.44|140.56|212.11|77.93|73.86|222.5|300.43|296.36|374.29|78.0|76.33|373.67|451.67|450.0|528.0|70.0|77.14|134.43|204.43|211.57|281.57|80.75|75.25|154.88|235.62|230.12|310.88|87.33|79.67|112.17|199.5|191.83|279.17|117.0|63.65|145.59|144.94|209.24|208.59|80.38|76.88|235.88|316.25|312.75|393.12|58.67|75.67|212.0|270.67|287.67|346.33|91.2|69.0|260.0|151.2|129.0|220.2|85.83|74.0|50.67|136.5|124.67|210.5|80.2|79.4|231.2|311.4|310.6|390.8|66.0|63.25|380.75|446.75|444.0|510.0|64.0|84.0|96.5|160.5|180.5|244.5|80.6|73.2|78.0|172.6|273.4|253.2|346.6|245.8|351.4|477.8|60.67|82.0|78.0|142.33|189.0|203.0|271.0|224.33|267.0|552.0|72.25|90.5|73.25|373.0|37.5|445.25|128.0|463.5|110.75|396.5|0|0|0|0|0|0|0|0|0|0|81.0|68.0|72.0|138.0|124.0|219.0|192.0|206.0|196.0|483.0|73.0|69.0|56.0|144.0|181.0|217.0|250.0|213.0|237.0|523.0|76.75|75.0|72.0|267.5|142.25|344.25|217.25|342.5|214.25|633.5|89.0|80.0|92.0|147.0|49.0|236.0|129.0|227.0|141.0|457.0|0|0|0|0|0|0|0|0|0|0|74.0|69.0|89.0|68.0|155.0|142.0|224.0|137.0|244.0|455.0|73.0|79.0|67.0|109.0|156.5|182.0|235.5|188.0|223.5|484.5|56.0|124.0|81.5|480.5|902.0|536.5|526.0|604.5|483.5|144.0|72.67|70.33|76.0|378.0|321.33|450.67|391.67|448.33|397.33|585.0|75.75|79.5|83.25|136.0|192.25|211.75|271.75|215.5|275.5|566.75|114.8|75.8|61.8|229.8|197.8|144.6|273.6|105.6|259.6|480.0|76.5|55.0|73.0|151.5|117.0|228.0|172.0|206.5|190.0|473.0|0|0|0|0|0|0|0|0|0|0|0
46.8|470.4|478.24|0|0|0|0|0|0|0|0|0|0|0|0|374.45|334.13|550.68|0|0|0|0|0|0|146.0|86.67|232.67|73.75|427.0|500.75|0.0|0.0|0.0|150.72|326.0|433.24|0|0|0|0|0|0|84.0|88.0|67.0|151.0|155.0|239.0|0|0|0|0|0|0|0|0|0|0|0|0|0|0|0|0|0|0|88.0|61.0|431.0|519.0|492.0|580.0|97.0|65.0|187.0|284.0|252.0|349.0|0|0|0|0|0|0|0|0|0|0|0|0|0|0|0|0|0|0|72.0|72.0|207.0|279.0|279.0|351.0|84.0|81.0|169.0|253.0|250.0|334.0|0|0|0|0|0|0|0|0|0|0|0|0|92.0|44.0|123.0|215.0|167.0|259.0|61.0|63.5|471.0|532.0|534.5|595.5|61.0|57.0|409.0|470.0|466.0|527.0|0|0|0|0|0|0|0|0|0|0|0|0|0|0|0|0|0|0|0|0|0|0|0|0|0|0|0|0|0|0|0|0|0|0|0|0|0|0|0|0|0|0|0|0|0|0|0|0|0|0|0|0|0|0|0|0|0|0|0|0|0|0|0|0|0|0|0|0|0|0|0|0|0|0|0|0|0|0|0|0|0|0|0|0|0|0|0|0|0|0|0|0|0|0|0|0|0|0|0|0|0|0|0|0|0|0|0|0|0|0|0|0|0|0|0|0|0|0|0|0|0|0|0|0|0|0|0|0|0|0|0|0|0|0|0|0|0|0|0|0|0|0|0|0|0|0|0|0|0|0|0|0|0|0|0|0|0|0|0|0|0|0|0|0|0|0|0|0|0|0|0
48.41|477.83|476.66|0|0|0|0|0|0|162.75|190.0|227.75|0|0|0|397.9|272.04|415.04|0|0|0|0|0|0|291.43|210.24|406.43|88.57|427.67|463.05|68.04|515.04|499.75|161.11|319.11|360.22|74.0|70.8|196.4|270.4|267.2|341.2|99.67|96.33|76.33|176.0|172.67|272.33|77.5|79.83|150.5|228.0|230.33|307.83|78.0|84.5|49.0|127.0|133.5|211.5|85.67|71.17|173.0|258.67|244.17|329.83|76.67|71.33|361.0|437.67|432.33|509.0|57.0|80.5|304.0|361.0|384.5|441.5|78.86|72.71|130.43|209.29|203.14|282.0|78.0|59.67|367.0|445.0|426.67|504.67|76.78|70.11|113.11|189.89|183.22|260.0|84.4|86.6|203.6|288.0|290.2|374.6|69.0|77.0|629.0|698.0|706.0|775.0|0|0|0|0|0|0|76.67|65.33|91.0|167.67|156.33|233.0|88.0|73.29|132.14|220.14|205.43|293.43|69.29|74.29|377.57|446.86|451.86|521.14|74.0|72.0|74.0|148.0|146.0|220.0|95.0|92.0|75.0|105.0|128.5|200.0|220.5|197.0|203.5|495.5|77.0|93.0|49.0|773.0|134.0|850.0|227.0|866.0|183.0|126.0|0|0|0|0|0|0|0|0|0|0|0|0|0|0|0|0|0|0|0|0|0|0|0|0|0|0|0|0|0|0|0|0|0|0|0|0|0|0|0|0|80.5|83.0|76.5|163.0|172.5|243.5|255.5|246.0|249.0|575.5|84.0|100.5|82.5|682.0|148.5|266.0|249.0|282.5|231.0|597.5|76.5|64.5|68.0|148.5|163.5|225.0|228.0|213.0|231.5|521.0|65.0|31.0|89.0|142.0|315.0|207.0|346.0|173.0|404.0|642.0|0|0|0|0|0|0|0|0|0|0|0|0|0|0|0|0|0|0|0|0|88.0|72.0|100.0|129.0|325.0|217.0|397.0|201.0|425.0|714.0|0|0|0|0|0|0|0|0|0|0|99.5|94.0|79.5|319.0|102.75|168.5|196.75|163.0|182.25|444.75|0|0|0|0|0|0|0|0|0|0|76.67|65.33|69.33|91.0|406.67|167.67|472.0|156.33|476.0|709.0|0
71.4|359.63|383.41|6.0|827.0|833.0|0|0|0|0|0|0|0|0|0|315.79|100.29|416.08|0|0|0|0|0|0|118.5|254.5|373.0|83.93|245.74|329.67|46.6|460.4|507.0|52.53|121.56|174.09|92.25|63.0|52.75|145.0|115.75|208.0|52.0|60.0|4.0|56.0|64.0|116.0|75.67|92.5|196.5|105.5|122.33|198.0|64.0|108.0|126.0|190.0|234.0|298.0|342.5|88.0|296.5|139.0|384.5|227.0|59.5|102.25|29.5|89.0|131.75|191.25|64.0|85.0|28.0|92.0|113.0|177.0|88.33|75.67|115.33|203.67|191.0|279.33|106.0|108.0|492.0|98.0|100.0|206.0|93.0|72.0|988.0|81.0|60.0|153.0|98.67|68.5|46.5|145.17|115.0|213.67|0|0|0|0|0|0|92.5|83.5|22.0|114.5|105.5|198.0|68.0|100.0|102.0|170.0|202.0|270.0|71.0|70.67|66.67|137.67|137.33|208.33|0|0|0|0|0|0|71.0|72.0|60.0|131.0|132.0|203.0|0|0|0|0|0|0|0|0|0|0|0|0|0|0|0|0|0|0|0|0|0|0|0|0|0|0|0|0|0|0|0|0|0|0|0|0|0|0|0|0|0|0|0|0|0|0|0|0|0|0|90.0|71.5|96.0|62.0|19.0|152.0|90.5|133.5|115.0|338.5|0|0|0|0|0|0|0|0|0|0|0|0|0|0|0|0|0|0|0|0|0|0|0|0|0|0|0|0|0|0|106.0|108.0|64.5|492.0|690.0|98.0|298.0|100.0|254.5|460.5|0|0|0|0|0|0|0|0|0|0|71.0|120.0|120.0|965.0|980.0|36.0|100.0|85.0|100.0|256.0|0|0|0|0|0|0|0|0|0|0|0|0|0|0|0|0|0|0|0|0|0|0|0|0|0|0|0|0|0|0|0|0|0|0|0|0|0|0|0|0|0|0|0|0|0|0|0|0|0|0|1
98.15|514.04|498.98|0|0|0|0|0|0|0|0|0|0|0|0|306.67|234.78|374.78|0|0|0|0|0|0|161.15|325.65|336.8|83.59|196.74|243.3|44.5|268.25|312.75|56.98|169.23|226.21|88.0|94.0|38.0|126.0|132.0|220.0|69.5|82.0|31.0|100.5|113.0|182.5|82.0|61.0|255.0|337.0|316.0|398.0|72.0|82.0|183.0|255.0|265.0|337.0|0|0|0|0|0|0|0|0|0|0|0|0|69.0|81.0|33.0|102.0|114.0|183.0|0|0|0|0|0|0|0|0|0|0|0|0|0|0|0|0|0|0|0|0|0|0|0|0|76.0|109.0|133.0|209.0|242.0|318.0|0|0|0|0|0|0|64.0|62.0|91.0|155.0|153.0|217.0|64.0|68.5|59.5|123.5|128.0|192.0|62.0|100.0|121.0|183.0|221.0|283.0|67.0|84.33|21.67|88.67|106.0|173.0|0|0|0|0|0|0|0|0|0|0|0|0|0|0|0|0|0|0|0|0|0|0|0|0|0|0|0|0|0|0|0|0|0|0|0|0|0|0|0|0|0|0|0|0|0|0|0|0|0|0|0|0|0|0|0|0|0|0|0|0|0|0|0|0|0|0|0|0|0|0|0|0|0|0|0|0|0|0|0|0|67.0|88.0|94.0|59.0|38.0|126.0|126.0|147.0|132.0|346.0|0|0|0|0|0|0|0|0|0|0|0|0|0|0|0|0|0|0|0|0|0|0|0|0|0|0|0|0|0|0|0|0|0|0|0|0|0|0|0|0|0|0|0|0|0|0|0|0|0|0|0|0|0|0|0|0|0|0|0|0|70.0|44.0|57.0|34.0|79.0|104.0|123.0|78.0|136.0|284.0|64.0|62.0|100.0|91.0|121.0|155.0|183.0|153.0|221.0|438.0|1
120.28|490.19|451.39|0|0|0|0|0|0|0|0|0|0|0|0|337.9|229.71|448.57|0|0|0|0|0|0|179.67|191.17|287.5|82.13|299.27|381.4|62.91|352.18|415.09|57.01|194.97|251.99|80.0|80.0|344.0|90.67|90.67|170.67|83.5|96.5|61.0|144.5|157.5|241.0|85.5|95.5|142.5|228.0|238.0|323.5|52.0|55.0|72.0|124.0|127.0|179.0|137.0|104.0|975.0|112.0|79.0|216.0|92.0|111.5|990.0|82.0|101.5|193.5|77.0|81.67|83.67|160.67|165.33|242.33|63.25|77.25|265.5|78.75|92.75|156.0|110.0|73.0|488.0|98.0|61.0|171.0|88.78|72.78|977.56|66.33|50.33|139.11|0|0|0|0|0|0|76.25|86.0|106.5|182.75|192.5|268.75|76.0|71.0|997.0|73.0|68.0|144.0|47.67|57.0|140.0|187.67|197.0|244.67|63.0|83.33|35.33|98.33|118.67|181.67|62.5|84.0|92.5|155.0|176.5|239.0|0|0|0|0|0|0|95.0|137.0|104.0|95.0|975.0|190.0|112.0|232.0|79.0|406.0|81.0|72.0|76.0|49.0|996.0|130.0|68.0|121.0|72.0|274.0|55.0|32.0|52.0|82.0|50.0|137.0|82.0|114.0|102.0|271.0|0|0|0|0|0|0|0|0|0|0|0|0|0|0|0|0|0|0|0|0|0|0|0|0|0|0|0|0|0|0|0|0|0|0|0|0|0|0|0|0|73.2|86.8|70.2|403.6|978.8|76.8|65.6|90.4|49.0|212.6|0|0|0|0|0|0|0|0|0|0|0|0|0|0|0|0|0|0|0|0|130.67|90.0|78.67|971.67|132.0|102.33|222.0|61.67|210.67|403.0|78.0|101.67|109.67|188.67|957.33|266.67|59.0|290.33|67.0|435.33|137.0|104.0|97.0|975.0|907.0|112.0|11.0|79.0|4.0|220.0|0|0|0|0|0|0|0|0|0|0|0|0|0|0|0|0|0|0|0|0|0|0|0|0|0|0|0|0|0|0|0|0|0|0|0|0|0|0|0|0|1
6.72|385.59|392.31|6.0|699.0|705.0|0|0|0|154.41|432.52|512.85|0|0|0|358.47|123.35|481.82|0|0|0|0|0|0|242.25|79.42|280.0|99.2|155.0|254.2|55.25|289.0|344.25|70.1|213.5|283.6|107.0|60.0|39.0|146.0|99.0|206.0|0|0|0|0|0|0|70.5|151.5|163.5|234.0|315.0|385.5|78.0|70.0|106.0|184.0|176.0|254.0|77.0|81.0|123.0|200.0|204.0|281.0|0|0|0|0|0|0|69.0|119.0|66.0|135.0|185.0|254.0|0|0|0|0|0|0|85.0|65.0|92.0|177.0|157.0|242.0|83.0|69.0|85.0|168.0|154.0|237.0|129.0|85.0|534.67|330.33|286.33|415.33|70.0|107.0|57.0|127.0|164.0|234.0|0|0|0|0|0|0|0|0|0|0|0|0|0|0|0|0|0|0|0|0|0|0|0|0|83.0|82.0|94.0|177.0|176.0|259.0|0|0|0|0|0|0|0|0|0|0|70.0|107.0|60.0|57.0|39.0|127.0|146.0|164.0|99.0|333.0|0|0|0|0|0|0|0|0|0|0|0|0|0|0|0|0|0|0|0|0|0|0|0|0|0|0|0|0|0|0|0|0|0|0|0|0|0|0|0|0|135.0|77.0|81.0|976.0|123.0|111.0|200.0|53.0|204.0|392.0|0|0|0|0|0|0|0|0|0|0|0|0|0|0|0|0|0|0|0|0|85.0|65.0|57.0|92.0|93.0|177.0|158.0|157.0|150.0|392.0|0|0|0|0|0|0|0|0|0|0|72.0|170.0|135.0|74.0|974.0|146.0|144.0|244.0|109.0|425.0|0|0|0|0|0|0|0|0|0|0|77.0|81.0|80.0|123.0|108.0|200.0|189.0|204.0|188.0|469.0|0|0|0|0|0|0|0|0|0|0|0|0|0|0|0|0|0|0|0|0|0|0|0|0|0|0|0|0|0|0|1
27.02|443.22|449.84|0|0|0|0|0|0|0|0|0|0|0|0|384.17|234.92|535.75|0|0|0|0|0|0|348.4|133.6|382.0|96.89|346.89|443.78|54.5|197.5|252.0|62.5|108.5|171.0|107.0|81.0|12.0|119.0|93.0|200.0|109.33|90.67|77.33|186.67|168.0|277.33|60.5|223.5|401.5|462.0|625.0|185.5|63.0|48.0|122.0|185.0|170.0|233.0|92.0|102.0|127.0|219.0|229.0|321.0|92.0|100.0|73.0|165.0|173.0|265.0|60.0|115.0|92.0|152.0|207.0|267.0|0|0|0|0|0|0|0|0|0|0|0|0|0|0|0|0|0|0|0|0|0|0|0|0|0|0|0|0|0|0|0|0|0|0|0|0|85.0|65.0|89.0|174.0|154.0|239.0|107.5|90.0|38.5|146.0|128.5|236.0|65.0|89.0|282.0|347.0|371.0|436.0|88.33|111.0|363.0|118.0|140.67|229.0|106.0|92.0|102.0|76.0|127.0|182.0|219.0|168.0|229.0|503.0|0|0|0|0|0|0|0|0|0|0|0|0|0|0|0|0|0|0|0|0|0|0|0|0|0|0|0|0|0|0|0|0|0|0|0|0|0|0|0|0|0|0|0|0|0|0|0|0|0|0|0|0|0|0|0|0|0|0|0|0|0|0|0|0|0|0|0|0|0|0|85.0|107.0|81.0|45.0|12.0|130.0|119.0|152.0|93.0|330.0|0|0|0|0|0|0|0|0|0|0|0|0|0|0|0|0|0|0|0|0|0|0|0|0|0|0|0|0|0|0|96.0|136.0|108.0|144.0|67.0|240.0|203.0|280.0|175.0|551.0|88.0|68.0|100.0|110.0|43.0|198.0|111.0|178.0|143.0|409.0|0|0|0|0|0|0|0|0|0|0|116.0|88.0|75.0|80.0|85.0|196.0|173.0|168.0|160.0|444.0|85.0|65.0|89.0|89.0|282.0|174.0|347.0|154.0|371.0|610.0|1
66.85|503.83|473.12|0|0|0|0|0|0|157.43|468.21|506.6|0.5|251.0|251.5|377.05|285.68|504.84|0|0|0|0|0|0|238.36|70.93|309.3|89.5|265.69|323.94|35.5|102.0|137.5|247.94|281.94|378.36|341.0|238.0|161.67|169.33|66.33|407.33|445.5|294.5|199.5|145.0|494.0|439.5|0|0|0|0|0|0|128.5|277.75|529.5|158.0|307.25|435.75|327.67|387.33|524.33|185.33|245.0|572.67|0|0|0|0|0|0|621.67|504.33|529.67|151.33|34.0|655.67|0.0|521.5|535.5|535.5|557.0|557.0|70.0|68.0|113.0|183.0|181.0|251.0|527.0|572.67|308.17|168.5|714.17|574.5|262.0|428.5|924.5|186.5|353.0|615.0|301.0|503.5|371.5|172.5|375.0|176.0|882.0|876.0|209.0|91.0|85.0|967.0|0.0|259.5|156.0|156.0|415.5|415.5|516.5|591.0|650.0|166.5|241.0|757.5|878.0|595.0|332.0|210.0|927.0|805.0|0|0|0|0|0|0|783.0|258.0|326.5|370.0|418.5|153.0|176.5|628.0|245.0|656.0|68.0|104.0|68.0|93.0|23.0|161.0|127.0|197.0|91.0|356.0|516.0|0.0|201.0|655.0|144.0|171.0|144.0|655.0|345.0|516.0|0|0|0|0|0|0|0|0|0|0|0|0|0|0|0|0|0|0|0|0|0|0|0|0|0|0|0|0|0|0|299.0|467.0|509.0|886.0|736.0|185.0|203.0|353.0|245.0|897.0|323.75|371.25|607.0|349.0|301.75|172.75|173.0|220.25|658.75|452.75|0|0|0|0|0|0|0|0|0|0|0|0|0|0|0|0|0|0|0|0|372.0|0.0|179.5|372.0|215.5|244.0|215.5|372.0|395.0|639.0|0|0|0|0|0|0|0|0|0|0|258.0|326.5|751.5|418.5|318.5|176.5|145.0|245.0|570.0|573.0|467.0|509.0|222.0|736.0|905.0|203.0|414.0|245.0|127.0|839.0|0|0|0|0|0|0|0|0|0|0|103.0|59.0|69.0|33.0|102.0|136.0|161.0|92.0|171.0|366.0|0|0|0|0|0|0|0|0|0|0|1
127.35|397.26|465.79|0|0|0|0|0|0|171.48|447.21|515.24|0|0|0|570.5|709.25|529.75|0|0|0|0|0|0|577.33|366.56|425.37|121.48|283.98|405.45|72.6|424.8|497.4|167.86|171.64|339.5|120.0|136.0|4.0|124.0|140.0|260.0|129.0|96.0|141.0|270.0|237.0|366.0|130.5|132.83|117.67|248.17|250.5|381.0|128.0|128.0|88.0|216.0|216.0|344.0|128.0|147.0|571.0|449.0|468.0|346.0|124.25|114.5|183.0|307.25|297.5|421.75|0|0|0|0|0|0|130.67|101.33|121.33|252.0|222.67|353.33|136.0|184.0|980.0|116.0|164.0|300.0|123.5|124.5|505.75|129.25|130.25|253.75|136.25|112.75|232.5|368.75|345.25|231.5|0|0|0|0|0|0|117.0|117.0|45.0|162.0|162.0|279.0|93.0|137.0|138.0|231.0|275.0|368.0|100.0|95.0|121.0|221.0|216.0|316.0|0|0|0|0|0|0|96.0|90.0|87.5|183.5|177.5|273.5|0|0|0|0|0|0|0|0|0|0|0|0|0|0|0|0|0|0|0|0|0|0|0|0|0|0|0|0|0|0|0|0|0|0|0|0|0|0|0|0|0|0|0|0|0|0|0|0|0|0|120.0|136.0|113.0|4.0|12.0|124.0|148.0|140.0|125.0|385.0|0|0|0|0|0|0|0|0|0|0|0|0|0|0|0|0|0|0|0|0|0|0|0|0|0|0|0|0|0|0|136.0|184.0|113.0|980.0|968.0|116.0|152.0|164.0|81.0|381.0|0|0|0|0|0|0|0|0|0|0|104.0|116.0|99.0|192.0|104.0|296.0|220.0|308.0|203.0|615.0|0|0|0|0|0|0|0|0|0|0|0|0|0|0|0|0|0|0|0|0|0|0|0|0|0|0|0|0|0|0|0|0|0|0|0|0|0|0|0|0|0|0|0|0|0|0|0|0|0|0|1
105.65|417.91|486.52|0|0|0|0|0|0|166.15|430.54|365.92|0|0|0|705.0|480.22|629.67|0|0|0|0|0|0|297.91|234.73|441.73|116.79|385.0|396.53|35.5|152.0|187.5|147.13|318.47|465.6|148.0|152.0|996.0|144.0|148.0|296.0|104.5|120.0|50.0|154.5|170.0|274.5|100.0|144.0|246.0|346.0|390.0|490.0|117.0|92.0|102.0|219.0|194.0|311.0|148.0|113.0|948.0|96.0|61.0|209.0|0|0|0|0|0|0|100.0|124.0|41.0|141.0|165.0|265.0|0|0|0|0|0|0|0|0|0|0|0|0|0|0|0|0|0|0|0|0|0|0|0|0|0|0|0|0|0|0|0|0|0|0|0|0|104.0|120.0|153.0|257.0|273.0|377.0|110.0|110.0|36.0|146.0|146.0|256.0|120.0|143.0|365.0|485.0|508.0|628.0|115.0|106.0|502.0|117.0|108.0|223.0|121.0|148.0|113.0|24.0|948.0|145.0|96.0|172.0|61.0|354.0|0|0|0|0|0|0|0|0|0|0|0|0|0|0|0|0|0|0|0|0|0|0|0|0|0|0|0|0|0|0|0|0|0|0|0|0|0|0|0|0|0|0|0|0|0|0|0|0|0|0|0|0|0|0|0|0|0|0|0|0|0|0|0|0|0|0|0|0|0|0|121.0|148.0|152.0|359.0|996.0|480.0|144.0|507.0|148.0|776.0|0|0|0|0|0|0|0|0|0|0|0|0|0|0|0|0|0|0|0|0|0|0|0|0|0|0|0|0|0|0|148.0|113.0|144.0|948.0|131.0|96.0|244.0|61.0|275.0|484.0|0|0|0|0|0|0|0|0|0|0|0|0|0|0|0|0|0|0|0|0|88.0|92.0|100.0|76.0|64.0|164.0|156.0|168.0|164.0|420.0|104.0|120.0|143.0|153.0|365.0|257.0|485.0|273.0|508.0|885.0|1
126.89|402.9|446.46|0|0|0|0|0|0|173.85|360.7|473.94|0|0|0|635.2|262.2|497.4|753.5|725.0|478.5|0|0|0|360.32|219.38|462.06|121.22|346.62|417.85|49.0|221.0|270.0|105.53|225.27|330.8|142.67|70.67|354.0|163.33|91.33|234.0|0|0|0|0|0|0|137.0|147.6|293.6|430.6|441.2|578.2|108.5|102.5|55.5|164.0|158.0|266.5|0|0|0|0|0|0|0|0|0|0|0|0|0|0|0|0|0|0|126.5|124.5|90.0|216.5|214.5|341.0|106.0|138.5|955.5|61.5|94.0|200.0|112.12|144.88|860.12|97.25|130.0|242.12|0|0|0|0|0|0|113.5|139.25|299.25|412.75|438.5|552.0|0|0|0|0|0|0|152.5|74.5|69.5|222.0|144.0|296.5|147.33|146.33|106.33|253.67|252.67|400.0|78.5|148.5|424.0|502.5|572.5|651.0|0|0|0|0|0|0|0|0|0|0|0|0|0|0|0|0|102.5|144.0|64.0|358.5|521.0|461.0|165.0|502.5|85.0|690.0|0|0|0|0|0|0|0|0|0|0|0|0|0|0|0|0|0|0|0|0|0|0|0|0|0|0|0|0|0|0|0|0|0|0|0|0|0|0|0|0|0|0|0|0|0|0|0|0|0|0|106.67|88.0|155.33|49.0|974.33|155.67|62.33|137.0|129.67|373.33|0|0|0|0|0|0|0|0|0|0|0|0|0|0|0|0|0|0|0|0|170.0|135.0|108.5|947.5|161.0|117.5|296.0|82.5|269.5|522.0|128.33|164.0|123.0|284.33|950.67|412.67|114.67|448.33|73.67|650.33|0|0|0|0|0|0|0|0|0|0|0|0|0|0|0|0|0|0|0|0|0|0|0|0|0|0|0|0|0|0|0|0|0|0|0|0|0|0|0|0|0|0|0|0|0|0|0|0|0|0|1
11.28|417.92|429.2|0|0|0|0|0|0|121.21|457.61|471.68|0|0|0|406.54|161.65|452.81|0|0|0|0|0|0|157.47|56.8|214.27|64.15|482.54|546.69|66.5|231.8|298.3|64.31|305.66|369.97|72.5|60.5|259.5|332.0|320.0|392.5|72.0|68.0|73.0|145.0|141.0|213.0|50.67|78.67|58.33|109.0|137.0|187.67|65.0|53.0|90.0|155.0|143.0|208.0|485.0|805.0|643.0|128.0|448.0|933.0|66.0|68.0|34.0|100.0|102.0|168.0|0|0|0|0|0|0|74.5|67.0|254.5|329.0|321.5|396.0|65.0|72.0|499.0|564.0|571.0|636.0|62.0|58.0|92.0|154.0|150.0|212.0|219.0|61.33|357.67|243.33|419.0|304.67|0|0|0|0|0|0|60.0|52.0|131.5|191.5|183.5|243.5|70.0|64.0|83.0|153.0|147.0|217.0|80.0|72.0|85.0|165.0|157.0|237.0|0|0|0|0|0|0|74.5|60.0|147.0|221.5|207.0|281.5|0|0|0|0|0|0|0|0|0|0|0|0|0|0|0|0|0|0|0|0|0|0|0|0|0|0|0|0|0|0|0|0|0|0|0|0|0|0|0|0|0|0|0|0|0|0|0|0|0|0|64.0|60.0|68.0|461.0|29.0|525.0|89.0|521.0|97.0|682.0|0|0|0|0|0|0|0|0|0|0|0|0|0|0|0|0|0|0|0|0|0|0|0|0|0|0|0|0|0|0|65.0|72.0|60.0|499.0|69.0|564.0|141.0|571.0|129.0|765.0|0|0|0|0|0|0|0|0|0|0|52.0|92.0|72.0|40.0|75.0|92.0|167.0|132.0|147.0|331.0|0|0|0|0|0|0|0|0|0|0|0|0|0|0|0|0|0|0|0|0|0|0|0|0|0|0|0|0|0|0|0|0|0|0|0|0|0|0|0|0|0|0|0|0|0|0|0|0|0|0|1
117.65|483.99|434.97|0|0|0|0|0|0|0|0|0|0|0|0|340.11|404.22|411.0|0|0|0|0|0|0|232.6|125.0|357.6|70.88|517.0|525.38|0.0|0.0|0.0|68.47|370.47|438.94|65.0|60.0|61.0|126.0|121.0|186.0|69.0|67.0|87.0|156.0|154.0|223.0|54.0|70.5|93.5|147.5|164.0|218.0|65.0|60.0|102.0|167.0|162.0|227.0|78.0|67.0|78.0|156.0|145.0|223.0|0|0|0|0|0|0|59.0|81.0|38.0|97.0|119.0|178.0|0|0|0|0|0|0|0|0|0|0|0|0|0|0|0|0|0|0|0|0|0|0|0|0|0|0|0|0|0|0|0|0|0|0|0|0|91.0|64.0|106.0|197.0|170.0|261.0|66.0|68.5|95.0|161.0|163.5|229.5|64.0|68.0|270.0|334.0|338.0|402.0|66.0|64.33|88.33|154.33|152.67|218.67|73.0|78.0|67.0|77.0|78.0|150.0|156.0|155.0|145.0|373.0|0|0|0|0|0|0|0|0|0|0|0|0|0|0|0|0|0|0|0|0|0|0|0|0|0|0|0|0|0|0|0|0|0|0|0|0|0|0|0|0|0|0|0|0|0|0|0|0|0|0|0|0|0|0|0|0|0|0|0|0|0|0|0|0|0|0|0|0|0|0|55.0|65.0|60.0|68.0|61.0|123.0|126.0|133.0|121.0|309.0|0|0|0|0|0|0|0|0|0|0|0|0|0|0|0|0|0|0|0|0|0|0|0|0|0|0|0|0|0|0|78.0|67.0|92.0|78.0|45.0|156.0|112.0|145.0|137.0|360.0|0|0|0|0|0|0|0|0|0|0|0|0|0|0|0|0|0|0|0|0|65.0|56.0|56.0|97.0|76.0|162.0|132.0|153.0|132.0|350.0|91.0|64.0|68.0|106.0|270.0|197.0|334.0|170.0|338.0|599.0|1
164.87|400.03|435.87|0|0|0|0|0|0|0|0|0|0|0|0|443.8|341.87|685.67|0|0|0|0|0|0|170.67|54.17|224.83|77.13|403.33|480.47|51.0|367.5|418.5|117.71|232.59|335.81|161.33|294.0|948.67|110.0|242.67|404.0|61.0|77.0|91.0|152.0|168.0|229.0|0|0|0|0|0|0|69.25|65.25|99.25|168.5|164.5|233.75|89.0|97.0|85.5|174.5|182.5|271.5|56.0|76.0|77.0|133.0|153.0|209.0|180.75|70.25|134.5|315.25|204.75|385.5|74.33|72.0|131.33|205.67|203.33|277.67|72.0|72.0|37.0|109.0|109.0|181.0|67.33|65.67|258.83|326.17|324.5|391.83|74.5|86.0|472.0|546.5|558.0|132.5|61.75|77.25|208.0|269.75|285.25|347.0|69.0|49.0|148.0|217.0|197.0|266.0|70.0|75.0|92.5|162.5|167.5|237.5|74.0|76.0|160.0|234.0|236.0|310.0|64.5|64.0|184.0|248.5|248.0|312.5|0|0|0|0|0|0|45.0|85.0|69.0|90.0|112.0|135.0|197.0|175.0|181.0|401.0|64.0|72.5|94.0|327.0|965.5|391.0|38.0|399.5|59.5|523.0|69.0|65.0|73.0|79.0|81.0|148.0|146.0|144.0|154.0|367.0|0|0|0|0|0|0|0|0|0|0|84.0|79.0|76.0|114.0|300.0|198.0|379.0|193.0|376.0|653.0|0|0|0|0|0|0|0|0|0|0|69.0|93.0|125.0|66.0|59.0|135.0|152.0|159.0|184.0|412.0|121.0|71.0|62.67|109.67|338.33|230.67|409.33|180.67|401.0|702.67|0|0|0|0|0|0|0|0|0|0|0|0|0|0|0|0|0|0|0|0|68.0|72.0|62.5|71.5|147.5|139.5|219.5|143.5|210.0|421.5|0|0|0|0|0|0|0|0|0|0|85.0|69.0|89.0|112.0|42.0|197.0|111.0|181.0|131.0|397.0|93.0|125.0|56.0|59.0|557.0|152.0|682.0|184.0|613.0|890.0|0|0|0|0|0|0|0|0|0|0|0|0|0|0|0|0|0|0|0|0|0|0|0|0|0|0|0|0|0|0|1
157.96|365.86|445.39|0|0|0|0|0|0|111.13|186.07|297.2|0|0|0|132.0|24.0|156.0|0|0|0|0|0|0|330.71|158.14|346.0|92.84|347.42|440.26|73.43|642.93|502.07|174.66|187.28|361.93|84.0|83.5|230.5|314.5|314.0|398.0|84.0|97.0|3.0|87.0|100.0|184.0|81.33|92.17|59.83|141.17|152.0|233.33|80.0|72.0|104.0|184.0|176.0|256.0|125.0|98.5|729.75|104.75|78.25|203.25|80.75|73.25|19.5|100.25|92.75|173.5|67.0|76.0|989.0|56.0|65.0|132.0|76.33|80.0|371.0|114.0|117.67|194.0|111.0|109.0|964.0|75.0|73.0|184.0|108.8|75.8|607.0|115.8|82.8|191.6|182.0|77.75|194.25|126.25|272.0|204.0|0|0|0|0|0|0|97.0|88.0|993.0|90.0|81.0|178.0|84.0|81.0|59.0|143.0|140.0|224.0|76.0|87.0|5.0|81.0|92.0|168.0|0|0|0|0|0|0|81.0|80.33|25.0|106.0|105.33|186.33|0|0|0|0|0|0|0|0|0|0|0|0|0|0|0|0|0|0|0|0|0|0|0|0|0|0|0|0|0|0|0|0|0|0|0|0|0|0|0|0|0|0|0|0|0|0|0|0|0|0|72.0|89.0|80.0|431.0|54.0|503.0|143.0|520.0|134.0|726.0|0|0|0|0|0|0|0|0|0|0|0|0|0|0|0|0|0|0|0|0|0|0|0|0|0|0|0|0|0|0|111.0|109.0|76.0|964.0|114.0|75.0|223.0|73.0|190.0|374.0|0|0|0|0|0|0|0|0|0|0|80.0|84.0|63.0|63.0|95.0|143.0|179.0|147.0|158.0|385.0|0|0|0|0|0|0|0|0|0|0|0|0|0|0|0|0|0|0|0|0|0|0|0|0|0|0|0|0|0|0|0|0|0|0|0|0|0|0|0|0|0|0|0|0|0|0|0|0|0|0|1
98.94|448.25|488.37|0|0|0|0|0|0|165.5|509.75|425.25|0|0|0|184.0|281.0|465.0|0|0|0|0|0|0|304.5|137.71|299.36|101.74|235.74|337.47|61.25|393.25|454.5|175.19|191.19|366.38|66.0|118.0|70.0|136.0|188.0|254.0|84.5|94.5|54.0|138.5|148.5|233.0|98.33|94.33|111.0|209.33|205.33|303.67|136.0|116.0|667.0|803.0|783.0|919.0|116.0|79.0|973.0|89.0|52.0|168.0|0|0|0|0|0|0|83.0|88.0|992.0|75.0|80.0|163.0|0|0|0|0|0|0|0|0|0|0|0|0|0|0|0|0|0|0|0|0|0|0|0|0|0|0|0|0|0|0|0|0|0|0|0|0|84.0|75.5|72.0|156.0|147.5|231.5|79.5|89.5|554.5|134.0|144.0|223.5|75.5|93.5|107.5|183.0|201.0|276.5|90.0|79.33|351.33|108.0|97.33|187.33|89.0|116.0|79.0|40.0|973.0|129.0|89.0|156.0|52.0|297.0|0|0|0|0|0|0|0|0|0|0|0|0|0|0|0|0|0|0|0|0|0|0|0|0|0|0|0|0|0|0|0|0|0|0|0|0|0|0|0|0|0|0|0|0|0|0|0|0|0|0|0|0|0|0|0|0|0|0|0|0|0|0|0|0|0|0|0|0|0|0|74.0|66.0|118.0|138.0|70.0|212.0|136.0|204.0|188.0|466.0|0|0|0|0|0|0|0|0|0|0|0|0|0|0|0|0|0|0|0|0|0|0|0|0|0|0|0|0|0|0|116.0|79.0|108.0|973.0|46.0|89.0|125.0|52.0|154.0|322.0|0|0|0|0|0|0|0|0|0|0|0|0|0|0|0|0|0|0|0|0|80.0|73.0|67.0|68.0|85.0|148.0|158.0|141.0|152.0|373.0|84.0|75.5|93.5|72.0|107.5|156.0|183.0|147.5|201.0|432.5|1
201.88|399.58|419.64|0|0|0|0|0|0|0|0|0|0|0|0|0|0|0|0|0|0|0|0|0|236.78|55.67|292.44|92.45|308.13|400.58|42.0|133.5|175.5|95.08|157.62|252.71|110.57|116.14|50.57|161.14|166.71|277.29|81.0|98.5|70.5|151.5|169.0|250.0|87.0|85.0|95.0|182.0|180.0|267.0|79.12|74.38|178.88|133.0|128.25|207.38|117.0|73.5|984.5|101.5|58.0|175.0|92.0|88.0|27.0|119.0|115.0|207.0|94.71|74.57|241.71|193.57|173.43|268.14|89.75|79.75|492.5|82.25|72.25|162.0|104.67|81.0|675.0|113.0|89.33|194.0|78.5|77.0|147.0|142.17|140.67|219.17|81.33|89.0|70.33|151.67|159.33|240.67|81.86|74.0|95.71|177.57|169.71|251.57|104.0|79.5|26.5|130.5|106.0|210.0|70.67|84.0|74.33|145.0|158.33|229.0|89.6|92.2|603.8|93.4|96.0|185.6|80.5|78.0|56.0|136.5|134.0|214.5|86.5|54.0|34.0|120.5|88.0|174.5|78.0|129.0|72.0|97.0|976.0|175.0|105.0|226.0|48.0|352.0|75.25|70.0|112.25|69.25|30.75|144.5|100.75|139.25|143.0|357.5|71.33|70.67|84.0|94.33|74.33|165.67|145.0|165.0|158.33|394.67|0|0|0|0|0|0|0|0|0|0|99.0|92.0|78.5|98.5|488.5|197.5|80.5|190.5|67.0|356.5|101.0|72.0|88.0|0.0|147.0|101.0|219.0|72.0|235.0|408.0|76.0|105.0|75.0|43.0|993.0|119.0|98.0|148.0|68.0|292.0|110.67|76.33|76.5|356.5|226.17|133.83|135.83|99.5|136.0|346.17|0|0|0|0|0|0|0|0|0|0|0|0|0|0|0|0|0|0|0|0|117.33|88.33|74.0|961.67|81.0|79.0|169.33|50.0|155.0|322.33|89.0|89.0|100.0|109.0|74.0|198.0|163.0|198.0|174.0|461.0|129.0|72.0|100.0|976.0|73.0|105.0|145.0|48.0|173.0|350.0|105.0|75.0|69.0|993.0|127.0|98.0|202.0|68.0|196.0|369.0|0|0|0|0|0|0|0|0|0|0|84.0|68.0|76.0|44.0|80.0|128.0|148.0|112.0|156.0|352.0|0|0|0|0|0|0|0|0|0|0|1
51.93|337.86|344.34|0|0|0|0|0|0|0|0|0|0|0|0|476.38|222.43|555.95|0|0|0|0|0|0|156.33|78.67|235.0|69.87|380.6|450.47|47.71|478.71|526.43|67.71|375.29|443.0|72.0|64.0|289.0|361.0|353.0|425.0|0|0|0|0|0|0|69.33|91.67|157.0|226.33|248.67|318.0|79.5|64.5|44.5|124.0|109.0|188.5|216.5|324.0|541.0|257.5|365.0|581.5|0|0|0|0|0|0|86.0|93.0|79.0|165.0|172.0|258.0|75.0|52.0|87.0|162.0|139.0|214.0|84.0|61.0|99.0|183.0|160.0|244.0|59.0|62.0|65.5|124.5|127.5|186.5|77.67|72.0|435.67|513.33|507.67|252.0|69.0|72.0|237.0|306.0|309.0|378.0|0|0|0|0|0|0|78.0|52.0|82.0|160.0|134.0|212.0|0|0|0|0|0|0|0|0|0|0|0|0|81.0|70.5|76.0|157.0|146.5|227.5|0|0|0|0|0|0|0|0|0|0|69.0|72.0|64.0|237.0|289.0|306.0|361.0|309.0|353.0|731.0|0|0|0|0|0|0|0|0|0|0|0|0|0|0|0|0|0|0|0|0|0|0|0|0|0|0|0|0|0|0|0|0|0|0|0|0|0|0|0|0|52.0|84.0|65.0|167.0|127.0|219.0|211.0|251.0|192.0|495.0|0|0|0|0|0|0|0|0|0|0|0|0|0|0|0|0|0|0|0|0|84.0|61.0|72.0|99.0|101.0|183.0|162.0|160.0|173.0|417.0|0|0|0|0|0|0|0|0|0|0|68.0|97.0|70.0|118.5|534.0|186.5|131.0|215.5|104.0|387.5|349.0|583.0|0.0|955.0|173.0|304.0|756.0|538.0|173.0|60.0|84.0|65.0|72.0|127.0|224.0|211.0|289.0|192.0|296.0|572.0|0|0|0|0|0|0|0|0|0|0|0|0|0|0|0|0|0|0|0|0|0|0|0|0|0|0|0|0|0|0|1
6.96|446.49|453.45|0|0|0|0|0|0|88.0|764.0|852.0|0|0|0|333.5|217.25|467.42|0|0|0|0|0|0|157.2|97.0|254.2|74.67|513.42|588.08|44.0|0.0|44.0|73.62|340.44|351.56|83.0|60.0|125.0|208.0|185.0|268.0|70.5|66.5|104.5|175.0|171.0|241.5|72.5|69.5|224.5|297.0|294.0|366.5|73.0|76.0|100.0|173.0|176.0|249.0|65.0|69.0|131.0|196.0|200.0|265.0|0|0|0|0|0|0|61.0|64.0|81.0|142.0|145.0|206.0|0|0|0|0|0|0|0|0|0|0|0|0|0|0|0|0|0|0|0|0|0|0|0|0|0|0|0|0|0|0|0|0|0|0|0|0|72.0|68.0|60.0|132.0|128.0|200.0|70.5|76.0|51.0|121.5|127.0|197.5|68.0|93.0|415.0|483.0|508.0|576.0|70.67|70.33|75.33|146.0|145.67|216.33|72.0|65.0|69.0|107.0|131.0|179.0|196.0|172.0|200.0|444.0|0|0|0|0|0|0|0|0|0|0|0|0|0|0|0|0|0|0|0|0|0|0|0|0|0|0|0|0|0|0|0|0|0|0|0|0|0|0|0|0|0|0|0|0|0|0|0|0|0|0|0|0|0|0|0|0|0|0|0|0|0|0|0|0|0|0|0|0|0|0|65.0|83.0|60.0|169.0|125.0|234.0|208.0|252.0|185.0|502.0|0|0|0|0|0|0|0|0|0|0|0|0|0|0|0|0|0|0|0|0|0|0|0|0|0|0|0|0|0|0|65.0|69.0|60.0|131.0|338.0|196.0|407.0|200.0|398.0|663.0|0|0|0|0|0|0|0|0|0|0|0|0|0|0|0|0|0|0|0|0|69.0|68.0|88.0|102.0|133.0|171.0|201.0|170.0|221.0|460.0|72.0|68.0|93.0|60.0|415.0|132.0|483.0|128.0|508.0|708.0|1
170.12|460.24|492.43|0|0|0|0|0|0|87.0|927.0|14.0|0|0|0|396.72|362.56|370.39|0|0|0|0|0|0|286.07|193.0|345.73|79.05|427.16|348.32|0.0|0.0|0.0|251.65|403.97|365.29|0|0|0|0|0|0|73.0|77.0|86.0|159.0|163.0|236.0|0|0|0|0|0|0|0|0|0|0|0|0|71.5|59.5|241.5|313.0|301.0|372.5|0|0|0|0|0|0|77.0|80.33|221.67|298.67|302.0|379.0|74.33|75.0|106.0|180.33|181.0|255.33|0|0|0|0|0|0|68.8|53.8|72.0|140.8|125.8|194.6|84.0|68.5|324.5|408.5|393.0|477.0|68.0|72.0|279.0|347.0|351.0|419.0|81.0|93.0|48.0|129.0|141.0|222.0|79.0|97.0|31.0|110.0|128.0|207.0|86.0|88.0|107.0|193.0|195.0|281.0|0|0|0|0|0|0|0|0|0|0|0|0|73.0|77.0|49.0|86.0|185.0|159.0|262.0|163.0|234.0|470.0|0|0|0|0|0|0|0|0|0|0|0|0|0|0|0|0|0|0|0|0|0|0|0|0|0|0|0|0|0|0|77.0|75.0|76.0|215.0|113.0|292.0|188.0|290.0|189.0|556.0|0|0|0|0|0|0|0|0|0|0|88.0|66.0|70.0|239.0|298.0|327.0|364.0|305.0|368.0|761.0|74.5|62.0|53.5|157.5|73.0|232.0|135.0|219.5|126.5|420.5|0|0|0|0|0|0|0|0|0|0|0|0|0|0|0|0|0|0|0|0|0|0|0|0|0|0|0|0|0|0|0|0|0|0|0|0|0|0|0|0|77.0|49.0|77.0|185.0|412.0|262.0|461.0|234.0|489.0|800.0|66.0|70.0|60.0|298.0|826.0|364.0|896.0|368.0|886.0|320.0|0|0|0|0|0|0|0|0|0|0|0|0|0|0|0|0|0|0|0|0|0|0|0|0|0|0|0|0|0|0|1
