2019-11-22 17:19:04,066|release|Key.enter
2019-11-22 17:20:14,492|press|<160>
2019-11-22 17:20:14,592|release|<160>
2019-11-22 17:20:15,165|press|<160>
2019-11-22 17:20:15,269|release|<160>
2019-11-22 17:20:15,430|press|<131>
2019-11-22 17:20:15,534|release|<131>
2019-11-22 17:20:32,117|press|<160>
2019-11-22 17:20:32,201|release|<160>
2019-11-22 17:20:33,568|release|<0>
2019-11-22 17:20:37,418|press|<131>
2019-11-22 17:20:37,519|release|<131>
2019-11-22 17:20:37,924|press|<131>
2019-11-22 17:20:38,009|release|<131>
2019-11-22 17:20:38,116|press|<160>
2019-11-22 17:20:38,228|release|<160>
2019-11-22 17:20:40,430|release|<0>
2019-11-22 17:20:43,195|press|Key.shift
2019-11-22 17:20:43,396|release|Key.shift
2019-11-22 17:20:43,502|press|Key.shift
2019-11-22 17:20:43,578|press|'E'
2019-11-22 17:20:43,630|release|Key.shift
2019-11-22 17:20:43,686|release|'e'
2019-11-22 17:20:44,162|press|Key.backspace
2019-11-22 17:20:44,226|release|Key.backspace
2019-11-22 17:20:44,802|press|Key.space
2019-11-22 17:20:44,807|press|Key.cmd
2019-11-22 17:20:44,891|release|Key.space
2019-11-22 17:20:44,927|release|Key.cmd
2019-11-22 17:20:45,042|press|Key.shift
2019-11-22 17:20:45,165|press|'E'
2019-11-22 17:20:45,194|release|Key.shift
2019-11-22 17:20:45,246|release|'e'
2019-11-22 17:20:46,034|press|Key.backspace
2019-11-22 17:20:46,094|release|Key.backspace
2019-11-22 17:20:46,432|press|Key.space
2019-11-22 17:20:46,476|press|Key.cmd
2019-11-22 17:20:46,560|release|Key.space
2019-11-22 17:20:46,585|release|Key.cmd
2019-11-22 17:20:46,955|press|'e'
2019-11-22 17:20:47,047|release|'e'
2019-11-22 17:20:47,247|press|Key.backspace
2019-11-22 17:20:47,308|release|Key.backspace
2019-11-22 17:20:47,567|press|Key.backspace
2019-11-22 17:20:47,636|release|Key.backspace
2019-11-22 17:20:47,854|press|Key.space
2019-11-22 17:20:47,871|press|Key.cmd
2019-11-22 17:20:47,954|release|Key.space
2019-11-22 17:20:47,975|release|Key.cmd
2019-11-22 17:20:48,525|press|Key.backspace
2019-11-22 17:20:48,642|release|Key.backspace
2019-11-22 17:20:48,996|press|Key.cmd
2019-11-22 17:20:49,003|press|Key.space
2019-11-22 17:20:49,064|release|Key.cmd
2019-11-22 17:20:49,100|release|Key.space
2019-11-22 17:20:49,574|press|'у'
2019-11-22 17:20:49,670|release|'у'
2019-11-22 17:20:49,771|press|'л'
2019-11-22 17:20:49,851|release|'л'
2019-11-22 17:20:50,663|press|Key.backspace
2019-11-22 17:20:50,731|release|Key.backspace
2019-11-22 17:20:50,798|press|Key.backspace
2019-11-22 17:20:50,870|release|Key.backspace
2019-11-22 17:20:50,894|press|Key.shift
2019-11-22 17:20:51,001|press|'У'
2019-11-22 17:20:51,053|release|Key.shift
2019-11-22 17:20:51,113|release|'у'
2019-11-22 17:20:51,189|press|'л'
2019-11-22 17:20:51,273|release|'л'
2019-11-22 17:20:51,495|press|'и'
2019-11-22 17:20:51,576|release|'и'
2019-11-22 17:20:51,596|press|'ц'
2019-11-22 17:20:51,664|release|'ц'
2019-11-22 17:20:51,851|press|'а'
2019-11-22 17:20:51,991|release|'а'
2019-11-22 17:20:51,992|press|Key.space
2019-11-22 17:20:52,088|release|Key.space
2019-11-22 17:20:54,082|press|'д'
2019-11-22 17:20:54,130|release|'д'
2019-11-22 17:20:54,385|press|Key.backspace
2019-11-22 17:20:54,442|release|Key.backspace
2019-11-22 17:20:54,483|press|Key.shift
2019-11-22 17:20:54,585|press|'Д'
2019-11-22 17:20:54,650|release|Key.shift
2019-11-22 17:20:54,662|release|'д'
2019-11-22 17:20:54,757|press|'о'
2019-11-22 17:20:54,833|release|'о'
2019-11-22 17:20:54,967|press|'х'
2019-11-22 17:20:55,023|release|'х'
2019-11-22 17:20:55,161|press|'о'
2019-11-22 17:20:55,234|release|'о'
2019-11-22 17:20:55,275|press|'д'
2019-11-22 17:20:55,351|press|'ы'
2019-11-22 17:20:55,358|release|'д'
2019-11-22 17:20:55,435|release|'ы'
2019-11-22 17:20:57,053|press|Key.shift
2019-11-22 17:20:57,285|press|'Н'
2019-11-22 17:20:57,329|release|Key.shift
2019-11-22 17:20:57,349|release|'н'
2019-11-22 17:20:57,433|press|'а'
2019-11-22 17:20:57,514|release|'а'
2019-11-22 17:20:57,536|press|'л'
2019-11-22 17:20:57,635|press|'о'
2019-11-22 17:20:57,651|release|'л'
2019-11-22 17:20:57,743|release|'о'
2019-11-22 17:20:57,802|press|'г'
2019-11-22 17:20:57,871|release|'г'
2019-11-22 17:20:57,930|press|'и'
2019-11-22 17:20:58,023|release|'и'
2019-11-22 17:20:58,125|press|Key.space
2019-11-22 17:20:58,197|release|Key.space
2019-11-22 17:20:59,385|press|Key.shift
2019-11-22 17:20:59,654|press|'Р'
2019-11-22 17:20:59,690|press|'А'
2019-11-22 17:20:59,701|release|Key.shift
2019-11-22 17:20:59,733|release|'р'
2019-11-22 17:20:59,778|release|'а'
2019-11-22 17:20:59,899|press|'с'
2019-11-22 17:20:59,996|release|'с'
2019-11-22 17:21:00,010|press|'х'
2019-11-22 17:21:00,078|release|'х'
2019-11-22 17:21:00,245|press|Key.backspace
2019-11-22 17:21:00,298|release|Key.backspace
2019-11-22 17:21:00,365|press|Key.backspace
2019-11-22 17:21:00,429|release|Key.backspace
2019-11-22 17:21:00,482|press|Key.backspace
2019-11-22 17:21:00,558|release|Key.backspace
2019-11-22 17:21:00,567|press|'а'
2019-11-22 17:21:00,659|release|'а'
2019-11-22 17:21:01,000|press|'с'
2019-11-22 17:21:01,104|release|'с'
2019-11-22 17:21:01,198|press|'х'
2019-11-22 17:21:01,275|release|'х'
2019-11-22 17:21:01,390|press|'о'
2019-11-22 17:21:01,462|release|'о'
2019-11-22 17:21:01,516|press|'д'
2019-11-22 17:21:01,589|press|'ы'
2019-11-22 17:21:01,609|release|'д'
2019-11-22 17:21:01,658|release|'ы'
2019-11-22 17:21:03,363|press|Key.shift
2019-11-22 17:21:03,511|press|'М'
2019-11-22 17:21:03,552|release|Key.shift
2019-11-22 17:21:03,627|release|'м'
2019-11-22 17:21:03,653|press|'о'
2019-11-22 17:21:03,733|release|'о'
2019-11-22 17:21:03,770|press|'с'
2019-11-22 17:21:03,862|release|'с'
2019-11-22 17:21:03,978|press|'к'
2019-11-22 17:21:04,042|release|'к'
2019-11-22 17:21:06,337|press|'о'
2019-11-22 17:21:06,413|release|'о'
2019-11-22 17:21:06,983|press|Key.backspace
2019-11-22 17:21:07,023|release|Key.backspace
2019-11-22 17:21:07,161|press|'в'
2019-11-22 17:21:07,245|release|'в'
2019-11-22 17:21:07,624|press|'о'
2019-11-22 17:21:07,689|release|'о'
2019-11-22 17:21:08,023|press|Key.backspace
2019-11-22 17:21:08,075|release|Key.backspace
2019-11-22 17:21:08,157|press|Key.backspace
2019-11-22 17:21:08,205|release|Key.backspace
2019-11-22 17:21:09,553|press|'в'
2019-11-22 17:21:09,621|release|'в'
2019-11-22 17:21:10,126|press|'о'
2019-11-22 17:21:10,178|release|'о'
2019-11-22 17:21:10,427|press|'р'
2019-11-22 17:21:10,499|release|'р'
2019-11-22 17:21:10,518|press|'е'
2019-11-22 17:21:10,594|release|'е'
2019-11-22 17:21:10,661|press|'ч'
2019-11-22 17:21:10,765|release|'ч'
2019-11-22 17:21:10,925|press|'ь'
2019-11-22 17:21:10,950|release|'ь'
2019-11-22 17:21:11,200|press|'е'
2019-11-22 17:21:11,289|release|'е'
2019-11-22 17:21:11,427|press|Key.space
2019-11-22 17:21:11,459|release|Key.space
2019-11-22 17:21:15,036|press|Key.shift
2019-11-22 17:21:15,184|press|'К'
2019-11-22 17:21:15,191|release|Key.shift
2019-11-22 17:21:15,284|release|'к'
2019-11-22 17:21:15,355|press|'р'
2019-11-22 17:21:15,424|release|'р'
2019-11-22 17:21:15,477|press|'е'
2019-11-22 17:21:15,521|release|'е'
2019-11-22 17:21:15,914|press|Key.backspace
2019-11-22 17:21:15,954|release|Key.backspace
2019-11-22 17:21:16,027|press|Key.backspace
2019-11-22 17:21:16,059|release|Key.backspace
2019-11-22 17:21:16,067|press|'е'
2019-11-22 17:21:16,164|release|'е'
2019-11-22 17:21:16,289|press|'р'
2019-11-22 17:21:16,386|release|'р'
2019-11-22 17:21:16,448|press|'ч'
2019-11-22 17:21:16,529|release|'ч'
2019-11-22 17:21:16,577|press|'е'
2019-11-22 17:21:16,678|release|'е'
2019-11-22 17:21:16,892|press|'н'
2019-11-22 17:21:16,972|release|'н'
2019-11-22 17:21:17,027|press|'а'
2019-11-22 17:21:17,088|release|'а'
2019-11-22 17:21:17,334|press|Key.backspace
2019-11-22 17:21:17,382|release|Key.backspace
2019-11-22 17:21:17,399|press|'с'
2019-11-22 17:21:17,483|release|'с'
2019-11-22 17:21:17,557|press|'к'
2019-11-22 17:21:17,654|release|'к'
2019-11-22 17:21:17,703|press|'а'
2019-11-22 17:21:17,832|press|'я'
2019-11-22 17:21:17,847|release|'а'
2019-11-22 17:21:17,900|release|'я'
2019-11-22 17:21:19,274|press|Key.shift
2019-11-22 17:21:19,462|press|'С'
2019-11-22 17:21:19,514|release|Key.shift
2019-11-22 17:21:19,566|release|'с'
2019-11-22 17:21:19,733|press|'е'
2019-11-22 17:21:19,837|release|'е'
2019-11-22 17:21:20,037|press|'в'
2019-11-22 17:21:20,105|press|'а'
2019-11-22 17:21:20,128|release|'в'
2019-11-22 17:21:20,213|release|'а'
2019-11-22 17:21:20,323|press|'н'
2019-11-22 17:21:20,404|release|'н'
2019-11-22 17:21:20,502|press|'с'
2019-11-22 17:21:20,586|release|'с'
2019-11-22 17:21:20,672|press|'к'
2019-11-22 17:21:20,738|release|'к'
2019-11-22 17:21:20,815|press|'а'
2019-11-22 17:21:20,899|press|'я'
2019-11-22 17:21:20,907|release|'а'
2019-11-22 17:21:20,972|release|'я'
2019-11-22 17:21:23,110|press|'1'
2019-11-22 17:21:23,178|release|'1'
2019-11-22 17:21:23,241|press|'8'
2019-11-22 17:21:23,302|release|'8'
2019-11-22 17:21:25,308|press|'9'
2019-11-22 17:21:25,376|release|'9'
2019-11-22 17:21:25,560|press|'6'
2019-11-22 17:21:25,636|release|'6'
2019-11-22 17:21:25,781|press|'3'
2019-11-22 17:21:25,866|release|'3'
2019-11-22 17:21:27,421|press|'7'
2019-11-22 17:21:27,481|release|'7'
2019-11-22 17:21:27,578|press|'8'
2019-11-22 17:21:27,635|release|'8'
2019-11-22 17:21:27,702|press|'8'
2019-11-22 17:21:27,767|release|'8'
2019-11-22 17:21:30,339|press|'7'
2019-11-22 17:21:30,399|release|'7'
2019-11-22 17:21:31,238|press|'1'
2019-11-22 17:21:31,322|release|'1'
2019-11-22 17:21:31,360|press|'6'
2019-11-22 17:21:31,425|release|'6'
2019-11-22 17:21:32,330|press|'3'
2019-11-22 17:21:32,398|release|'3'
2019-11-22 17:21:33,374|press|'7'
2019-11-22 17:21:33,439|release|'7'
2019-11-22 17:21:33,498|press|'8'
2019-11-22 17:21:33,558|release|'8'
2019-11-22 17:21:33,621|press|'8'
2019-11-22 17:21:33,682|release|'8'
2019-11-22 17:21:35,687|press|'8'
2019-11-22 17:21:35,744|release|'8'
2019-11-22 17:21:36,614|press|'9'
2019-11-22 17:21:36,669|release|'9'
2019-11-22 17:21:36,826|press|'2'
2019-11-22 17:21:36,915|press|'3'
2019-11-22 17:21:36,926|release|'2'
2019-11-22 17:21:37,023|release|'3'
2019-11-22 17:21:38,348|press|'7'
2019-11-22 17:21:38,413|release|'7'
2019-11-22 17:21:38,483|press|'8'
2019-11-22 17:21:38,559|release|'8'
2019-11-22 17:21:38,631|press|'8'
2019-11-22 17:21:38,700|release|'8'
2019-11-22 17:21:40,947|press|'2'
2019-11-22 17:21:41,022|release|'2'
2019-11-22 17:21:41,458|press|'4'
2019-11-22 17:21:41,538|release|'4'
2019-11-22 17:21:41,829|press|'6'
2019-11-22 17:21:41,893|release|'6'
2019-11-22 17:21:41,938|press|'5'
2019-11-22 17:21:42,026|release|'5'
2019-11-22 17:21:42,660|press|'2'
2019-11-22 17:21:42,741|release|'2'
2019-11-22 17:21:43,151|press|'9'
2019-11-22 17:21:43,215|release|'9'
2019-11-22 17:21:43,878|press|'3'
2019-11-22 17:21:43,945|release|'3'
2019-11-22 17:21:49,512|press|Key.backspace
2019-11-22 17:21:49,593|release|Key.backspace
2019-11-22 17:21:49,690|press|'2'
2019-11-22 17:21:49,779|release|'2'
2019-11-22 17:21:50,694|press|Key.shift
2019-11-22 17:21:50,771|release|Key.shift
2019-11-22 17:21:50,880|press|'6'
2019-11-22 17:21:50,956|release|'6'
2019-11-22 17:21:51,244|press|Key.backspace
2019-11-22 17:21:51,340|release|Key.backspace
2019-11-22 17:21:52,281|press|Key.shift
2019-11-22 17:21:52,349|release|Key.shift
2019-11-22 17:21:52,671|press|'5'
2019-11-22 17:21:52,732|release|'5'
2019-11-22 17:21:53,223|press|Key.backspace
2019-11-22 17:21:53,280|release|Key.backspace
2019-11-22 17:21:53,868|press|'7'
2019-11-22 17:21:53,933|release|'7'
2019-11-22 17:21:54,254|press|Key.backspace
2019-11-22 17:21:54,335|release|Key.backspace
2019-11-22 17:21:54,395|press|Key.shift
2019-11-22 17:21:54,555|press|'.'
2019-11-22 17:21:54,659|release|'.'
2019-11-22 17:21:54,780|release|Key.shift
2019-11-22 17:21:55,071|press|Key.backspace
2019-11-22 17:21:55,148|release|Key.backspace
2019-11-22 17:21:55,287|press|Key.shift
2019-11-22 17:21:55,586|press|','
2019-11-22 17:21:55,662|release|','
2019-11-22 17:21:55,747|release|Key.shift
2019-11-22 17:21:58,046|press|'4'
2019-11-22 17:21:58,091|release|'4'
2019-11-22 17:21:58,162|press|'4'
2019-11-22 17:21:58,215|release|'4'
2019-11-22 17:22:00,301|press|'9'
2019-11-22 17:22:00,369|release|'9'
2019-11-22 17:22:00,493|press|'3'
2019-11-22 17:22:00,549|press|'1'
2019-11-22 17:22:00,617|release|'3'
2019-11-22 17:22:00,645|release|'1'
2019-11-22 17:22:02,179|press|'2'
2019-11-22 17:22:02,239|release|'2'
2019-11-22 17:22:02,274|press|'9'
2019-11-22 17:22:02,346|release|'9'
2019-11-22 17:22:02,359|press|'2'
2019-11-22 17:22:02,423|release|'2'
2019-11-22 17:22:02,910|press|Key.shift
2019-11-22 17:22:03,373|press|','
2019-11-22 17:22:03,445|release|','
2019-11-22 17:22:03,765|release|Key.shift
2019-11-22 17:22:05,064|press|'4'
2019-11-22 17:22:05,112|release|'4'
2019-11-22 17:22:05,169|press|'4'
2019-11-22 17:22:05,238|release|'4'
2019-11-22 17:22:07,291|press|'1'
2019-11-22 17:22:07,391|release|'1'
2019-11-22 17:22:07,581|press|'1'
2019-11-22 17:22:07,669|release|'1'
2019-11-22 17:22:08,080|press|'6'
2019-11-22 17:22:08,188|release|'6'
2019-11-22 17:22:08,296|press|'0'
2019-11-22 17:22:08,360|release|'0'
2019-11-22 17:22:10,451|press|'0'
2019-11-22 17:22:10,507|release|'0'
2019-11-22 17:22:10,646|press|'9'
2019-11-22 17:22:10,702|release|'9'
2019-11-22 17:22:10,753|press|'2'
2019-11-22 17:22:10,841|release|'2'
2019-11-22 17:22:11,680|press|Key.shift
2019-11-22 17:22:12,028|press|','
2019-11-22 17:22:12,092|release|','
2019-11-22 17:22:12,140|release|Key.shift
2019-11-22 17:22:12,688|press|'4'
2019-11-22 17:22:12,736|release|'4'
2019-11-22 17:22:12,796|press|'4'
2019-11-22 17:22:12,873|release|'4'
2019-11-22 17:22:14,283|press|'1'
2019-11-22 17:22:14,355|release|'1'
2019-11-22 17:22:14,802|press|'9'
2019-11-22 17:22:14,854|release|'9'
2019-11-22 17:22:16,079|press|'2'
2019-11-22 17:22:16,155|release|'2'
2019-11-22 17:22:16,232|press|'4'
2019-11-22 17:22:16,332|release|'4'
2019-11-22 17:22:16,346|press|'3'
2019-11-22 17:22:16,418|release|'3'
2019-11-22 17:22:17,324|press|Key.backspace
2019-11-22 17:22:17,393|release|Key.backspace
2019-11-22 17:22:17,456|press|Key.backspace
2019-11-22 17:22:17,536|release|Key.backspace
2019-11-22 17:22:17,629|press|'3'
2019-11-22 17:22:17,717|press|'4'
2019-11-22 17:22:17,729|release|'3'
2019-11-22 17:22:17,814|release|'4'
2019-11-22 17:22:20,093|press|Key.shift
2019-11-22 17:22:20,597|press|','
2019-11-22 17:22:20,653|release|','
2019-11-22 17:22:20,722|release|Key.shift
2019-11-22 17:22:21,778|press|'0'
2019-11-22 17:22:21,822|release|'0'
2019-11-22 17:22:21,893|press|'0'
2019-11-22 17:22:21,941|release|'0'
2019-11-22 17:22:24,229|press|'8'
2019-11-22 17:22:24,285|release|'8'
2019-11-22 17:22:24,437|press|'9'
2019-11-22 17:22:24,505|release|'9'
2019-11-22 17:22:24,611|press|'7'
2019-11-22 17:22:24,675|release|'7'
2019-11-22 17:22:25,491|press|'2'
2019-11-22 17:22:25,575|release|'2'
2019-11-22 17:22:25,695|press|'3'
2019-11-22 17:22:25,787|release|'3'
2019-11-22 17:22:25,875|press|'4'
2019-11-22 17:22:25,943|release|'4'
2019-11-22 17:22:26,095|press|Key.shift
2019-11-22 17:22:26,351|release|Key.shift
2019-11-22 17:22:26,813|press|'б'
2019-11-22 17:22:26,893|release|'б'
2019-11-22 17:22:27,453|press|Key.backspace
2019-11-22 17:22:27,517|release|Key.backspace
2019-11-22 17:22:27,539|press|Key.shift
2019-11-22 17:22:27,795|press|'Б'
2019-11-22 17:22:27,903|release|'Б'
2019-11-22 17:22:28,076|release|Key.shift
2019-11-22 17:22:28,171|press|Key.backspace
2019-11-22 17:22:28,255|release|Key.backspace
2019-11-22 17:22:28,366|press|Key.shift
2019-11-22 17:22:28,542|release|Key.shift
2019-11-22 17:22:28,722|press|Key.shift
2019-11-22 17:22:29,306|press|','
2019-11-22 17:22:29,366|release|','
2019-11-22 17:22:29,470|release|Key.shift
2019-11-22 17:22:30,760|press|'0'
2019-11-22 17:22:30,800|release|'0'
2019-11-22 17:22:30,884|press|'0'
2019-11-22 17:22:30,936|release|'0'
2019-11-22 17:22:34,344|press|'7'
2019-11-22 17:22:34,401|release|'7'
2019-11-22 17:22:35,265|press|'2'
2019-11-22 17:22:35,337|release|'2'
2019-11-22 17:22:35,345|press|'3'
2019-11-22 17:22:35,449|release|'3'
2019-11-22 17:22:35,524|press|'4'
2019-11-22 17:22:35,644|release|'4'
2019-11-22 17:22:43,898|press|Key.shift
2019-11-22 17:22:44,026|release|Key.shift
2019-11-22 17:22:44,033|press|'п'
2019-11-22 17:22:44,125|release|'п'
2019-11-22 17:22:44,129|press|'р'
2019-11-22 17:22:44,194|press|'о'
2019-11-22 17:22:44,217|release|'р'
2019-11-22 17:22:44,274|release|'о'
2019-11-22 17:22:45,022|press|Key.backspace
2019-11-22 17:22:45,094|release|Key.backspace
2019-11-22 17:22:45,158|press|Key.backspace
2019-11-22 17:22:45,231|release|Key.backspace
2019-11-22 17:22:45,285|press|Key.backspace
2019-11-22 17:22:45,345|press|Key.shift
2019-11-22 17:22:45,354|release|Key.backspace
2019-11-22 17:22:45,442|press|'П'
2019-11-22 17:22:45,497|release|Key.shift
2019-11-22 17:22:45,546|release|'п'
2019-11-22 17:22:45,565|press|'р'
2019-11-22 17:22:45,649|press|'о'
2019-11-22 17:22:45,686|release|'р'
2019-11-22 17:22:45,730|release|'о'
2019-11-22 17:22:45,808|press|'с'
2019-11-22 17:22:45,900|release|'с'
2019-11-22 17:22:46,116|press|'п'
2019-11-22 17:22:46,213|release|'п'
2019-11-22 17:22:46,296|press|'е'
2019-11-22 17:22:46,376|press|'к'
2019-11-22 17:22:46,409|release|'е'
2019-11-22 17:22:46,497|release|'к'
2019-11-22 17:22:46,609|press|'т'
2019-11-22 17:22:46,693|release|'т'
2019-11-22 17:22:47,354|press|Key.space
2019-11-22 17:22:47,438|release|Key.space
2019-11-22 17:22:47,834|press|Key.shift
2019-11-22 17:22:47,897|press|'А'
2019-11-22 17:22:47,958|release|Key.shift
2019-11-22 17:22:47,985|press|'н'
2019-11-22 17:22:48,009|release|'а'
2019-11-22 17:22:48,058|release|'н'
2019-11-22 17:22:48,215|press|'д'
2019-11-22 17:22:48,296|release|'д'
2019-11-22 17:22:48,420|press|'р'
2019-11-22 17:22:48,500|press|'о'
2019-11-22 17:22:48,513|release|'р'
2019-11-22 17:22:48,585|release|'о'
2019-11-22 17:22:48,663|press|'п'
2019-11-22 17:22:48,740|release|'п'
2019-11-22 17:22:48,992|press|'о'
2019-11-22 17:22:49,069|release|'о'
2019-11-22 17:22:49,269|press|'в'
2019-11-22 17:22:49,341|press|'а'
2019-11-22 17:22:49,385|release|'в'
2019-11-22 17:22:49,462|release|'а'
2019-11-22 17:22:50,936|press|Key.shift
2019-11-22 17:22:51,111|press|'Л'
2019-11-22 17:22:51,191|release|'Л'
2019-11-22 17:22:51,392|release|Key.shift
2019-11-22 17:22:51,411|press|Key.backspace
2019-11-22 17:22:51,467|release|Key.backspace
2019-11-22 17:22:51,589|press|Key.shift
2019-11-22 17:22:51,629|press|'Д'
2019-11-22 17:22:51,741|release|'Д'
2019-11-22 17:22:51,765|release|Key.shift
2019-11-22 17:22:51,890|press|'м'
2019-11-22 17:22:51,978|press|'и'
2019-11-22 17:22:52,011|release|'м'
2019-11-22 17:22:52,083|release|'и'
2019-11-22 17:22:52,148|press|'т'
2019-11-22 17:22:52,225|release|'т'
2019-11-22 17:22:52,314|press|'р'
2019-11-22 17:22:52,387|release|'р'
2019-11-22 17:22:52,400|press|'о'
2019-11-22 17:22:52,481|release|'о'
2019-11-22 17:22:52,508|press|'в'
2019-11-22 17:22:52,601|release|'в'
2019-11-22 17:22:52,705|press|'к'
2019-11-22 17:22:52,786|release|'к'
2019-11-22 17:22:53,166|press|Key.backspace
2019-11-22 17:22:53,243|release|Key.backspace
2019-11-22 17:22:53,290|press|'с'
2019-11-22 17:22:53,383|release|'с'
2019-11-22 17:22:53,431|press|'к'
2019-11-22 17:22:53,543|release|'к'
2019-11-22 17:22:53,597|press|'а'
2019-11-22 17:22:53,598|press|'я'
2019-11-22 17:22:53,709|release|'а'
2019-11-22 17:22:53,726|release|'я'
2019-11-22 17:22:53,750|press|Key.space
2019-11-22 17:22:53,814|release|Key.space
2019-11-22 17:22:54,657|press|Key.shift
2019-11-22 17:22:54,973|press|'Л'
2019-11-22 17:22:55,060|release|'Л'
2019-11-22 17:22:55,073|release|Key.shift
2019-11-22 17:22:55,106|press|'е'
2019-11-22 17:22:55,195|release|'е'
2019-11-22 17:22:55,224|press|'н'
2019-11-22 17:22:55,285|release|'н'
2019-11-22 17:22:55,339|press|'и'
2019-11-22 17:22:55,404|release|'и'
2019-11-22 17:22:55,448|press|'н'
2019-11-22 17:22:55,504|release|'н'
2019-11-22 17:22:55,853|press|'с'
2019-11-22 17:22:55,940|release|'с'
2019-11-22 17:22:55,974|press|'к'
2019-11-22 17:22:56,066|release|'к'
2019-11-22 17:22:56,112|press|'а'
2019-11-22 17:22:56,144|press|'я'
2019-11-22 17:22:56,237|release|'а'
2019-11-22 17:22:56,245|release|'я'
2019-11-22 17:22:56,254|press|Key.space
2019-11-22 17:22:56,337|release|Key.space
2019-11-22 17:23:02,228|press|'1'
2019-11-22 17:23:02,296|release|'1'
2019-11-22 17:23:02,679|press|'6'
2019-11-22 17:23:02,763|release|'6'
2019-11-22 17:23:02,909|press|'3'
2019-11-22 17:23:03,017|press|Key.space
2019-11-22 17:23:03,029|release|'3'
2019-11-22 17:23:03,101|release|Key.space
2019-11-22 17:23:04,980|press|'7'
2019-11-22 17:23:05,040|release|'7'
2019-11-22 17:23:05,085|press|'8'
2019-11-22 17:23:05,145|release|'8'
2019-11-22 17:23:05,200|press|'8'
2019-11-22 17:23:05,252|release|'8'
2019-11-22 17:23:07,456|press|'8'
2019-11-22 17:23:07,545|release|'8'
2019-11-22 17:23:07,572|press|'7'
2019-11-22 17:23:07,640|release|'7'
2019-11-22 17:23:08,312|press|'1'
2019-11-22 17:23:08,393|release|'1'
2019-11-22 17:23:08,478|press|'8'
2019-11-22 17:23:08,527|release|'8'
2019-11-22 17:23:08,587|press|'8'
2019-11-22 17:23:08,643|release|'8'
2019-11-22 17:23:11,101|press|'8'
2019-11-22 17:23:11,177|release|'8'
2019-11-22 17:23:11,218|press|'2'
2019-11-22 17:23:11,287|release|'2'
2019-11-22 17:23:11,361|press|'3'
2019-11-22 17:23:11,453|release|'3'
2019-11-22 17:23:12,601|press|'7'
2019-11-22 17:23:12,661|release|'7'
2019-11-22 17:23:12,718|press|'8'
2019-11-22 17:23:12,782|release|'8'
2019-11-22 17:23:12,852|press|'8'
2019-11-22 17:23:12,924|release|'8'
2019-11-22 17:23:14,795|press|'2'
2019-11-22 17:23:14,903|release|'2'
2019-11-22 17:23:14,915|press|'3'
2019-11-22 17:23:14,995|release|'3'
2019-11-22 17:23:15,243|press|Key.backspace
2019-11-22 17:23:15,335|release|Key.backspace
2019-11-22 17:23:15,349|press|'1'
2019-11-22 17:23:15,442|release|'1'
2019-11-22 17:23:16,251|press|'2'
2019-11-22 17:23:16,315|release|'2'
2019-11-22 17:23:16,365|press|'9'
2019-11-22 17:23:16,425|release|'9'
2019-11-22 17:23:16,574|press|'2'
2019-11-22 17:23:16,650|release|'2'
2019-11-22 17:23:21,821|press|'2'
2019-11-22 17:23:21,908|release|'2'
2019-11-22 17:23:22,043|press|'1'
2019-11-22 17:23:22,139|release|'1'
2019-11-22 17:23:23,348|press|'2'
2019-11-22 17:23:23,417|release|'2'
2019-11-22 17:23:24,066|press|'9'
2019-11-22 17:23:24,126|release|'9'
2019-11-22 17:23:24,171|press|'2'
2019-11-22 17:23:24,227|release|'2'
2019-11-22 17:23:24,836|press|Key.shift
2019-11-22 17:23:25,084|press|','
2019-11-22 17:23:25,144|release|','
2019-11-22 17:23:25,176|release|Key.shift
2019-11-22 17:23:26,041|press|'4'
2019-11-22 17:23:26,093|release|'4'
2019-11-22 17:23:26,146|press|'4'
2019-11-22 17:23:26,232|release|'4'
2019-11-22 17:23:27,777|press|'1'
2019-11-22 17:23:27,844|release|'1'
2019-11-22 17:23:27,918|press|'1'
2019-11-22 17:23:27,987|release|'1'
2019-11-22 17:23:28,389|press|'3'
2019-11-22 17:23:28,461|release|'3'
2019-11-22 17:23:28,516|press|'3'
2019-11-22 17:23:28,613|release|'3'
2019-11-22 17:23:28,827|press|'4'
2019-11-22 17:23:28,963|release|'4'
2019-11-22 17:23:29,870|press|Key.shift
2019-11-22 17:23:30,326|press|','
2019-11-22 17:23:30,394|release|','
2019-11-22 17:23:30,454|release|Key.shift
2019-11-22 17:23:31,575|press|'4'
2019-11-22 17:23:31,615|release|'4'
2019-11-22 17:23:31,696|press|'4'
2019-11-22 17:23:31,748|release|'4'
2019-11-22 17:23:33,902|press|'1'
2019-11-22 17:23:34,002|release|'1'
2019-11-22 17:23:34,220|press|'0'
2019-11-22 17:23:34,288|release|'0'
2019-11-22 17:23:34,529|press|'7'
2019-11-22 17:23:34,588|release|'7'
2019-11-22 17:23:35,886|press|'0'
2019-11-22 17:23:35,962|release|'0'
2019-11-22 17:23:36,015|press|'9'
2019-11-22 17:23:36,107|release|'9'
2019-11-22 17:23:36,121|press|'2'
2019-11-22 17:23:36,201|release|'2'
2019-11-22 17:23:36,579|press|Key.shift
2019-11-22 17:23:37,159|press|','
2019-11-22 17:23:37,223|release|','
2019-11-22 17:23:37,255|release|Key.shift
2019-11-22 17:23:38,073|press|'4'
2019-11-22 17:23:38,105|release|'4'
2019-11-22 17:23:38,176|press|'4'
2019-11-22 17:23:38,227|release|'4'
2019-11-22 17:23:40,680|press|'8'
2019-11-22 17:23:40,740|release|'8'
2019-11-22 17:23:41,212|press|'2'
2019-11-22 17:23:41,313|release|'2'
2019-11-22 17:23:41,530|press|'3'
2019-11-22 17:23:41,614|release|'3'
2019-11-22 17:23:41,762|press|'2'
2019-11-22 17:23:41,882|release|'2'
2019-11-22 17:23:43,979|press|'7'
2019-11-22 17:23:44,045|release|'7'
2019-11-22 17:23:45,481|press|'2'
2019-11-22 17:23:45,536|release|'2'
2019-11-22 17:23:45,658|press|'4'
2019-11-22 17:23:45,749|press|'1'
2019-11-22 17:23:45,785|release|'4'
2019-11-22 17:23:45,814|release|'1'
2019-11-22 17:23:48,186|press|'3'
2019-11-22 17:23:48,242|press|'1'
2019-11-22 17:23:48,297|release|'3'
2019-11-22 17:23:48,350|release|'1'
2019-11-22 17:23:52,413|press|'9'
2019-11-22 17:23:52,467|release|'9'
2019-11-22 17:23:52,665|press|'3'
2019-11-22 17:23:52,745|press|'4'
2019-11-22 17:23:52,773|release|'3'
2019-11-22 17:23:52,845|release|'4'
2019-11-22 17:24:00,935|press|Key.shift
2019-11-22 17:24:01,129|press|'П'
2019-11-22 17:24:01,145|release|Key.shift
2019-11-22 17:24:01,234|release|'п'
2019-11-22 17:24:01,292|press|'у'
2019-11-22 17:24:01,352|release|'у'
2019-11-22 17:24:01,398|press|'ш'
2019-11-22 17:24:01,474|release|'ш'
2019-11-22 17:24:02,160|press|'к'
2019-11-22 17:24:02,233|release|'к'
2019-11-22 17:24:02,295|press|'и'
2019-11-22 17:24:02,384|release|'и'
2019-11-22 17:24:02,415|press|'н'
2019-11-22 17:24:02,487|release|'н'
2019-11-22 17:24:02,685|press|'с'
2019-11-22 17:24:02,777|release|'с'
2019-11-22 17:24:02,857|press|'к'
2019-11-22 17:24:02,965|press|'я'
2019-11-22 17:24:02,977|release|'к'
2019-11-22 17:24:03,054|press|'а'
2019-11-22 17:24:03,077|release|'я'
2019-11-22 17:24:03,166|release|'а'
2019-11-22 17:24:04,014|press|Key.backspace
2019-11-22 17:24:04,078|release|Key.backspace
2019-11-22 17:24:04,137|press|Key.backspace
2019-11-22 17:24:04,180|press|'а'
2019-11-22 17:24:04,196|release|Key.backspace
2019-11-22 17:24:04,224|press|'я'
2019-11-22 17:24:04,288|release|'а'
2019-11-22 17:24:04,301|release|'я'
2019-11-22 17:24:05,439|press|Key.shift
2019-11-22 17:24:05,802|press|'Л'
2019-11-22 17:24:05,882|release|Key.shift
2019-11-22 17:24:05,888|release|'л'
2019-11-22 17:24:05,951|press|'е'
2019-11-22 17:24:06,035|press|'ф'
2019-11-22 17:24:06,052|release|'е'
2019-11-22 17:24:06,120|release|'ф'
2019-11-22 17:24:06,159|press|'о'
2019-11-22 17:24:06,231|press|'р'
2019-11-22 17:24:06,272|release|'о'
2019-11-22 17:24:06,324|release|'р'
2019-11-22 17:24:06,739|press|'т'
2019-11-22 17:24:06,819|release|'т'
2019-11-22 17:24:06,882|press|'о'
2019-11-22 17:24:06,951|release|'о'
2019-11-22 17:24:06,989|press|'в'
2019-11-22 17:24:07,048|press|'а'
2019-11-22 17:24:07,072|release|'в'
2019-11-22 17:24:07,122|release|'а'
2019-11-22 17:24:07,401|press|Key.backspace
2019-11-22 17:24:07,469|release|Key.backspace
2019-11-22 17:24:07,642|press|'с'
2019-11-22 17:24:07,747|release|'с'
2019-11-22 17:24:07,832|press|'к'
2019-11-22 17:24:07,900|release|'к'
2019-11-22 17:24:07,975|press|'а'
2019-11-22 17:24:08,018|press|'я'
2019-11-22 17:24:08,066|release|'а'
2019-11-22 17:24:08,135|release|'я'
2019-11-22 17:24:08,135|press|Key.space
2019-11-22 17:24:08,215|release|Key.space
2019-11-22 17:24:13,731|press|Key.shift
2019-11-22 17:24:13,927|press|'Г'
2019-11-22 17:24:13,994|release|'Г'
2019-11-22 17:24:14,028|release|Key.shift
2019-11-22 17:24:14,095|press|'о'
2019-11-22 17:24:14,163|release|'о'
2019-11-22 17:24:18,337|press|'н'
2019-11-22 17:24:18,394|release|'н'
2019-11-22 17:24:18,562|press|'ч'
2019-11-22 17:24:18,662|press|'а'
2019-11-22 17:24:18,665|release|'ч'
2019-11-22 17:24:18,758|release|'а'
2019-11-22 17:24:19,002|press|'р'
2019-11-22 17:24:19,079|release|'р'
2019-11-22 17:24:19,181|press|'н'
2019-11-22 17:24:19,249|release|'н'
2019-11-22 17:24:19,264|press|'а'
2019-11-22 17:24:19,355|press|'я'
2019-11-22 17:24:19,380|release|'а'
2019-11-22 17:24:19,448|release|'я'
2019-11-22 17:24:35,526|press|'5'
2019-11-22 17:24:35,590|release|'5'
2019-11-22 17:24:35,649|press|'5'
2019-11-22 17:24:35,738|release|'5'
2019-11-22 17:24:38,285|press|'5'
2019-11-22 17:24:38,325|release|'5'
2019-11-22 17:24:38,417|press|'5'
2019-11-22 17:24:38,461|release|'5'
2019-11-22 17:24:39,520|press|'7'
2019-11-22 17:24:39,580|release|'7'
2019-11-22 17:24:39,629|press|'8'
2019-11-22 17:24:39,694|release|'8'
2019-11-22 17:24:39,747|press|'8'
2019-11-22 17:24:39,811|release|'8'
2019-11-22 17:24:42,385|press|'3'
2019-11-22 17:24:42,445|release|'3'
2019-11-22 17:24:42,510|press|'3'
2019-11-22 17:24:42,571|release|'3'
2019-11-22 17:24:43,151|press|'1'
2019-11-22 17:24:43,223|release|'1'
2019-11-22 17:24:43,421|press|'8'
2019-11-22 17:24:43,473|release|'8'
2019-11-22 17:24:43,534|press|'8'
2019-11-22 17:24:43,595|release|'8'
2019-11-22 17:24:45,113|press|'2'
2019-11-22 17:24:45,177|release|'2'
2019-11-22 17:24:45,625|press|'3'
2019-11-22 17:24:45,711|release|'3'
2019-11-22 17:24:46,553|press|'7'
2019-11-22 17:24:46,618|release|'7'
2019-11-22 17:24:46,667|press|'8'
2019-11-22 17:24:46,732|release|'8'
2019-11-22 17:24:46,814|press|'8'
2019-11-22 17:24:46,866|release|'8'
2019-11-22 17:24:52,038|press|'7'
2019-11-22 17:24:52,106|release|'7'
2019-11-22 17:24:53,784|press|'2'
2019-11-22 17:24:53,869|release|'2'
2019-11-22 17:24:54,197|press|'5'
2019-11-22 17:24:54,266|release|'5'
2019-11-22 17:24:54,305|press|'2'
2019-11-22 17:24:54,373|release|'2'
2019-11-22 17:24:55,309|press|Key.shift
2019-11-22 17:24:55,964|press|','
2019-11-22 17:24:56,028|release|','
2019-11-22 17:24:56,069|release|Key.shift
2019-11-22 17:24:56,398|press|'4'
2019-11-22 17:24:56,438|release|'4'
2019-11-22 17:24:56,505|press|'4'
2019-11-22 17:24:56,565|release|'4'
2019-11-22 17:24:59,533|press|'4'
2019-11-22 17:24:59,642|release|'4'
2019-11-22 17:25:01,245|press|'3'
2019-11-22 17:25:01,342|press|'1'
2019-11-22 17:25:01,381|release|'3'
2019-11-22 17:25:01,449|release|'1'
2019-11-22 17:25:01,507|press|'4'
2019-11-22 17:25:01,607|release|'4'
2019-11-22 17:25:03,108|press|Key.shift
2019-11-22 17:25:03,840|press|','
2019-11-22 17:25:03,901|release|','
2019-11-22 17:25:04,004|release|Key.shift
2019-11-22 17:25:04,610|press|'4'
2019-11-22 17:25:04,662|release|'4'
2019-11-22 17:25:04,740|press|'4'
2019-11-22 17:25:04,812|release|'4'
2019-11-22 17:25:06,805|press|'3'
2019-11-22 17:25:06,876|release|'3'
2019-11-22 17:25:08,275|press|'0'
2019-11-22 17:25:08,363|release|'0'
2019-11-22 17:25:08,493|press|'9'
2019-11-22 17:25:08,569|release|'9'
2019-11-22 17:25:08,595|press|'2'
2019-11-22 17:25:08,659|release|'2'
2019-11-22 17:25:09,205|press|Key.shift
2019-11-22 17:25:10,261|press|','
2019-11-22 17:25:10,325|release|','
2019-11-22 17:25:10,365|release|Key.shift
2019-11-22 17:25:11,154|press|'4'
2019-11-22 17:25:11,187|release|'4'
2019-11-22 17:25:11,278|press|'4'
2019-11-22 17:25:11,330|release|'4'
2019-11-22 17:25:14,080|press|'7'
2019-11-22 17:25:14,141|release|'7'
2019-11-22 17:25:17,019|press|'8'
2019-11-22 17:25:17,095|press|'7'
2019-11-22 17:25:17,098|release|'8'
2019-11-22 17:25:17,183|release|'7'
2019-11-22 17:25:17,464|press|'2'
2019-11-22 17:25:17,541|release|'2'
2019-11-22 17:25:18,045|press|Key.shift
2019-11-22 17:25:18,205|release|Key.shift
2019-11-22 17:25:21,044|press|'4'
2019-11-22 17:25:21,122|release|'4'
2019-11-22 17:25:21,341|press|'2'
2019-11-22 17:25:21,409|release|'2'
2019-11-22 17:25:21,485|press|'2'
2019-11-22 17:25:21,545|release|'2'
2019-11-22 17:25:21,828|press|'1'
2019-11-22 17:25:21,948|release|'1'
2019-11-22 17:25:23,994|press|'3'
2019-11-22 17:25:24,072|release|'3'
2019-11-22 17:25:25,420|press|'9'
2019-11-22 17:25:25,489|release|'9'
2019-11-22 17:25:27,695|press|'3'
2019-11-22 17:25:27,795|press|'4'
2019-11-22 17:25:27,826|release|'3'
2019-11-22 17:25:27,927|release|'4'
2019-11-22 17:25:44,376|press|Key.ctrl
2019-11-22 17:25:44,545|release|Key.ctrl
2019-11-22 17:25:45,818|press|Key.ctrl
2019-11-22 17:25:46,185|release|Key.ctrl
2019-11-22 17:25:59,805|press|Key.ctrl
2019-11-22 17:25:59,953|release|Key.ctrl
2019-11-22 17:26:16,574|press|Key.ctrl
2019-11-22 17:26:16,816|release|Key.ctrl
2019-11-22 17:26:32,703|press|Key.ctrl
2019-11-22 17:26:33,075|release|Key.ctrl
2019-11-22 17:26:33,717|press|Key.ctrl
2019-11-22 17:26:34,042|release|Key.ctrl
2019-11-22 17:26:46,322|press|Key.shift
2019-11-22 17:26:46,454|press|'И'
2019-11-22 17:26:46,494|release|Key.shift
2019-11-22 17:26:46,566|release|'и'
2019-11-22 17:26:47,456|press|'т'
2019-11-22 17:26:47,588|release|'т'
2019-11-22 17:26:47,644|press|'о'
2019-11-22 17:26:47,705|release|'о'
2019-11-22 17:26:47,794|press|'г'
2019-11-22 17:26:47,850|release|'г'
2019-11-22 17:26:47,925|press|'о'
2019-11-22 17:26:47,961|release|'о'
2019-11-22 17:26:54,826|press|Key.backspace
2019-11-22 17:26:54,894|release|Key.backspace
2019-11-22 17:27:07,150|press|Key.shift
2019-11-22 17:27:07,270|press|'О'
2019-11-22 17:27:07,322|release|Key.shift
2019-11-22 17:27:07,366|press|'т'
2019-11-22 17:27:07,369|release|'о'
2019-11-22 17:27:07,454|release|'т'
2019-11-22 17:27:07,888|press|'ч'
2019-11-22 17:27:07,980|release|'ч'
2019-11-22 17:27:08,089|press|'е'
2019-11-22 17:27:08,161|release|'е'
2019-11-22 17:27:08,184|press|'т'
2019-11-22 17:27:08,232|press|Key.space
2019-11-22 17:27:08,256|release|'т'
2019-11-22 17:27:08,320|release|Key.space
2019-11-22 17:27:08,416|press|'п'
2019-11-22 17:27:08,472|press|'о'
2019-11-22 17:27:08,488|release|'п'
2019-11-22 17:27:08,536|release|'о'
2019-11-22 17:27:08,540|press|Key.space
2019-11-22 17:27:08,612|release|Key.space
2019-11-22 17:27:09,116|press|'3'
2019-11-22 17:27:09,208|press|Key.space
2019-11-22 17:27:09,229|release|'3'
2019-11-22 17:27:09,272|release|Key.space
2019-11-22 17:27:10,358|press|'ф'
2019-11-22 17:27:10,442|release|'ф'
2019-11-22 17:27:10,536|press|'и'
2019-11-22 17:27:10,604|release|'и'
2019-11-22 17:27:10,618|press|'л'
2019-11-22 17:27:10,690|release|'л'
2019-11-22 17:27:11,276|press|'а'
2019-11-22 17:27:11,380|release|'а'
2019-11-22 17:27:11,810|press|Key.backspace
2019-11-22 17:27:11,878|release|Key.backspace
2019-11-22 17:27:11,918|press|'и'
2019-11-22 17:27:11,983|release|'и'
2019-11-22 17:27:12,399|press|'а'
2019-11-22 17:27:12,503|release|'а'
2019-11-22 17:27:12,536|press|'л'
2019-11-22 17:27:12,620|release|'л'
2019-11-22 17:27:12,958|press|'а'
2019-11-22 17:27:13,036|release|'а'
2019-11-22 17:27:13,106|press|'м'
2019-11-22 17:27:13,198|release|'м'
2019-11-22 17:28:11,555|press|Key.shift
2019-11-22 17:28:11,771|press|'А'
2019-11-22 17:28:11,806|release|Key.shift
2019-11-22 17:28:11,871|release|'а'
2019-11-22 17:28:12,059|press|Key.backspace
2019-11-22 17:28:12,159|release|Key.backspace
2019-11-22 17:28:12,838|press|Key.cmd
2019-11-22 17:28:12,939|release|Key.cmd
2019-11-22 17:28:13,457|press|Key.space
2019-11-22 17:28:13,472|press|Key.cmd
2019-11-22 17:28:13,557|release|Key.space
2019-11-22 17:28:13,597|release|Key.cmd
2019-11-22 17:28:13,760|press|'ф'
2019-11-22 17:28:13,885|release|'ф'
2019-11-22 17:28:13,926|press|'и'
2019-11-22 17:28:14,014|release|'и'
2019-11-22 17:28:14,139|press|'о'
2019-11-22 17:28:14,231|release|'о'
2019-11-22 17:28:14,649|press|Key.backspace
2019-11-22 17:28:14,752|release|Key.backspace
2019-11-22 17:28:14,896|press|'л'
2019-11-22 17:28:15,008|release|'л'
2019-11-22 17:28:15,727|press|'а'
2019-11-22 17:28:15,762|release|'а'
2019-11-22 17:28:15,921|press|'и'
2019-11-22 17:28:15,973|release|'и'
2019-11-22 17:28:16,040|press|Key.backspace
2019-11-22 17:28:16,112|release|Key.backspace
2019-11-22 17:28:16,346|press|Key.backspace
2019-11-22 17:28:16,436|release|Key.backspace
2019-11-22 17:28:16,455|press|'и'
2019-11-22 17:28:16,536|press|'а'
2019-11-22 17:28:16,575|release|'и'
2019-11-22 17:28:16,595|press|'л'
2019-11-22 17:28:16,611|release|'а'
2019-11-22 17:28:16,712|release|'л'
2019-11-22 17:28:17,186|press|Key.space
2019-11-22 17:28:17,282|release|Key.space
2019-11-22 17:28:17,858|press|Key.backspace
2019-11-22 17:28:17,943|release|Key.backspace
2019-11-22 17:28:18,365|press|'5'
2019-11-22 17:28:18,474|release|'5'
2019-11-22 17:28:32,414|press|'а'
2019-11-22 17:28:32,523|release|'а'
2019-11-22 17:28:32,999|press|Key.backspace
2019-11-22 17:28:33,064|release|Key.backspace
2019-11-22 17:28:33,853|press|'а'
2019-11-22 17:28:33,954|release|'а'
2019-11-22 17:28:34,022|press|'ш'
2019-11-22 17:28:34,103|release|'ш'
2019-11-22 17:28:34,484|press|Key.backspace
2019-11-22 17:28:34,572|release|Key.backspace
2019-11-22 17:28:34,612|press|Key.backspace
2019-11-22 17:28:34,685|release|Key.backspace
2019-11-22 17:28:41,642|press|'а'
2019-11-22 17:28:41,751|release|'а'
2019-11-22 17:28:42,229|press|Key.backspace
2019-11-22 17:28:42,290|release|Key.backspace
2019-11-22 17:28:42,458|press|'а'
2019-11-22 17:28:42,548|release|'а'
2019-11-22 17:28:42,885|press|Key.backspace
2019-11-22 17:28:42,961|release|Key.backspace
2019-11-22 17:28:43,390|press|'ф'
2019-11-22 17:28:43,486|release|'ф'
2019-11-22 17:28:43,646|press|'и'
2019-11-22 17:28:43,746|release|'и'
2019-11-22 17:28:43,995|press|Key.backspace
2019-11-22 17:28:44,067|release|Key.backspace
2019-11-22 17:28:44,137|press|Key.backspace
2019-11-22 17:28:44,213|release|Key.backspace
2019-11-22 17:28:45,713|press|Key.space
2019-11-22 17:28:45,716|press|Key.cmd
2019-11-22 17:28:45,833|release|Key.space
2019-11-22 17:28:45,858|release|Key.cmd
2019-11-22 17:28:46,367|press|'ь'
2019-11-22 17:28:46,440|press|'ф'
2019-11-22 17:28:46,451|release|'ь'
2019-11-22 17:28:46,520|release|'ф'
2019-11-22 17:28:46,542|press|'ш'
2019-11-22 17:28:46,614|release|'ш'
2019-11-22 17:28:46,724|press|'д'
2019-11-22 17:28:46,808|release|'д'
2019-11-22 17:28:47,114|press|Key.backspace
2019-11-22 17:28:47,162|release|Key.backspace
2019-11-22 17:28:47,237|press|Key.backspace
2019-11-22 17:28:47,286|release|Key.backspace
2019-11-22 17:28:47,356|press|Key.backspace
2019-11-22 17:28:47,410|release|Key.backspace
2019-11-22 17:28:47,472|press|Key.backspace
2019-11-22 17:28:47,540|release|Key.backspace
2019-11-22 17:28:47,778|press|Key.space
2019-11-22 17:28:47,818|press|Key.cmd
2019-11-22 17:28:47,890|release|Key.space
2019-11-22 17:28:47,919|release|Key.cmd
2019-11-22 17:28:48,328|press|'ь'
2019-11-22 17:28:48,377|press|'ф'
2019-11-22 17:28:48,389|release|'ь'
2019-11-22 17:28:48,474|release|'ф'
2019-11-22 17:28:48,811|press|Key.backspace
2019-11-22 17:28:48,859|release|Key.backspace
2019-11-22 17:28:48,943|press|Key.backspace
2019-11-22 17:28:48,993|release|Key.backspace
2019-11-22 17:28:49,554|press|Key.space
2019-11-22 17:28:49,573|press|Key.cmd
2019-11-22 17:28:49,638|release|Key.space
2019-11-22 17:28:49,655|release|Key.cmd
2019-11-22 17:28:50,012|press|'ь'
2019-11-22 17:28:50,074|release|'ь'
2019-11-22 17:28:50,090|press|'ф'
2019-11-22 17:28:50,156|release|'ф'
2019-11-22 17:28:50,564|press|Key.backspace
2019-11-22 17:28:50,619|release|Key.backspace
2019-11-22 17:28:50,694|press|Key.backspace
2019-11-22 17:28:50,750|release|Key.backspace
2019-11-22 17:28:51,270|press|Key.cmd
2019-11-22 17:28:51,278|press|Key.space
2019-11-22 17:28:51,350|release|Key.cmd
2019-11-22 17:28:51,382|release|Key.space
2019-11-22 17:28:51,830|press|'m'
2019-11-22 17:28:51,918|release|'m'
2019-11-22 17:28:51,981|press|'a'
2019-11-22 17:28:52,065|release|'a'
2019-11-22 17:28:52,357|press|Key.enter
2019-11-22 17:28:52,441|release|Key.enter
2019-11-22 17:29:11,461|press|'f'
2019-11-22 17:29:11,549|release|'f'
2019-11-22 17:29:11,591|press|'i'
2019-11-22 17:29:11,675|release|'i'
2019-11-22 17:29:11,800|press|'l'
2019-11-22 17:29:11,893|release|'l'
2019-11-22 17:29:12,034|press|'i'
2019-11-22 17:29:12,122|release|'i'
2019-11-22 17:29:12,182|press|'a'
2019-11-22 17:29:12,246|release|'a'
2019-11-22 17:29:12,386|press|'l'
2019-11-22 17:29:12,474|release|'l'
2019-11-22 17:29:14,086|press|Key.space
2019-11-22 17:29:14,171|release|Key.space
2019-11-22 17:29:14,189|press|'a'
2019-11-22 17:29:14,285|release|'a'
2019-11-22 17:29:14,489|press|Key.backspace
2019-11-22 17:29:14,569|release|Key.backspace
2019-11-22 17:29:14,638|press|Key.backspace
2019-11-22 17:29:14,683|press|Key.shift
2019-11-22 17:29:14,699|release|Key.backspace
2019-11-22 17:29:14,806|press|'_'
2019-11-22 17:29:14,886|press|'A'
2019-11-22 17:29:14,898|release|Key.shift
2019-11-22 17:29:14,918|release|'-'
2019-11-22 17:29:14,959|release|'a'
2019-11-22 17:29:15,117|press|'a'
2019-11-22 17:29:15,177|release|'a'
2019-11-22 17:29:15,461|press|Key.backspace
2019-11-22 17:29:15,533|release|Key.backspace
2019-11-22 17:29:15,892|press|Key.shift
2019-11-22 17:29:16,092|release|Key.shift
2019-11-22 17:29:16,095|press|'2'
2019-11-22 17:29:16,172|release|'2'
2019-11-22 17:29:16,439|press|'m'
2019-11-22 17:29:16,547|release|'m'
2019-11-22 17:29:16,727|press|Key.backspace
2019-11-22 17:29:16,800|release|Key.backspace
2019-11-22 17:29:16,862|press|Key.backspace
2019-11-22 17:29:16,935|release|Key.backspace
2019-11-22 17:29:17,499|press|Key.shift
2019-11-22 17:29:17,883|press|'@'
2019-11-22 17:29:17,999|release|Key.shift
2019-11-22 17:29:18,011|release|'2'
2019-11-22 17:29:18,294|press|Key.backspace
2019-11-22 17:29:18,352|release|Key.backspace
2019-11-22 17:29:18,706|press|'2'
2019-11-22 17:29:18,818|release|'2'
2019-11-22 17:29:19,173|press|Key.backspace
2019-11-22 17:29:19,251|press|Key.shift
2019-11-22 17:29:19,256|release|Key.backspace
2019-11-22 17:29:19,305|press|'@'
2019-11-22 17:29:19,425|release|Key.shift
2019-11-22 17:29:19,445|release|'2'
2019-11-22 17:29:19,707|press|'m'
2019-11-22 17:29:19,795|release|'m'
2019-11-22 17:29:19,803|press|'a'
2019-11-22 17:29:19,867|release|'a'
2019-11-22 17:29:19,937|press|'i'
2019-11-22 17:29:20,006|release|'i'
2019-11-22 17:29:20,110|press|'l'
2019-11-22 17:29:20,186|release|'l'
2019-11-22 17:29:20,321|press|'.'
2019-11-22 17:29:20,414|release|'.'
2019-11-22 17:29:20,565|press|'r'
2019-11-22 17:29:20,674|release|'r'
2019-11-22 17:29:20,686|press|'u'
2019-11-22 17:29:20,798|release|'u'
2019-11-22 17:29:27,649|press|'f'
2019-11-22 17:29:27,750|release|'f'
2019-11-22 17:29:27,774|press|'i'
2019-11-22 17:29:27,875|release|'i'
2019-11-22 17:29:28,080|press|'l'
2019-11-22 17:29:28,153|release|'l'
2019-11-22 17:29:28,324|press|'i'
2019-11-22 17:29:28,421|release|'i'
2019-11-22 17:29:28,576|press|'a'
2019-11-22 17:29:28,652|release|'a'
2019-11-22 17:29:28,756|press|'l'
2019-11-22 17:29:28,841|release|'l'
2019-11-22 17:29:42,813|press|Key.right
2019-11-22 17:29:42,921|release|Key.right
2019-11-22 17:29:43,066|press|Key.shift
2019-11-22 17:29:43,258|press|'_'
2019-11-22 17:29:43,322|release|'_'
2019-11-22 17:29:43,379|release|Key.shift
2019-11-22 17:29:44,548|press|'b'
2019-11-22 17:29:44,648|release|'b'
2019-11-22 17:29:45,268|press|Key.shift
2019-11-22 17:29:45,504|press|'@'
2019-11-22 17:29:45,568|release|Key.shift
2019-11-22 17:29:45,624|release|'2'
2019-11-22 17:29:45,797|press|'m'
2019-11-22 17:29:45,865|release|'m'
2019-11-22 17:29:45,877|press|'a'
2019-11-22 17:29:45,945|release|'a'
2019-11-22 17:29:46,014|press|'i'
2019-11-22 17:29:46,075|release|'i'
2019-11-22 17:29:46,160|press|'l'
2019-11-22 17:29:46,228|release|'l'
2019-11-22 17:29:46,329|press|'.'
2019-11-22 17:29:46,373|release|'.'
2019-11-22 17:29:46,434|press|'r'
2019-11-22 17:29:46,522|release|'r'
2019-11-22 17:29:46,620|press|'u'
2019-11-22 17:29:46,696|release|'u'
2019-11-22 17:30:05,249|press|'f'
2019-11-22 17:30:05,353|release|'f'
2019-11-22 17:30:05,470|press|'i'
2019-11-22 17:30:05,534|release|'i'
2019-11-22 17:30:05,703|press|'l'
2019-11-22 17:30:05,807|release|'l'
2019-11-22 17:30:06,298|press|'i'
2019-11-22 17:30:06,370|release|'i'
2019-11-22 17:30:06,602|press|'a'
2019-11-22 17:30:06,690|release|'a'
2019-11-22 17:30:06,790|press|'l'
2019-11-22 17:30:06,886|release|'l'
2019-11-22 17:30:07,620|press|'.'
2019-11-22 17:30:07,708|release|'.'
2019-11-22 17:30:07,947|press|'v'
2019-11-22 17:30:08,041|release|'v'
2019-11-22 17:30:08,332|press|Key.shift
2019-11-22 17:30:08,588|release|Key.shift
2019-11-22 17:30:09,185|press|Key.shift
2019-11-22 17:30:09,265|press|'@'
2019-11-22 17:30:09,313|release|Key.shift
2019-11-22 17:30:09,369|release|'2'
2019-11-22 17:30:09,462|press|'m'
2019-11-22 17:30:09,539|release|'m'
2019-11-22 17:30:09,574|press|'a'
2019-11-22 17:30:09,650|release|'a'
2019-11-22 17:30:09,691|press|'i'
2019-11-22 17:30:09,751|release|'i'
2019-11-22 17:30:09,856|press|'l'
2019-11-22 17:30:09,911|release|'l'
2019-11-22 17:30:10,022|press|'.'
2019-11-22 17:30:10,119|release|'.'
2019-11-22 17:30:10,207|press|'r'
2019-11-22 17:30:10,312|release|'r'
2019-11-22 17:30:10,371|press|'u'
2019-11-22 17:30:10,491|release|'u'
2019-11-22 17:30:29,654|press|Key.backspace
2019-11-22 17:30:29,719|release|Key.backspace
2019-11-22 17:30:29,909|press|'.'
2019-11-22 17:30:29,990|release|'.'
2019-11-22 17:30:31,754|press|Key.shift
2019-11-22 17:30:31,913|press|'J'
2019-11-22 17:30:31,965|release|Key.shift
2019-11-22 17:30:31,994|release|'j'
2019-11-22 17:30:32,341|press|Key.backspace
2019-11-22 17:30:32,414|release|Key.backspace
2019-11-22 17:30:33,057|press|Key.space
2019-11-22 17:30:33,073|press|Key.cmd
2019-11-22 17:30:33,161|release|Key.space
2019-11-22 17:30:33,194|release|Key.cmd
2019-11-22 17:30:33,376|press|Key.shift
2019-11-22 17:30:33,484|press|'J'
2019-11-22 17:30:33,564|release|'J'
2019-11-22 17:30:33,568|release|Key.shift
2019-11-22 17:30:33,596|press|'n'
2019-11-22 17:30:33,685|release|'n'
2019-11-22 17:30:34,130|press|Key.backspace
2019-11-22 17:30:34,182|release|Key.backspace
2019-11-22 17:30:34,248|press|Key.backspace
2019-11-22 17:30:34,312|release|Key.backspace
2019-11-22 17:30:34,556|press|Key.cmd
2019-11-22 17:30:34,567|press|Key.space
2019-11-22 17:30:34,688|release|Key.cmd
2019-11-22 17:30:34,715|release|Key.space
2019-11-22 17:30:34,939|press|'о'
2019-11-22 17:30:35,064|release|'о'
2019-11-22 17:30:35,151|press|'т'
2019-11-22 17:30:35,272|release|'т'
2019-11-22 17:30:35,523|press|Key.backspace
2019-11-22 17:30:35,575|release|Key.backspace
2019-11-22 17:30:35,645|press|Key.backspace
2019-11-22 17:30:35,702|press|Key.shift
2019-11-22 17:30:35,713|release|Key.backspace
2019-11-22 17:30:35,881|press|'О'
2019-11-22 17:30:35,929|release|Key.shift
2019-11-22 17:30:35,969|press|'т'
2019-11-22 17:30:35,980|release|'о'
2019-11-22 17:30:36,077|release|'т'
2019-11-22 17:30:36,137|press|'ч'
2019-11-22 17:30:36,217|release|'ч'
2019-11-22 17:30:36,311|press|'е'
2019-11-22 17:30:36,383|release|'е'
2019-11-22 17:30:36,445|press|'т'
2019-11-22 17:30:36,518|release|'т'
2019-11-22 17:30:36,570|press|'ы'
2019-11-22 17:30:36,643|release|'ы'
2019-11-22 17:30:36,955|press|Key.space
2019-11-22 17:30:37,031|release|Key.space
2019-11-22 17:30:37,556|press|'п'
2019-11-22 17:30:37,628|release|'п'
2019-11-22 17:30:37,669|press|'о'
2019-11-22 17:30:37,733|release|'о'
2019-11-22 17:30:37,741|press|Key.space
2019-11-22 17:30:37,793|release|Key.space
2019-11-22 17:30:38,311|press|Key.space
2019-11-22 17:30:38,380|release|Key.space
2019-11-22 17:30:38,663|press|Key.backspace
2019-11-22 17:30:38,745|release|Key.backspace
2019-11-22 17:30:38,794|press|'3'
2019-11-22 17:30:38,824|press|Key.space
2019-11-22 17:30:38,891|release|'3'
2019-11-22 17:30:38,923|release|Key.space
2019-11-22 17:30:39,439|press|'ф'
2019-11-22 17:30:39,503|release|'ф'
2019-11-22 17:30:39,666|press|'л'
2019-11-22 17:30:39,746|release|'л'
2019-11-22 17:30:39,797|press|'и'
2019-11-22 17:30:39,897|release|'и'
2019-11-22 17:30:40,207|press|Key.backspace
2019-11-22 17:30:40,247|release|Key.backspace
2019-11-22 17:30:40,315|press|Key.backspace
2019-11-22 17:30:40,367|release|Key.backspace
2019-11-22 17:30:40,450|press|'и'
2019-11-22 17:30:40,515|release|'и'
2019-11-22 17:30:40,528|press|'л'
2019-11-22 17:30:40,624|release|'л'
2019-11-22 17:30:41,140|press|'и'
2019-11-22 17:30:41,176|release|'и'
2019-11-22 17:30:41,724|press|'а'
2019-11-22 17:30:41,792|release|'а'
2019-11-22 17:30:41,931|press|'л'
2019-11-22 17:30:42,015|release|'л'
2019-11-22 17:30:42,037|press|'а'
2019-11-22 17:30:42,145|release|'а'
2019-11-22 17:30:42,219|press|'м'
2019-11-22 17:30:42,315|release|'м'
2019-11-22 17:30:48,559|press|Key.shift
2019-11-22 17:30:48,876|release|Key.shift
2019-11-22 17:30:49,077|press|'д'
2019-11-22 17:30:49,129|release|'д'
2019-11-22 17:30:49,180|press|Key.shift
2019-11-22 17:30:49,569|release|Key.shift
2019-11-22 17:30:49,867|press|Key.backspace
2019-11-22 17:30:49,923|release|Key.backspace
2019-11-22 17:30:49,960|press|Key.shift
2019-11-22 17:30:50,060|press|'Д'
2019-11-22 17:30:50,148|release|'Д'
2019-11-22 17:30:50,216|release|Key.shift
2019-11-22 17:30:50,247|press|'о'
2019-11-22 17:30:50,307|release|'о'
2019-11-22 17:30:50,396|press|'б'
2019-11-22 17:30:50,480|release|'б'
2019-11-22 17:30:50,643|press|'р'
2019-11-22 17:30:50,726|release|'р'
2019-11-22 17:30:50,728|press|'ы'
2019-11-22 17:30:50,797|release|'ы'
2019-11-22 17:30:50,918|press|'й'
2019-11-22 17:30:51,010|release|'й'
2019-11-22 17:30:51,011|press|Key.space
2019-11-22 17:30:51,094|release|Key.space
2019-11-22 17:30:51,110|press|'д'
2019-11-22 17:30:51,198|release|'д'
2019-11-22 17:30:51,220|press|'е'
2019-11-22 17:30:51,292|release|'е'
2019-11-22 17:30:51,338|press|'н'
2019-11-22 17:30:51,398|release|'н'
2019-11-22 17:30:51,527|press|'ь'
2019-11-22 17:30:51,591|press|Key.shift
2019-11-22 17:30:51,611|release|'Ь'
2019-11-22 17:30:51,884|release|Key.shift
2019-11-22 17:30:52,267|press|Key.shift
2019-11-22 17:30:52,347|press|'!'
2019-11-22 17:30:52,423|release|Key.shift
2019-11-22 17:30:52,447|release|'1'
2019-11-22 17:30:52,562|press|Key.space
2019-11-22 17:30:52,666|release|Key.space
2019-11-22 17:30:52,762|press|Key.shift
2019-11-22 17:30:52,862|press|'В'
2019-11-22 17:30:52,944|release|Key.shift
2019-11-22 17:30:52,945|press|'ы'
2019-11-22 17:30:53,006|release|'в'
2019-11-22 17:30:53,050|release|'ы'
2019-11-22 17:30:53,285|press|'с'
2019-11-22 17:30:53,397|release|'с'
2019-11-22 17:30:53,425|press|'ы'
2019-11-22 17:30:53,513|release|'ы'
2019-11-22 17:30:53,569|press|'л'
2019-11-22 17:30:53,657|release|'л'
2019-11-22 17:30:53,971|press|'а'
2019-11-22 17:30:54,055|release|'а'
2019-11-22 17:30:54,096|press|'ю'
2019-11-22 17:30:54,192|release|'ю'
2019-11-22 17:30:54,378|press|Key.space
2019-11-22 17:30:54,397|release|Key.space
2019-11-22 17:30:54,880|press|'о'
2019-11-22 17:30:54,961|press|'т'
2019-11-22 17:30:54,992|release|'о'
2019-11-22 17:30:55,064|release|'т'
2019-11-22 17:30:55,078|press|'ч'
2019-11-22 17:30:55,170|release|'ч'
2019-11-22 17:30:55,260|press|'е'
2019-11-22 17:30:55,332|release|'е'
2019-11-22 17:30:55,454|press|'т'
2019-11-22 17:30:55,530|release|'т'
2019-11-22 17:30:56,665|press|Key.space
2019-11-22 17:30:56,745|release|Key.space
2019-11-22 17:30:56,833|press|'п'
2019-11-22 17:30:56,933|release|'п'
2019-11-22 17:30:57,200|press|'о'
2019-11-22 17:30:57,259|release|'о'
2019-11-22 17:30:57,291|press|Key.space
2019-11-22 17:30:57,371|release|Key.space
2019-11-22 17:30:57,969|press|'3'
2019-11-22 17:30:58,077|press|Key.space
2019-11-22 17:30:58,080|release|'3'
2019-11-22 17:30:58,149|release|Key.space
2019-11-22 17:30:58,391|press|'ф'
2019-11-22 17:30:58,463|release|'ф'
2019-11-22 17:30:58,616|press|'и'
2019-11-22 17:30:58,708|release|'и'
2019-11-22 17:30:58,758|press|'л'
2019-11-22 17:30:58,834|release|'л'
2019-11-22 17:30:58,874|press|'и'
2019-11-22 17:30:58,950|release|'и'
2019-11-22 17:30:59,329|press|'а'
2019-11-22 17:30:59,425|release|'а'
2019-11-22 17:30:59,506|press|'л'
2019-11-22 17:30:59,590|release|'л'
2019-11-22 17:30:59,676|press|'а'
2019-11-22 17:30:59,792|release|'а'
2019-11-22 17:30:59,874|press|'м'
2019-11-22 17:30:59,978|release|'м'
2019-11-22 17:31:00,323|press|Key.shift
2019-11-22 17:31:00,475|press|'!'
2019-11-22 17:31:00,513|release|'!'
2019-11-22 17:31:00,595|release|Key.shift
2019-11-22 17:31:24,463|press|Key.cmd
2019-11-22 17:31:24,464|press|Key.space
2019-11-22 17:31:24,595|release|Key.cmd
2019-11-22 17:31:24,606|release|Key.space
2019-11-22 17:31:25,120|press|Key.shift
2019-11-22 17:31:25,467|press|'S'
2019-11-22 17:31:25,579|release|'S'
2019-11-22 17:31:25,744|release|Key.shift
2019-11-22 17:31:26,410|press|Key.enter
