2019-12-12 12:59:32,709|release|Key.enter
2019-12-12 12:59:55,699|release|Key.enter
2019-12-12 13:00:20,222|press|'k'
2019-12-12 13:00:20,284|release|'k'
2019-12-12 13:00:20,541|press|'r'
2019-12-12 13:00:20,604|release|'r'
2019-12-12 13:00:20,619|press|'a'
2019-12-12 13:00:20,696|release|'a'
2019-12-12 13:00:28,043|press|Key.space
2019-12-12 13:00:28,047|press|Key.cmd
2019-12-12 13:00:28,163|release|Key.space
2019-12-12 13:00:28,179|release|Key.cmd
2019-12-12 13:00:28,646|press|Key.shift
2019-12-12 13:00:28,994|press|'F'
2019-12-12 13:00:29,095|release|Key.shift
2019-12-12 13:00:29,095|release|'f'
2019-12-12 13:00:29,384|press|'l'
2019-12-12 13:00:29,404|release|'l'
2019-12-12 13:00:29,776|press|Key.backspace
2019-12-12 13:00:29,840|release|Key.backspace
2019-12-12 13:00:30,304|press|'y'
2019-12-12 13:00:30,376|release|'y'
2019-12-12 13:00:30,690|press|'l'
2019-12-12 13:00:30,742|release|'l'
2019-12-12 13:00:30,933|press|'h'
2019-12-12 13:00:31,018|release|'h'
2019-12-12 13:00:31,033|press|'t'
2019-12-12 13:00:31,094|release|'t'
2019-12-12 13:00:31,174|press|'t'
2019-12-12 13:00:31,246|release|'t'
2019-12-12 13:00:32,867|press|Key.cmd
2019-12-12 13:00:32,915|press|Key.backspace
2019-12-12 13:00:32,986|release|Key.backspace
2019-12-12 13:00:33,016|release|Key.cmd
2019-12-12 13:00:33,778|press|Key.cmd
2019-12-12 13:00:33,786|press|Key.space
2019-12-12 13:00:33,922|release|Key.cmd
2019-12-12 13:00:33,942|release|Key.space
2019-12-12 13:00:34,820|press|Key.shift
2019-12-12 13:00:35,112|press|'А'
2019-12-12 13:00:35,160|release|'А'
2019-12-12 13:00:35,193|release|Key.shift
2019-12-12 13:00:35,445|press|'н'
2019-12-12 13:00:35,523|release|'н'
2019-12-12 13:00:35,865|press|'д'
2019-12-12 13:00:35,923|release|'д'
2019-12-12 13:00:36,075|press|'р'
2019-12-12 13:00:36,127|release|'р'
2019-12-12 13:00:36,148|press|'е'
2019-12-12 13:00:36,216|release|'е'
2019-12-12 13:00:36,292|press|'е'
2019-12-12 13:00:36,356|release|'е'
2019-12-12 13:00:36,675|press|'в'
2019-12-12 13:00:36,747|release|'в'
2019-12-12 13:00:39,927|press|Key.space
2019-12-12 13:00:39,995|release|Key.space
2019-12-12 13:00:40,302|press|Key.shift
2019-12-12 13:00:40,506|press|'И'
2019-12-12 13:00:40,574|release|'И'
2019-12-12 13:00:40,582|release|Key.shift
2019-12-12 13:00:40,675|press|'г'
2019-12-12 13:00:40,747|release|'г'
2019-12-12 13:00:40,825|press|'о'
2019-12-12 13:00:40,885|release|'о'
2019-12-12 13:00:40,966|press|'р'
2019-12-12 13:00:41,034|release|'р'
2019-12-12 13:00:41,715|press|'ь'
2019-12-12 13:00:41,779|release|'ь'
2019-12-12 13:00:41,879|press|Key.space
2019-12-12 13:00:41,987|release|Key.space
2019-12-12 13:00:42,346|press|Key.shift
2019-12-12 13:00:42,702|press|'А'
2019-12-12 13:00:42,785|release|Key.shift
2019-12-12 13:00:42,785|release|'а'
2019-12-12 13:00:43,006|press|'л'
2019-12-12 13:00:43,093|press|'е'
2019-12-12 13:00:43,093|release|'л'
2019-12-12 13:00:43,142|release|'е'
2019-12-12 13:00:43,276|press|'к'
2019-12-12 13:00:43,336|release|'к'
2019-12-12 13:00:43,493|press|'с'
2019-12-12 13:00:43,577|release|'с'
2019-12-12 13:00:43,679|press|'а'
2019-12-12 13:00:43,743|release|'а'
2019-12-12 13:00:43,811|press|'н'
2019-12-12 13:00:43,883|release|'н'
2019-12-12 13:00:44,211|press|'д'
2019-12-12 13:00:44,279|release|'д'
2019-12-12 13:00:44,415|press|'р'
2019-12-12 13:00:44,495|press|'о'
2019-12-12 13:00:44,539|release|'р'
2019-12-12 13:00:44,591|release|'о'
2019-12-12 13:00:44,697|press|'в'
2019-12-12 13:00:44,761|press|'и'
2019-12-12 13:00:44,768|release|'в'
2019-12-12 13:00:44,841|release|'и'
2019-12-12 13:00:45,001|press|'ч'
2019-12-12 13:00:45,094|release|'ч'
2019-12-12 13:00:45,654|press|Key.shift
2019-12-12 13:00:45,854|press|','
2019-12-12 13:00:45,918|release|','
2019-12-12 13:00:45,946|release|Key.shift
2019-12-12 13:00:45,968|press|Key.space
2019-12-12 13:00:46,052|release|Key.space
2019-12-12 13:00:48,893|press|Key.shift
2019-12-12 13:00:49,060|press|'Д'
2019-12-12 13:00:49,113|release|Key.shift
2019-12-12 13:00:49,117|release|'д'
2019-12-12 13:00:49,267|press|'и'
2019-12-12 13:00:49,360|release|'и'
2019-12-12 13:00:49,438|press|'р'
2019-12-12 13:00:49,550|release|'р'
2019-12-12 13:00:49,630|press|'е'
2019-12-12 13:00:49,702|release|'е'
2019-12-12 13:00:49,819|press|'к'
2019-12-12 13:00:49,891|release|'к'
2019-12-12 13:00:49,930|press|'т'
2019-12-12 13:00:50,006|press|'о'
2019-12-12 13:00:50,042|release|'т'
2019-12-12 13:00:50,102|release|'о'
2019-12-12 13:00:50,151|press|'р'
2019-12-12 13:00:50,231|release|'р'
2019-12-12 13:00:51,734|press|Key.shift
2019-12-12 13:00:52,234|press|','
2019-12-12 13:00:52,247|release|','
2019-12-12 13:00:52,263|release|Key.shift
2019-12-12 13:00:52,285|press|Key.space
2019-12-12 13:00:52,390|release|Key.space
2019-12-12 13:00:54,560|press|'5'
2019-12-12 13:00:54,632|release|'5'
2019-12-12 13:00:54,806|press|'0'
2019-12-12 13:00:54,889|release|'0'
2019-12-12 13:00:54,930|press|'0'
2019-12-12 13:00:54,994|release|'0'
2019-12-12 13:00:56,050|press|'0'
2019-12-12 13:00:56,098|release|'0'
2019-12-12 13:00:56,190|press|'0'
2019-12-12 13:00:56,247|release|'0'
2019-12-12 13:00:56,366|press|'0'
2019-12-12 13:00:56,439|release|'0'
2019-12-12 13:00:57,369|press|'р'
2019-12-12 13:00:57,433|release|'р'
2019-12-12 13:01:01,618|press|Key.space
2019-12-12 13:01:01,695|release|Key.space
2019-12-12 13:01:03,953|press|Key.right
2019-12-12 13:01:03,973|release|Key.right
2019-12-12 13:01:04,075|press|Key.right
2019-12-12 13:01:04,128|release|Key.right
2019-12-12 13:01:06,586|press|Key.enter
2019-12-12 13:01:06,647|release|Key.enter
2019-12-12 13:01:08,578|press|Key.right
2019-12-12 13:01:08,699|release|Key.right
2019-12-12 13:01:13,322|press|Key.right
2019-12-12 13:01:13,447|release|Key.right
2019-12-12 13:01:13,671|press|Key.right
2019-12-12 13:01:13,764|release|Key.right
2019-12-12 13:01:28,725|press|Key.shift
2019-12-12 13:01:29,209|press|'К'
2019-12-12 13:01:29,237|release|Key.shift
2019-12-12 13:01:29,285|release|'к'
2019-12-12 13:01:29,342|press|'о'
2019-12-12 13:01:29,410|release|'о'
2019-12-12 13:01:29,539|press|'р'
2019-12-12 13:01:29,627|press|'о'
2019-12-12 13:01:29,651|release|'р'
2019-12-12 13:01:29,707|release|'о'
2019-12-12 13:01:29,771|press|'т'
2019-12-12 13:01:29,876|release|'т'
2019-12-12 13:01:29,970|press|'а'
2019-12-12 13:01:30,050|release|'а'
2019-12-12 13:01:30,270|press|'о'
2019-12-12 13:01:30,338|release|'о'
2019-12-12 13:01:30,339|press|'к'
2019-12-12 13:01:30,386|release|'к'
2019-12-12 13:01:30,635|press|Key.backspace
2019-12-12 13:01:30,715|release|Key.backspace
2019-12-12 13:01:30,777|press|Key.backspace
2019-12-12 13:01:30,853|release|Key.backspace
2019-12-12 13:01:30,934|press|Key.backspace
2019-12-12 13:01:31,006|release|Key.backspace
2019-12-12 13:01:31,991|press|'к'
2019-12-12 13:01:32,071|press|'о'
2019-12-12 13:01:32,082|release|'к'
2019-12-12 13:01:32,143|release|'о'
2019-12-12 13:01:32,288|press|'в'
2019-12-12 13:01:32,376|press|'а'
2019-12-12 13:01:32,428|release|'в'
2019-12-12 13:01:32,468|release|'а'
2019-12-12 13:01:32,503|press|Key.space
2019-12-12 13:01:32,579|release|Key.space
2019-12-12 13:01:32,701|press|Key.shift
2019-12-12 13:01:32,813|press|'М'
2019-12-12 13:01:32,881|release|'М'
2019-12-12 13:01:32,902|release|Key.shift
2019-12-12 13:01:32,984|press|'а'
2019-12-12 13:01:33,076|release|'а'
2019-12-12 13:01:33,100|press|'р'
2019-12-12 13:01:33,164|release|'р'
2019-12-12 13:01:33,240|press|'и'
2019-12-12 13:01:33,312|release|'и'
2019-12-12 13:01:33,411|press|'н'
2019-12-12 13:01:33,471|release|'н'
2019-12-12 13:01:33,534|press|'а'
2019-12-12 13:01:33,610|release|'а'
2019-12-12 13:01:33,690|press|Key.space
2019-12-12 13:01:33,730|release|Key.space
2019-12-12 13:01:33,872|press|Key.shift
2019-12-12 13:01:34,212|press|'Ю'
2019-12-12 13:01:34,276|release|'Ю'
2019-12-12 13:01:34,321|release|Key.shift
2019-12-12 13:01:34,497|press|'р'
2019-12-12 13:01:34,553|release|'р'
2019-12-12 13:01:34,685|press|'ь'
2019-12-12 13:01:34,745|release|'ь'
2019-12-12 13:01:34,853|press|'е'
2019-12-12 13:01:34,929|release|'е'
2019-12-12 13:01:35,141|press|'в'
2019-12-12 13:01:35,249|release|'в'
2019-12-12 13:01:35,466|press|'н'
2019-12-12 13:01:35,541|release|'н'
2019-12-12 13:01:35,552|press|'а'
2019-12-12 13:01:35,616|release|'а'
2019-12-12 13:01:36,951|press|'б'
2019-12-12 13:01:37,039|release|'б'
2019-12-12 13:01:37,074|press|Key.space
2019-12-12 13:01:37,118|release|Key.space
2019-12-12 13:01:37,554|press|Key.backspace
2019-12-12 13:01:37,624|release|Key.backspace
2019-12-12 13:01:37,705|press|Key.backspace
2019-12-12 13:01:37,777|release|Key.backspace
2019-12-12 13:01:37,947|press|Key.shift
2019-12-12 13:01:38,227|press|','
2019-12-12 13:01:38,291|release|','
2019-12-12 13:01:38,319|release|Key.shift
2019-12-12 13:01:38,352|press|Key.space
2019-12-12 13:01:38,468|release|Key.space
2019-12-12 13:01:38,692|press|'г'
2019-12-12 13:01:38,740|release|'г'
2019-12-12 13:01:38,853|press|'л'
2019-12-12 13:01:38,925|release|'л'
2019-12-12 13:01:38,971|press|'а'
2019-12-12 13:01:39,031|release|'а'
2019-12-12 13:01:39,124|press|'в'
2019-12-12 13:01:39,216|release|'в'
2019-12-12 13:01:39,348|press|'н'
2019-12-12 13:01:39,420|release|'н'
2019-12-12 13:01:39,476|press|'ы'
2019-12-12 13:01:39,624|release|'ы'
2019-12-12 13:01:39,647|press|'й'
2019-12-12 13:01:39,763|release|'й'
2019-12-12 13:01:39,798|press|Key.space
2019-12-12 13:01:39,855|release|Key.space
2019-12-12 13:01:40,392|press|'б'
2019-12-12 13:01:40,444|release|'б'
2019-12-12 13:01:40,932|press|'у'
2019-12-12 13:01:41,008|release|'у'
2019-12-12 13:01:41,032|press|'х'
2019-12-12 13:01:41,084|release|'х'
2019-12-12 13:01:41,457|press|'г'
2019-12-12 13:01:41,526|release|'г'
2019-12-12 13:01:41,554|press|'а'
2019-12-12 13:01:41,622|release|'а'
2019-12-12 13:01:41,671|press|'л'
2019-12-12 13:01:41,732|release|'л'
2019-12-12 13:01:41,926|press|'т'
2019-12-12 13:01:41,986|release|'т'
2019-12-12 13:01:42,000|press|'е'
2019-12-12 13:01:42,068|release|'е'
2019-12-12 13:01:42,117|press|'р'
2019-12-12 13:01:42,173|release|'р'
2019-12-12 13:01:43,022|press|Key.shift
2019-12-12 13:01:43,222|press|','
2019-12-12 13:01:43,290|release|','
2019-12-12 13:01:43,326|release|Key.shift
2019-12-12 13:01:43,377|press|Key.space
2019-12-12 13:01:43,437|release|Key.space
2019-12-12 13:01:47,402|press|'3'
2019-12-12 13:01:47,474|release|'3'
2019-12-12 13:01:47,539|press|'0'
2019-12-12 13:01:47,587|release|'0'
2019-12-12 13:01:47,666|press|'0'
2019-12-12 13:01:47,718|release|'0'
2019-12-12 13:01:48,342|press|'0'
2019-12-12 13:01:48,374|release|'0'
2019-12-12 13:01:48,486|press|'0'
2019-12-12 13:01:48,538|release|'0'
2019-12-12 13:01:48,662|press|'0'
2019-12-12 13:01:48,730|release|'0'
2019-12-12 13:01:50,289|press|'р'
2019-12-12 13:01:50,357|release|'р'
2019-12-12 13:01:51,057|press|Key.left
2019-12-12 13:01:51,113|release|Key.left
2019-12-12 13:01:51,209|press|Key.left
2019-12-12 13:01:51,261|release|Key.left
2019-12-12 13:01:51,344|press|Key.left
2019-12-12 13:01:51,400|release|Key.left
2019-12-12 13:01:51,481|press|Key.left
2019-12-12 13:01:51,549|release|Key.left
2019-12-12 13:01:51,679|press|Key.left
2019-12-12 13:01:51,715|release|Key.left
2019-12-12 13:01:51,927|press|Key.right
2019-12-12 13:01:52,059|release|Key.right
2019-12-12 13:01:52,228|press|Key.space
2019-12-12 13:01:52,340|release|Key.space
2019-12-12 13:01:52,407|press|Key.right
2019-12-12 13:01:52,475|release|Key.right
2019-12-12 13:01:52,554|press|Key.right
2019-12-12 13:01:52,618|release|Key.right
2019-12-12 13:01:52,704|press|Key.right
2019-12-12 13:01:52,768|release|Key.right
2019-12-12 13:01:52,858|press|Key.right
2019-12-12 13:01:52,930|release|Key.right
2019-12-12 13:01:53,356|press|Key.enter
2019-12-12 13:01:53,424|release|Key.enter
2019-12-12 13:01:55,942|release|<0>
2019-12-12 13:02:05,857|press|Key.shift
2019-12-12 13:02:06,040|press|'П'
2019-12-12 13:02:06,069|release|Key.shift
2019-12-12 13:02:06,097|release|'п'
2019-12-12 13:02:06,193|press|'о'
2019-12-12 13:02:06,286|release|'о'
2019-12-12 13:02:06,419|press|'т'
2019-12-12 13:02:06,504|release|'т'
2019-12-12 13:02:06,540|press|'а'
2019-12-12 13:02:06,612|release|'а'
2019-12-12 13:02:06,799|press|'п'
2019-12-12 13:02:06,866|release|'п'
2019-12-12 13:02:06,870|press|'о'
2019-12-12 13:02:06,931|release|'о'
2019-12-12 13:02:07,244|press|'в'
2019-12-12 13:02:07,316|release|'в'
2019-12-12 13:02:07,327|press|Key.space
2019-12-12 13:02:07,380|release|Key.space
2019-12-12 13:02:07,727|press|Key.shift
2019-12-12 13:02:07,955|press|'П'
2019-12-12 13:02:07,995|release|Key.shift
2019-12-12 13:02:08,023|release|'п'
2019-12-12 13:02:08,138|press|'е'
2019-12-12 13:02:08,207|release|'е'
2019-12-12 13:02:08,242|press|'т'
2019-12-12 13:02:08,302|release|'т'
2019-12-12 13:02:08,376|press|'р'
2019-12-12 13:02:08,452|release|'р'
2019-12-12 13:02:08,513|press|Key.space
2019-12-12 13:02:08,606|release|Key.space
2019-12-12 13:02:08,714|press|'н'
2019-12-12 13:02:08,786|release|'н'
2019-12-12 13:02:09,078|press|Key.backspace
2019-12-12 13:02:09,155|release|Key.backspace
2019-12-12 13:02:09,214|press|Key.shift
2019-12-12 13:02:09,369|press|'Н'
2019-12-12 13:02:09,418|release|Key.shift
2019-12-12 13:02:09,434|release|'н'
2019-12-12 13:02:09,558|press|'и'
2019-12-12 13:02:09,618|release|'и'
2019-12-12 13:02:09,720|press|'к'
2019-12-12 13:02:09,796|press|'о'
2019-12-12 13:02:09,797|release|'к'
2019-12-12 13:02:09,863|release|'о'
2019-12-12 13:02:10,036|press|'л'
2019-12-12 13:02:10,114|release|'л'
2019-12-12 13:02:10,151|press|'а'
2019-12-12 13:02:10,244|release|'а'
2019-12-12 13:02:10,379|press|'е'
2019-12-12 13:02:10,463|release|'е'
2019-12-12 13:02:10,791|press|'в'
2019-12-12 13:02:10,867|release|'в'
2019-12-12 13:02:10,879|press|'и'
2019-12-12 13:02:10,948|release|'и'
2019-12-12 13:02:11,055|press|'ч'
2019-12-12 13:02:11,136|release|'ч'
2019-12-12 13:02:11,510|press|Key.shift
2019-12-12 13:02:11,677|press|','
2019-12-12 13:02:11,741|release|','
2019-12-12 13:02:11,754|release|Key.shift
2019-12-12 13:02:11,824|press|Key.space
2019-12-12 13:02:11,917|release|Key.space
2019-12-12 13:02:12,021|press|'с'
2019-12-12 13:02:12,106|release|'с'
2019-12-12 13:02:12,127|press|'т'
2019-12-12 13:02:12,196|release|'т'
2019-12-12 13:02:12,254|press|'а'
2019-12-12 13:02:12,319|release|'а'
2019-12-12 13:02:12,423|press|'р'
2019-12-12 13:02:12,492|release|'р'
2019-12-12 13:02:13,125|press|'ш'
2019-12-12 13:02:13,198|release|'ш'
2019-12-12 13:02:13,323|press|'и'
2019-12-12 13:02:13,403|release|'и'
2019-12-12 13:02:13,496|press|'й'
2019-12-12 13:02:13,572|release|'й'
2019-12-12 13:02:13,580|press|Key.space
2019-12-12 13:02:13,657|release|Key.space
2019-12-12 13:02:15,261|press|'м'
2019-12-12 13:02:15,338|release|'м'
2019-12-12 13:02:15,364|press|'е'
2019-12-12 13:02:15,441|release|'е'
2019-12-12 13:02:15,688|press|'н'
2019-12-12 13:02:15,747|release|'н'
2019-12-12 13:02:15,760|press|'е'
2019-12-12 13:02:15,828|release|'е'
2019-12-12 13:02:16,244|press|'д'
2019-12-12 13:02:16,297|release|'д'
2019-12-12 13:02:16,388|press|'ж'
2019-12-12 13:02:16,472|release|'ж'
2019-12-12 13:02:16,504|press|'е'
2019-12-12 13:02:16,581|release|'е'
2019-12-12 13:02:16,711|press|'р'
2019-12-12 13:02:16,776|release|'р'
2019-12-12 13:02:17,671|press|Key.shift
2019-12-12 13:02:17,818|press|','
2019-12-12 13:02:17,870|release|','
2019-12-12 13:02:17,951|release|Key.shift
2019-12-12 13:02:18,316|press|Key.space
2019-12-12 13:02:18,424|release|Key.space
2019-12-12 13:02:23,099|press|'2'
2019-12-12 13:02:23,167|release|'2'
2019-12-12 13:02:23,265|press|'2'
2019-12-12 13:02:23,330|release|'2'
2019-12-12 13:02:23,346|press|'0'
2019-12-12 13:02:23,406|release|'0'
2019-12-12 13:02:24,075|press|Key.space
2019-12-12 13:02:24,191|release|Key.space
2019-12-12 13:02:24,544|press|'0'
2019-12-12 13:02:24,621|release|'0'
2019-12-12 13:02:24,661|press|'0'
2019-12-12 13:02:24,717|release|'0'
2019-12-12 13:02:24,810|press|'0'
2019-12-12 13:02:24,898|release|'0'
2019-12-12 13:02:25,745|press|'р'
2019-12-12 13:02:25,821|release|'р'
2019-12-12 13:02:26,584|press|Key.enter
2019-12-12 13:02:26,672|release|Key.enter
2019-12-12 13:02:29,744|release|<0>
2019-12-12 13:02:39,372|press|Key.shift
2019-12-12 13:02:39,540|press|'Н'
2019-12-12 13:02:39,613|release|Key.shift
2019-12-12 13:02:39,613|release|'н'
2019-12-12 13:02:39,724|press|'и'
2019-12-12 13:02:39,804|release|'и'
2019-12-12 13:02:39,907|press|'р'
2019-12-12 13:02:39,979|press|'о'
2019-12-12 13:02:40,007|release|'р'
2019-12-12 13:02:40,071|release|'о'
2019-12-12 13:02:40,117|press|'в'
2019-12-12 13:02:40,197|release|'в'
2019-12-12 13:02:40,218|press|Key.space
2019-12-12 13:02:40,302|release|Key.space
2019-12-12 13:02:40,376|press|Key.shift
2019-12-12 13:02:40,488|press|'Н'
2019-12-12 13:02:40,556|release|'Н'
2019-12-12 13:02:40,600|release|Key.shift
2019-12-12 13:02:40,628|press|'и'
2019-12-12 13:02:40,740|press|'р'
2019-12-12 13:02:40,764|release|'и'
2019-12-12 13:02:40,849|release|'р'
2019-12-12 13:02:40,946|press|Key.space
2019-12-12 13:02:41,026|release|Key.space
2019-12-12 13:02:41,072|press|Key.shift
2019-12-12 13:02:41,172|press|'Н'
2019-12-12 13:02:41,240|release|'Н'
2019-12-12 13:02:41,304|release|Key.shift
2019-12-12 13:02:41,307|press|'и'
2019-12-12 13:02:41,432|release|'и'
2019-12-12 13:02:42,751|press|'р'
2019-12-12 13:02:42,808|press|'о'
2019-12-12 13:02:42,836|release|'р'
2019-12-12 13:02:42,887|release|'о'
2019-12-12 13:02:42,991|press|'в'
2019-12-12 13:02:43,052|release|'в'
2019-12-12 13:02:43,143|press|'и'
2019-12-12 13:02:43,223|release|'и'
2019-12-12 13:02:43,358|press|'ч'
2019-12-12 13:02:43,426|release|'ч'
2019-12-12 13:02:44,276|press|Key.shift
2019-12-12 13:02:44,532|press|','
2019-12-12 13:02:44,592|release|','
2019-12-12 13:02:44,604|release|Key.shift
2019-12-12 13:02:44,669|press|Key.space
2019-12-12 13:02:44,745|release|Key.space
2019-12-12 13:02:45,241|press|'б'
2019-12-12 13:02:45,285|release|'б'
2019-12-12 13:02:45,293|press|'у'
2019-12-12 13:02:45,361|release|'у'
2019-12-12 13:02:45,818|press|'х'
2019-12-12 13:02:45,882|release|'х'
2019-12-12 13:02:46,683|press|'г'
2019-12-12 13:02:46,759|release|'г'
2019-12-12 13:02:46,772|press|'а'
2019-12-12 13:02:46,836|release|'а'
2019-12-12 13:02:46,946|press|'л'
2019-12-12 13:02:47,010|release|'л'
2019-12-12 13:02:47,222|press|'т'
2019-12-12 13:02:47,292|release|'т'
2019-12-12 13:02:47,297|press|'е'
2019-12-12 13:02:47,370|release|'е'
2019-12-12 13:02:47,401|press|'р'
2019-12-12 13:02:47,465|release|'р'
2019-12-12 13:02:48,384|press|Key.shift
2019-12-12 13:02:48,571|press|','
2019-12-12 13:02:48,635|release|','
2019-12-12 13:02:48,675|release|Key.shift
2019-12-12 13:02:56,321|press|Key.space
2019-12-12 13:02:56,406|release|Key.space
2019-12-12 13:02:56,784|press|'1'
2019-12-12 13:02:56,869|release|'1'
2019-12-12 13:02:57,724|press|'8'
2019-12-12 13:02:57,801|release|'8'
2019-12-12 13:02:57,801|press|'0'
2019-12-12 13:02:57,865|release|'0'
2019-12-12 13:02:57,970|press|Key.space
2019-12-12 13:02:58,060|release|Key.space
2019-12-12 13:02:58,336|press|'0'
2019-12-12 13:02:58,418|release|'0'
2019-12-12 13:02:58,463|press|'0'
2019-12-12 13:02:58,520|release|'0'
2019-12-12 13:02:58,610|press|'0'
2019-12-12 13:02:58,702|release|'0'
2019-12-12 13:02:59,605|press|'р'
2019-12-12 13:02:59,690|release|'р'
2019-12-12 13:03:00,175|press|Key.enter
2019-12-12 13:03:00,229|release|Key.enter
2019-12-12 13:03:02,906|release|<0>
2019-12-12 13:03:12,614|press|Key.shift
2019-12-12 13:03:13,014|press|'Л'
2019-12-12 13:03:13,066|release|'Л'
2019-12-12 13:03:13,074|release|Key.shift
2019-12-12 13:03:13,195|press|'а'
2019-12-12 13:03:13,267|release|'а'
2019-12-12 13:03:13,407|press|'п'
2019-12-12 13:03:13,484|release|'п'
2019-12-12 13:03:13,596|press|'т'
2019-12-12 13:03:13,652|release|'т'
2019-12-12 13:03:13,656|press|'е'
2019-12-12 13:03:13,740|release|'е'
2019-12-12 13:03:13,967|press|'в'
2019-12-12 13:03:14,039|press|'а'
2019-12-12 13:03:14,135|release|'в'
2019-12-12 13:03:14,203|release|'а'
2019-12-12 13:03:14,261|press|Key.space
2019-12-12 13:03:14,357|release|Key.space
2019-12-12 13:03:14,896|press|Key.shift
2019-12-12 13:03:15,084|press|'А'
2019-12-12 13:03:15,158|release|Key.shift
2019-12-12 13:03:15,164|release|'а'
2019-12-12 13:03:15,267|press|'н'
2019-12-12 13:03:15,323|release|'н'
2019-12-12 13:03:15,377|press|'а'
2019-12-12 13:03:15,445|release|'а'
2019-12-12 13:03:15,628|press|'с'
2019-12-12 13:03:15,708|release|'с'
2019-12-12 13:03:15,856|press|'т'
2019-12-12 13:03:15,908|release|'т'
2019-12-12 13:03:15,943|press|'а'
2019-12-12 13:03:16,019|release|'а'
2019-12-12 13:03:16,295|press|'с'
2019-12-12 13:03:16,367|release|'с'
2019-12-12 13:03:16,371|press|'и'
2019-12-12 13:03:16,431|release|'и'
2019-12-12 13:03:16,597|press|'я'
2019-12-12 13:03:16,713|release|'я'
2019-12-12 13:03:16,790|press|Key.space
2019-12-12 13:03:16,842|release|Key.space
2019-12-12 13:03:16,950|press|Key.shift
2019-12-12 13:03:17,213|press|'А'
2019-12-12 13:03:17,313|release|Key.shift
2019-12-12 13:03:17,317|release|'а'
2019-12-12 13:03:17,466|press|'л'
2019-12-12 13:03:17,534|release|'л'
2019-12-12 13:03:17,554|press|'е'
2019-12-12 13:03:17,634|release|'е'
2019-12-12 13:03:17,749|press|'к'
2019-12-12 13:03:17,825|release|'к'
2019-12-12 13:03:17,966|press|'т'
2019-12-12 13:03:18,026|release|'т'
2019-12-12 13:03:18,320|press|Key.backspace
2019-12-12 13:03:18,408|release|Key.backspace
2019-12-12 13:03:18,615|press|'с'
2019-12-12 13:03:18,695|release|'с'
2019-12-12 13:03:18,804|press|'а'
2019-12-12 13:03:18,864|release|'а'
2019-12-12 13:03:18,922|press|'н'
2019-12-12 13:03:18,998|release|'н'
2019-12-12 13:03:19,283|press|'д'
2019-12-12 13:03:19,360|release|'д'
2019-12-12 13:03:19,538|press|'р'
2019-12-12 13:03:19,614|press|'о'
2019-12-12 13:03:19,662|release|'р'
2019-12-12 13:03:19,714|release|'о'
2019-12-12 13:03:19,842|press|'в'
2019-12-12 13:03:19,910|release|'в'
2019-12-12 13:03:19,963|press|'н'
2019-12-12 13:03:20,023|release|'н'
2019-12-12 13:03:20,063|press|'а'
2019-12-12 13:03:20,143|release|'а'
2019-12-12 13:03:20,930|press|Key.shift
2019-12-12 13:03:21,148|press|','
2019-12-12 13:03:21,206|release|','
2019-12-12 13:03:21,255|release|Key.shift
2019-12-12 13:03:21,281|press|Key.space
2019-12-12 13:03:21,361|release|Key.space
2019-12-12 13:03:21,443|press|'с'
2019-12-12 13:03:21,551|release|'с'
2019-12-12 13:03:21,670|press|'е'
2019-12-12 13:03:21,738|release|'е'
2019-12-12 13:03:22,372|press|'р'
2019-12-12 13:03:22,432|release|'р'
2019-12-12 13:03:22,436|press|'е'
2019-12-12 13:03:22,508|release|'е'
2019-12-12 13:03:22,622|press|'т'
2019-12-12 13:03:22,682|release|'т'
2019-12-12 13:03:22,710|press|'а'
2019-12-12 13:03:22,774|release|'а'
2019-12-12 13:03:23,183|press|'р'
2019-12-12 13:03:23,266|release|'р'
2019-12-12 13:03:23,382|press|'ь'
2019-12-12 13:03:23,446|release|'ь'
2019-12-12 13:03:24,300|press|Key.shift
2019-12-12 13:03:24,399|press|','
2019-12-12 13:03:24,456|release|','
2019-12-12 13:03:24,517|release|Key.shift
2019-12-12 13:03:27,277|press|'к'
2019-12-12 13:03:27,341|release|'к'
2019-12-12 13:03:32,174|press|Key.space
2019-12-12 13:03:32,222|release|Key.space
2019-12-12 13:03:32,575|press|'1'
2019-12-12 13:03:32,643|release|'1'
2019-12-12 13:03:32,896|press|'5'
2019-12-12 13:03:32,980|release|'5'
2019-12-12 13:03:33,103|press|'0'
2019-12-12 13:03:33,163|release|'0'
2019-12-12 13:03:33,236|press|'0'
2019-12-12 13:03:33,308|release|'0'
2019-12-12 13:03:33,527|press|Key.space
2019-12-12 13:03:33,631|release|Key.space
2019-12-12 13:03:33,737|press|'0'
2019-12-12 13:03:33,801|release|'0'
2019-12-12 13:03:34,493|press|Key.backspace
2019-12-12 13:03:34,605|release|Key.backspace
2019-12-12 13:03:34,697|press|Key.backspace
2019-12-12 13:03:34,757|release|Key.backspace
2019-12-12 13:03:34,857|press|Key.backspace
2019-12-12 13:03:34,933|release|Key.backspace
2019-12-12 13:03:35,266|press|Key.space
2019-12-12 13:03:35,353|release|Key.space
2019-12-12 13:03:35,546|press|'0'
2019-12-12 13:03:35,607|release|'0'
2019-12-12 13:03:35,701|press|'0'
2019-12-12 13:03:35,761|release|'0'
2019-12-12 13:03:35,855|press|'0'
2019-12-12 13:03:35,915|release|'0'
2019-12-12 13:03:36,866|press|Key.shift
2019-12-12 13:03:36,949|press|'Р'
2019-12-12 13:03:37,015|release|'Р'
2019-12-12 13:03:37,059|release|Key.shift
2019-12-12 13:03:47,719|press|Key.space
2019-12-12 13:03:47,722|press|Key.cmd
2019-12-12 13:03:47,843|release|Key.cmd
2019-12-12 13:03:47,855|release|Key.space
2019-12-12 13:03:48,067|press|Key.shift
2019-12-12 13:03:48,223|press|'Ы'
2019-12-12 13:03:48,303|release|'Ы'
2019-12-12 13:03:48,359|release|Key.shift
2019-12-12 13:03:49,062|press|Key.backspace
2019-12-12 13:03:49,138|release|Key.backspace
2019-12-12 13:03:49,487|press|Key.space
2019-12-12 13:03:49,492|press|Key.cmd
2019-12-12 13:03:49,580|release|Key.cmd
2019-12-12 13:03:49,604|release|Key.space
2019-12-12 13:03:49,690|press|Key.shift
2019-12-12 13:03:49,906|press|'Ы'
2019-12-12 13:03:49,978|release|'Ы'
2019-12-12 13:03:50,074|release|Key.shift
2019-12-12 13:03:50,292|press|'э'
2019-12-12 13:03:50,296|press|Key.enter
2019-12-12 13:03:50,356|release|Key.enter
2019-12-12 13:03:50,356|release|'э'
2019-12-12 13:04:34,831|press|Key.cmd
2019-12-12 13:04:35,073|press|'q'
2019-12-12 13:04:35,201|release|'q'
2019-12-12 13:04:35,226|release|Key.cmd
2019-12-12 13:04:39,257|press|'3'
2019-12-12 13:04:39,314|release|'3'
2019-12-12 13:04:40,342|press|Key.enter
