2019-12-12 12:45:52,224|release|Key.enter
2019-12-12 12:47:20,293|press|Key.shift
2019-12-12 12:47:20,429|press|'L'
2019-12-12 12:47:20,477|release|Key.shift
2019-12-12 12:47:20,501|release|'l'
2019-12-12 12:47:20,620|press|'j'
2019-12-12 12:47:20,680|release|'j'
2019-12-12 12:47:20,806|press|','
2019-12-12 12:47:20,867|release|','
2019-12-12 12:47:21,112|press|Key.backspace
2019-12-12 12:47:21,189|release|Key.backspace
2019-12-12 12:47:21,281|press|Key.backspace
2019-12-12 12:47:21,357|release|Key.backspace
2019-12-12 12:47:21,428|press|Key.backspace
2019-12-12 12:47:21,489|release|Key.backspace
2019-12-12 12:47:21,557|press|Key.backspace
2019-12-12 12:47:21,633|release|Key.backspace
2019-12-12 12:47:22,008|press|Key.space
2019-12-12 12:47:22,028|press|Key.cmd
2019-12-12 12:47:22,148|release|Key.space
2019-12-12 12:47:22,229|release|Key.cmd
2019-12-12 12:47:22,364|press|Key.shift
2019-12-12 12:47:22,519|press|'L'
2019-12-12 12:47:22,595|release|'L'
2019-12-12 12:47:22,624|release|Key.shift
2019-12-12 12:47:22,696|press|'j'
2019-12-12 12:47:22,757|release|'j'
2019-12-12 12:47:22,884|press|','
2019-12-12 12:47:22,949|release|','
2019-12-12 12:47:23,103|press|'h'
2019-12-12 12:47:23,188|release|'h'
2019-12-12 12:47:23,405|press|'s'
2019-12-12 12:47:23,478|press|'q'
2019-12-12 12:47:23,509|release|'s'
2019-12-12 12:47:23,569|release|'q'
2019-12-12 12:47:23,569|press|Key.space
2019-12-12 12:47:23,636|release|Key.space
2019-12-12 12:47:24,081|press|'l'
2019-12-12 12:47:24,137|release|'l'
2019-12-12 12:47:24,145|press|'t'
2019-12-12 12:47:24,206|release|'t'
2019-12-12 12:47:24,310|press|'y'
2019-12-12 12:47:24,395|release|'y'
2019-12-12 12:47:24,430|press|'m'
2019-12-12 12:47:24,511|release|'m'
2019-12-12 12:47:25,139|press|Key.backspace
2019-12-12 12:47:25,204|release|Key.backspace
2019-12-12 12:47:25,302|press|Key.backspace
2019-12-12 12:47:25,367|release|Key.backspace
2019-12-12 12:47:25,449|press|Key.backspace
2019-12-12 12:47:25,521|release|Key.backspace
2019-12-12 12:47:25,595|press|Key.cmd
2019-12-12 12:47:25,610|press|Key.backspace
2019-12-12 12:47:25,710|release|Key.backspace
2019-12-12 12:47:25,730|press|Key.backspace
2019-12-12 12:47:25,850|release|Key.backspace
2019-12-12 12:47:25,979|release|Key.cmd
2019-12-12 12:47:26,891|press|Key.cmd
2019-12-12 12:47:26,892|press|Key.space
2019-12-12 12:47:27,079|release|Key.cmd
2019-12-12 12:47:27,082|release|Key.space
2019-12-12 12:47:27,564|release|<63>
2019-12-12 12:47:27,812|release|<63>
2019-12-12 12:47:28,018|press|Key.shift
2019-12-12 12:47:28,213|press|'Д'
2019-12-12 12:47:28,297|release|'Д'
2019-12-12 12:47:28,346|release|Key.shift
2019-12-12 12:47:28,416|press|'о'
2019-12-12 12:47:28,473|release|'о'
2019-12-12 12:47:29,260|press|'б'
2019-12-12 12:47:29,341|release|'б'
2019-12-12 12:47:29,729|press|'р'
2019-12-12 12:47:29,817|press|'ы'
2019-12-12 12:47:29,821|release|'р'
2019-12-12 12:47:29,857|press|'й'
2019-12-12 12:47:29,921|release|'ы'
2019-12-12 12:47:29,949|release|'й'
2019-12-12 12:47:29,960|press|Key.space
2019-12-12 12:47:30,029|release|Key.space
2019-12-12 12:47:30,809|press|'д'
2019-12-12 12:47:30,861|release|'д'
2019-12-12 12:47:30,869|press|'е'
2019-12-12 12:47:30,945|release|'е'
2019-12-12 12:47:31,050|press|'н'
2019-12-12 12:47:31,098|press|'ь'
2019-12-12 12:47:31,131|release|'н'
2019-12-12 12:47:31,147|release|'ь'
2019-12-12 12:47:33,404|press|Key.shift
2019-12-12 12:47:33,476|press|'.'
2019-12-12 12:47:33,559|release|'.'
2019-12-12 12:47:33,573|release|Key.shift
2019-12-12 12:47:33,719|press|Key.space
2019-12-12 12:47:33,799|release|Key.space
2019-12-12 12:47:37,811|press|Key.shift
2019-12-12 12:47:37,975|press|'П'
2019-12-12 12:47:38,031|release|Key.shift
2019-12-12 12:47:38,051|release|'п'
2019-12-12 12:47:38,117|press|'р'
2019-12-12 12:47:38,221|press|'и'
2019-12-12 12:47:38,245|release|'р'
2019-12-12 12:47:38,357|release|'и'
2019-12-12 12:47:38,604|press|'к'
2019-12-12 12:47:38,684|release|'к'
2019-12-12 12:47:38,737|press|'р'
2019-12-12 12:47:38,797|release|'р'
2019-12-12 12:47:38,848|press|'е'
2019-12-12 12:47:38,912|release|'е'
2019-12-12 12:47:39,127|press|'п'
2019-12-12 12:47:39,215|release|'п'
2019-12-12 12:47:39,540|press|'л'
2019-12-12 12:47:39,620|release|'л'
2019-12-12 12:47:39,663|press|'я'
2019-12-12 12:47:39,747|release|'я'
2019-12-12 12:47:39,912|press|'ю'
2019-12-12 12:47:39,999|release|'ю'
2019-12-12 12:47:40,173|press|Key.space
2019-12-12 12:47:40,277|release|Key.space
2019-12-12 12:47:42,844|press|Key.cmd
2019-12-12 12:47:43,024|release|Key.cmd
2019-12-12 12:47:43,289|press|Key.backspace
2019-12-12 12:47:43,401|release|Key.backspace
2019-12-12 12:47:43,517|press|Key.backspace
2019-12-12 12:47:43,610|release|Key.backspace
2019-12-12 12:47:44,017|press|Key.ctrl
2019-12-12 12:47:44,206|press|Key.backspace
2019-12-12 12:47:44,269|release|Key.backspace
2019-12-12 12:47:44,429|release|Key.ctrl
2019-12-12 12:47:44,600|press|Key.backspace
2019-12-12 12:47:44,744|release|Key.backspace
2019-12-12 12:47:44,890|press|Key.backspace
2019-12-12 12:47:44,990|release|Key.backspace
2019-12-12 12:47:45,086|press|Key.backspace
2019-12-12 12:47:45,190|release|Key.backspace
2019-12-12 12:47:45,271|press|Key.backspace
2019-12-12 12:47:45,355|release|Key.backspace
2019-12-12 12:47:45,451|press|Key.backspace
2019-12-12 12:47:45,523|release|Key.backspace
2019-12-12 12:47:45,610|press|Key.backspace
2019-12-12 12:47:45,678|release|Key.backspace
2019-12-12 12:47:45,764|press|Key.backspace
2019-12-12 12:47:45,836|release|Key.backspace
2019-12-12 12:47:45,923|press|Key.backspace
2019-12-12 12:47:45,991|release|Key.backspace
2019-12-12 12:47:46,709|press|Key.shift
2019-12-12 12:47:48,237|press|'К'
2019-12-12 12:47:48,323|release|'К'
2019-12-12 12:47:48,328|press|Key.space
2019-12-12 12:47:48,341|release|Key.shift
2019-12-12 12:47:48,381|release|Key.space
2019-12-12 12:47:48,544|press|'п'
2019-12-12 12:47:48,636|release|'п'
2019-12-12 12:47:48,703|press|'и'
2019-12-12 12:47:48,767|release|'и'
2019-12-12 12:47:49,025|press|'с'
2019-12-12 12:47:49,101|release|'с'
2019-12-12 12:47:49,167|press|'ь'
2019-12-12 12:47:49,259|release|'ь'
2019-12-12 12:47:49,430|press|'м'
2019-12-12 12:47:49,566|release|'м'
2019-12-12 12:47:49,724|press|'у'
2019-12-12 12:47:49,824|release|'у'
2019-12-12 12:47:49,831|press|Key.space
2019-12-12 12:47:49,884|release|Key.space
2019-12-12 12:47:50,008|press|'п'
2019-12-12 12:47:50,096|release|'п'
2019-12-12 12:47:50,099|press|'р'
2019-12-12 12:47:50,160|release|'р'
2019-12-12 12:47:50,239|press|'и'
2019-12-12 12:47:50,335|release|'и'
2019-12-12 12:47:50,487|press|'к'
2019-12-12 12:47:50,579|release|'к'
2019-12-12 12:47:50,683|press|'р'
2019-12-12 12:47:50,743|release|'р'
2019-12-12 12:47:50,773|press|'е'
2019-12-12 12:47:50,849|release|'е'
2019-12-12 12:47:51,048|press|'п'
2019-12-12 12:47:51,136|release|'п'
2019-12-12 12:47:51,279|press|'л'
2019-12-12 12:47:51,335|release|'л'
2019-12-12 12:47:51,711|press|'ю'
2019-12-12 12:47:51,787|release|'ю'
2019-12-12 12:47:52,946|press|Key.backspace
2019-12-12 12:47:53,074|release|Key.backspace
2019-12-12 12:47:54,412|press|'я'
2019-12-12 12:47:54,492|release|'я'
2019-12-12 12:47:55,286|press|'ю'
2019-12-12 12:47:55,358|release|'ю'
2019-12-12 12:48:47,908|press|Key.shift
2019-12-12 12:48:48,016|press|'Д'
2019-12-12 12:48:48,080|release|Key.shift
2019-12-12 12:48:48,084|release|'д'
2019-12-12 12:48:48,169|press|'о'
2019-12-12 12:48:48,237|release|'о'
2019-12-12 12:48:48,596|press|'б'
2019-12-12 12:48:48,620|release|'б'
2019-12-12 12:48:49,823|press|'р'
2019-12-12 12:48:49,911|release|'р'
2019-12-12 12:48:49,966|press|'ы'
2019-12-12 12:48:50,030|press|'й'
2019-12-12 12:48:50,098|release|'ы'
2019-12-12 12:48:50,134|release|'й'
2019-12-12 12:48:50,175|press|Key.space
2019-12-12 12:48:50,227|release|Key.space
2019-12-12 12:48:51,140|press|'д'
2019-12-12 12:48:51,212|release|'д'
2019-12-12 12:48:51,270|press|'е'
2019-12-12 12:48:51,350|release|'е'
2019-12-12 12:48:51,525|press|Key.backspace
2019-12-12 12:48:51,601|release|Key.backspace
2019-12-12 12:48:51,687|press|Key.backspace
2019-12-12 12:48:51,759|release|Key.backspace
2019-12-12 12:48:52,450|press|'д'
2019-12-12 12:48:52,498|press|'е'
2019-12-12 12:48:52,505|release|'д'
2019-12-12 12:48:52,566|release|'е'
2019-12-12 12:48:52,701|press|'н'
2019-12-12 12:48:52,777|release|'н'
2019-12-12 12:48:53,086|press|'ь'
2019-12-12 12:48:53,138|release|'ь'
2019-12-12 12:48:54,818|press|Key.shift
2019-12-12 12:48:55,171|press|'.'
2019-12-12 12:48:55,194|release|Key.shift
2019-12-12 12:48:55,199|release|'7'
2019-12-12 12:48:55,683|press|Key.enter
2019-12-12 12:48:55,762|release|Key.enter
2019-12-12 12:48:56,288|press|Key.shift
2019-12-12 12:48:57,463|press|'У'
2019-12-12 12:48:57,559|release|'У'
2019-12-12 12:48:57,574|press|Key.space
2019-12-12 12:48:57,578|release|Key.shift
2019-12-12 12:48:57,659|release|Key.space
2019-12-12 12:48:57,801|press|'н'
2019-12-12 12:48:57,873|press|'а'
2019-12-12 12:48:57,874|release|'н'
2019-12-12 12:48:57,937|release|'а'
2019-12-12 12:48:58,081|press|'с'
2019-12-12 12:48:58,140|release|'с'
2019-12-12 12:48:58,163|press|Key.space
2019-12-12 12:48:58,212|release|Key.space
2019-12-12 12:48:58,640|press|'б'
2019-12-12 12:48:58,709|release|'б'
2019-12-12 12:48:58,785|press|'о'
2019-12-12 12:48:58,837|release|'о'
2019-12-12 12:48:58,949|press|'л'
2019-12-12 12:48:59,006|press|'ь'
2019-12-12 12:48:59,039|release|'л'
2019-12-12 12:48:59,102|release|'ь'
2019-12-12 12:48:59,173|press|'ш'
2019-12-12 12:48:59,261|press|'о'
2019-12-12 12:48:59,278|release|'ш'
2019-12-12 12:48:59,365|release|'о'
2019-12-12 12:48:59,425|press|'й'
2019-12-12 12:48:59,526|release|'й'
2019-12-12 12:48:59,537|press|Key.space
2019-12-12 12:48:59,626|release|Key.space
2019-12-12 12:48:59,727|press|'о'
2019-12-12 12:48:59,799|release|'о'
2019-12-12 12:48:59,986|press|'п'
2019-12-12 12:49:00,058|release|'п'
2019-12-12 12:49:00,212|press|'ы'
2019-12-12 12:49:00,300|release|'ы'
2019-12-12 12:49:00,316|press|'т'
2019-12-12 12:49:00,377|release|'т'
2019-12-12 12:49:00,505|press|Key.space
2019-12-12 12:49:00,569|release|Key.space
2019-12-12 12:49:00,677|press|'о'
2019-12-12 12:49:00,729|release|'о'
2019-12-12 12:49:00,849|press|'р'
2019-12-12 12:49:00,914|release|'р'
2019-12-12 12:49:01,276|press|'г'
2019-12-12 12:49:01,358|release|'г'
2019-12-12 12:49:01,401|press|'а'
2019-12-12 12:49:01,465|release|'а'
2019-12-12 12:49:01,512|press|'н'
2019-12-12 12:49:01,584|release|'н'
2019-12-12 12:49:01,631|press|'и'
2019-12-12 12:49:01,699|release|'и'
2019-12-12 12:49:02,289|press|'з'
2019-12-12 12:49:02,353|release|'з'
2019-12-12 12:49:02,496|press|'а'
2019-12-12 12:49:02,560|release|'а'
2019-12-12 12:49:02,795|press|'ц'
2019-12-12 12:49:02,871|release|'ц'
2019-12-12 12:49:02,971|press|'и'
2019-12-12 12:49:03,027|release|'и'
2019-12-12 12:49:03,101|press|'и'
2019-12-12 12:49:03,177|release|'и'
2019-12-12 12:49:03,261|press|Key.space
2019-12-12 12:49:03,342|release|Key.space
2019-12-12 12:49:03,385|press|'п'
2019-12-12 12:49:03,442|release|'п'
2019-12-12 12:49:03,474|press|'о'
2019-12-12 12:49:03,542|release|'о'
2019-12-12 12:49:03,793|press|'д'
2019-12-12 12:49:03,889|press|'о'
2019-12-12 12:49:03,905|release|'д'
2019-12-12 12:49:03,981|release|'о'
2019-12-12 12:49:04,092|press|'б'
2019-12-12 12:49:04,169|release|'б'
2019-12-12 12:49:04,410|press|'н'
2019-12-12 12:49:04,442|release|'н'
2019-12-12 12:49:04,567|press|'н'
2019-12-12 12:49:04,639|release|'н'
2019-12-12 12:49:05,699|press|Key.backspace
2019-12-12 12:49:05,796|release|Key.backspace
2019-12-12 12:49:06,149|press|'ы'
2019-12-12 12:49:06,223|release|'ы'
2019-12-12 12:49:06,279|press|'х'
2019-12-12 12:49:06,340|release|'х'
2019-12-12 12:49:06,383|press|Key.space
2019-12-12 12:49:06,475|release|Key.space
2019-12-12 12:49:06,596|press|'м'
2019-12-12 12:49:06,712|press|'е'
2019-12-12 12:49:06,755|release|'м'
2019-12-12 12:49:06,808|release|'е'
2019-12-12 12:49:06,865|press|'р'
2019-12-12 12:49:06,922|press|'о'
2019-12-12 12:49:06,953|release|'р'
2019-12-12 12:49:07,026|release|'о'
2019-12-12 12:49:07,258|press|'п'
2019-12-12 12:49:07,351|release|'п'
2019-12-12 12:49:07,367|press|'р'
2019-12-12 12:49:07,454|release|'р'
2019-12-12 12:49:07,458|press|'и'
2019-12-12 12:49:07,539|release|'и'
2019-12-12 12:49:07,764|press|'я'
2019-12-12 12:49:07,868|release|'я'
2019-12-12 12:49:07,989|press|'т'
2019-12-12 12:49:08,036|press|'и'
2019-12-12 12:49:08,092|release|'т'
2019-12-12 12:49:08,173|release|'и'
2019-12-12 12:49:08,294|press|'й'
2019-12-12 12:49:08,347|release|'й'
2019-12-12 12:49:09,799|press|Key.shift
2019-12-12 12:49:10,146|press|'.'
2019-12-12 12:49:10,204|release|'.'
2019-12-12 12:49:10,279|release|Key.shift
2019-12-12 12:49:14,978|press|Key.space
2019-12-12 12:49:15,059|release|Key.space
2019-12-12 12:49:25,930|press|Key.cmd
2019-12-12 12:49:26,072|press|'z'
2019-12-12 12:49:26,150|release|'z'
2019-12-12 12:49:26,402|release|Key.cmd
2019-12-12 12:49:27,258|press|Key.enter
2019-12-12 12:49:27,326|release|Key.enter
2019-12-12 12:49:29,195|press|Key.backspace
2019-12-12 12:49:29,251|release|Key.backspace
2019-12-12 12:49:29,340|press|Key.backspace
2019-12-12 12:49:29,393|release|Key.backspace
2019-12-12 12:49:29,900|press|Key.shift
2019-12-12 12:49:30,203|press|':'
2019-12-12 12:49:30,276|release|':'
2019-12-12 12:49:30,424|release|Key.shift
2019-12-12 12:49:31,303|press|Key.enter
2019-12-12 12:49:31,362|release|Key.enter
2019-12-12 12:49:35,771|press|Key.shift
2019-12-12 12:49:36,059|press|'В'
2019-12-12 12:49:36,119|release|Key.shift
2019-12-12 12:49:36,151|release|'в'
2019-12-12 12:49:36,285|press|'с'
2019-12-12 12:49:36,377|release|'с'
2019-12-12 12:49:36,377|press|'е'
2019-12-12 12:49:36,438|release|'е'
2019-12-12 12:49:36,631|press|'р'
2019-12-12 12:49:36,719|press|'о'
2019-12-12 12:49:36,767|release|'р'
2019-12-12 12:49:36,819|release|'о'
2019-12-12 12:49:36,963|press|'с'
2019-12-12 12:49:37,027|release|'с'
2019-12-12 12:49:37,124|press|'с'
2019-12-12 12:49:37,192|release|'с'
2019-12-12 12:49:37,216|press|'и'
2019-12-12 12:49:37,316|release|'и'
2019-12-12 12:49:37,539|press|'й'
2019-12-12 12:49:37,627|release|'й'
2019-12-12 12:49:37,764|press|'с'
2019-12-12 12:49:37,865|release|'с'
2019-12-12 12:49:38,000|press|'к'
2019-12-12 12:49:38,088|press|'и'
2019-12-12 12:49:38,089|release|'к'
2019-12-12 12:49:38,184|release|'и'
2019-12-12 12:49:38,765|press|'й'
2019-12-12 12:49:38,841|release|'й'
2019-12-12 12:49:38,857|press|Key.space
2019-12-12 12:49:38,925|release|Key.space
2019-12-12 12:49:39,271|press|'ф'
2019-12-12 12:49:39,351|release|'ф'
2019-12-12 12:49:39,365|press|'о'
2019-12-12 12:49:39,438|release|'о'
2019-12-12 12:49:39,542|press|'р'
2019-12-12 12:49:39,623|release|'р'
2019-12-12 12:49:39,664|press|'у'
2019-12-12 12:49:39,784|release|'у'
2019-12-12 12:49:39,883|press|'м'
2019-12-12 12:49:39,979|release|'м'
2019-12-12 12:49:39,979|press|Key.space
2019-12-12 12:49:40,059|release|Key.space
2019-12-12 12:49:41,562|press|Key.backspace
2019-12-12 12:49:41,613|release|Key.backspace
2019-12-12 12:49:42,865|press|Key.space
2019-12-12 12:49:42,954|release|Key.space
2019-12-12 12:49:43,068|press|Key.shift
2019-12-12 12:49:44,212|press|'"'
2019-12-12 12:49:44,303|release|'"'
2019-12-12 12:49:44,388|press|'"'
2019-12-12 12:49:44,483|release|'"'
2019-12-12 12:49:44,560|release|Key.shift
2019-12-12 12:49:45,331|press|Key.left
2019-12-12 12:49:45,415|release|Key.left
2019-12-12 12:49:45,497|press|Key.shift
2019-12-12 12:49:45,657|press|'С'
2019-12-12 12:49:45,731|release|Key.shift
2019-12-12 12:49:45,765|release|'с'
2019-12-12 12:49:45,838|press|'п'
2019-12-12 12:49:45,914|release|'п'
2019-12-12 12:49:45,922|press|'а'
2019-12-12 12:49:45,995|release|'а'
2019-12-12 12:49:46,128|press|'с'
2019-12-12 12:49:46,193|release|'с'
2019-12-12 12:49:46,362|press|'е'
2019-12-12 12:49:46,431|release|'е'
2019-12-12 12:49:46,493|press|'м'
2019-12-12 12:49:46,542|release|'м'
2019-12-12 12:49:46,603|press|Key.space
2019-12-12 12:49:46,680|release|Key.space
2019-12-12 12:49:47,166|press|Key.shift
2019-12-12 12:49:47,258|press|'З'
2019-12-12 12:49:47,313|release|'З'
2019-12-12 12:49:47,330|release|Key.shift
2019-12-12 12:49:47,463|press|'е'
2019-12-12 12:49:47,527|release|'е'
2019-12-12 12:49:47,703|press|'м'
2019-12-12 12:49:47,789|release|'м'
2019-12-12 12:49:47,994|press|'л'
2019-12-12 12:49:48,067|release|'л'
2019-12-12 12:49:48,180|press|'ю'
2019-12-12 12:49:48,248|release|'ю'
2019-12-12 12:49:49,262|press|Key.right
2019-12-12 12:49:49,350|release|Key.right
2019-12-12 12:49:49,618|press|Key.right
2019-12-12 12:49:49,706|release|Key.right
2019-12-12 12:49:50,083|press|Key.left
2019-12-12 12:49:50,175|release|Key.left
2019-12-12 12:49:51,533|press|Key.space
2019-12-12 12:49:51,621|release|Key.space
2019-12-12 12:49:53,814|press|Key.enter
2019-12-12 12:49:53,871|release|Key.enter
2019-12-12 12:49:54,402|press|Key.tab
2019-12-12 12:49:54,437|release|Key.tab
2019-12-12 12:49:57,631|press|Key.shift
2019-12-12 12:49:57,795|press|'В'
2019-12-12 12:49:57,895|release|'В'
2019-12-12 12:49:57,932|release|Key.shift
2019-12-12 12:49:58,370|press|Key.backspace
2019-12-12 12:49:58,377|release|Key.backspace
2019-12-12 12:50:01,613|press|'7'
2019-12-12 12:50:01,673|release|'7'
2019-12-12 12:50:02,278|press|Key.space
2019-12-12 12:50:02,358|release|Key.space
2019-12-12 12:50:02,513|press|'д'
2019-12-12 12:50:02,605|release|'д'
2019-12-12 12:50:02,789|press|'н'
2019-12-12 12:50:02,825|press|'е'
2019-12-12 12:50:02,854|release|'н'
2019-12-12 12:50:02,921|release|'е'
2019-12-12 12:50:03,005|press|'й'
2019-12-12 12:50:03,105|release|'й'
2019-12-12 12:50:04,046|press|Key.enter
2019-12-12 12:50:04,099|release|Key.enter
2019-12-12 12:50:04,988|press|'1'
2019-12-12 12:50:05,074|press|'2'
2019-12-12 12:50:05,128|release|'1'
2019-12-12 12:50:05,164|release|'2'
2019-12-12 12:50:05,172|press|Key.space
2019-12-12 12:50:05,264|release|Key.space
2019-12-12 12:50:05,598|press|'п'
2019-12-12 12:50:05,674|release|'п'
2019-12-12 12:50:05,726|press|'л'
2019-12-12 12:50:05,770|press|'о'
2019-12-12 12:50:05,834|release|'л'
2019-12-12 12:50:05,878|release|'о'
2019-12-12 12:50:06,956|press|'щ'
2019-12-12 12:50:07,020|release|'щ'
2019-12-12 12:50:07,047|press|'а'
2019-12-12 12:50:07,115|release|'а'
2019-12-12 12:50:07,162|press|'д'
2019-12-12 12:50:07,306|press|'о'
2019-12-12 12:50:07,343|release|'д'
2019-12-12 12:50:07,430|release|'о'
2019-12-12 12:50:07,561|press|'к'
2019-12-12 12:50:07,640|release|'к'
2019-12-12 12:50:07,689|press|Key.space
2019-12-12 12:50:07,753|release|Key.space
2019-12-12 12:50:08,841|press|Key.backspace
2019-12-12 12:50:08,957|release|Key.backspace
2019-12-12 12:50:10,067|press|Key.cmd
2019-12-12 12:50:10,112|release|Key.cmd
2019-12-12 12:50:10,378|press|Key.cmd
2019-12-12 12:50:10,490|press|Key.left
2019-12-12 12:50:10,598|release|Key.left
2019-12-12 12:50:10,615|release|Key.cmd
2019-12-12 12:50:10,923|press|Key.right
2019-12-12 12:50:11,027|release|Key.right
2019-12-12 12:50:11,119|press|Key.right
2019-12-12 12:50:11,199|release|Key.right
2019-12-12 12:50:11,308|press|Key.right
2019-12-12 12:50:11,388|release|Key.right
2019-12-12 12:50:12,049|press|'и'
2019-12-12 12:50:12,105|release|'и'
2019-12-12 12:50:12,204|press|'н'
2019-12-12 12:50:12,272|release|'н'
2019-12-12 12:50:12,381|press|'т'
2019-12-12 12:50:12,453|release|'т'
2019-12-12 12:50:12,461|press|'е'
2019-12-12 12:50:12,517|release|'е'
2019-12-12 12:50:12,571|press|'р'
2019-12-12 12:50:12,643|release|'р'
2019-12-12 12:50:12,684|press|'а'
2019-12-12 12:50:12,764|release|'а'
2019-12-12 12:50:12,884|press|'к'
2019-12-12 12:50:12,952|release|'к'
2019-12-12 12:50:13,109|press|'т'
2019-12-12 12:50:13,169|press|'и'
2019-12-12 12:50:13,209|release|'т'
2019-12-12 12:50:13,273|release|'и'
2019-12-12 12:50:13,851|press|'в'
2019-12-12 12:50:13,919|release|'в'
2019-12-12 12:50:13,959|press|'н'
2019-12-12 12:50:14,039|release|'н'
2019-12-12 12:50:14,114|press|'ы'
2019-12-12 12:50:14,202|release|'ы'
2019-12-12 12:50:14,433|press|'х'
2019-12-12 12:50:14,505|release|'х'
2019-12-12 12:50:14,514|press|Key.space
2019-12-12 12:50:14,594|release|Key.space
2019-12-12 12:50:15,052|press|Key.right
2019-12-12 12:50:15,109|release|Key.right
2019-12-12 12:50:15,212|press|Key.right
2019-12-12 12:50:15,276|release|Key.right
2019-12-12 12:50:15,374|press|Key.right
2019-12-12 12:50:15,438|release|Key.right
2019-12-12 12:50:15,524|press|Key.right
2019-12-12 12:50:15,596|release|Key.right
2019-12-12 12:50:15,673|press|Key.right
2019-12-12 12:50:15,737|release|Key.right
2019-12-12 12:50:15,826|press|Key.right
2019-12-12 12:50:15,886|release|Key.right
2019-12-12 12:50:15,973|press|Key.right
2019-12-12 12:50:16,049|release|Key.right
2019-12-12 12:50:16,122|press|Key.right
2019-12-12 12:50:16,190|release|Key.right
2019-12-12 12:50:16,271|press|Key.right
2019-12-12 12:50:16,347|release|Key.right
2019-12-12 12:50:17,018|press|Key.left
2019-12-12 12:50:17,098|release|Key.left
2019-12-12 12:50:17,647|press|Key.enter
2019-12-12 12:50:17,688|release|Key.enter
2019-12-12 12:50:21,741|press|'5'
2019-12-12 12:50:21,785|release|'5'
2019-12-12 12:50:21,819|press|'0'
2019-12-12 12:50:21,863|release|'0'
2019-12-12 12:50:21,940|press|'0'
2019-12-12 12:50:22,012|release|'0'
2019-12-12 12:50:22,158|press|Key.space
2019-12-12 12:50:22,250|release|Key.space
2019-12-12 12:50:22,723|press|'у'
2019-12-12 12:50:22,787|release|'у'
2019-12-12 12:50:22,990|press|'ч'
2019-12-12 12:50:23,066|release|'ч'
2019-12-12 12:50:23,215|press|'а'
2019-12-12 12:50:23,271|release|'а'
2019-12-12 12:50:23,389|press|'с'
2019-12-12 12:50:23,449|release|'с'
2019-12-12 12:50:23,509|press|'т'
2019-12-12 12:50:23,573|release|'т'
2019-12-12 12:50:23,684|press|'н'
2019-12-12 12:50:23,732|press|'и'
2019-12-12 12:50:23,757|release|'н'
2019-12-12 12:50:23,844|release|'и'
2019-12-12 12:50:23,900|press|'к'
2019-12-12 12:50:24,012|press|'о'
2019-12-12 12:50:24,025|release|'к'
2019-12-12 12:50:24,088|release|'о'
2019-12-12 12:50:24,201|press|'в'
2019-12-12 12:50:24,277|release|'в'
2019-12-12 12:50:25,395|press|Key.enter
2019-12-12 12:50:25,455|release|Key.enter
2019-12-12 12:50:26,210|press|Key.shift
2019-12-12 12:50:26,506|press|Key.tab
2019-12-12 12:50:26,610|release|Key.tab
2019-12-12 12:50:26,831|release|Key.shift
2019-12-12 12:50:28,024|press|Key.shift
2019-12-12 12:50:29,602|press|'Х'
2019-12-12 12:50:29,636|release|'Х'
2019-12-12 12:50:29,725|release|Key.shift
2019-12-12 12:50:29,894|press|'а'
2019-12-12 12:50:29,968|release|'а'
2019-12-12 12:50:30,204|press|'к'
2019-12-12 12:50:30,276|press|'а'
2019-12-12 12:50:30,340|release|'к'
2019-12-12 12:50:30,388|release|'а'
2019-12-12 12:50:30,476|press|'т'
2019-12-12 12:50:30,560|press|'о'
2019-12-12 12:50:30,592|release|'т'
2019-12-12 12:50:30,684|release|'о'
2019-12-12 12:50:30,857|press|'н'
2019-12-12 12:50:30,945|release|'н'
2019-12-12 12:50:31,048|press|Key.space
2019-12-12 12:50:31,112|release|Key.space
2019-12-12 12:50:34,376|press|Key.shift
2019-12-12 12:50:37,412|press|'"'
2019-12-12 12:50:37,506|release|'"'
2019-12-12 12:50:37,604|press|'"'
2019-12-12 12:50:37,692|release|'"'
2019-12-12 12:50:37,780|release|Key.shift
2019-12-12 12:50:38,313|press|Key.left
2019-12-12 12:50:38,389|release|Key.left
2019-12-12 12:50:38,545|press|Key.shift
2019-12-12 12:50:39,429|release|Key.shift
2019-12-12 12:50:39,629|press|Key.shift
2019-12-12 12:50:40,041|press|'Х'
2019-12-12 12:50:40,089|release|'Х'
2019-12-12 12:50:40,117|release|Key.shift
2019-12-12 12:50:40,273|press|'а'
2019-12-12 12:50:40,353|release|'а'
2019-12-12 12:50:40,474|press|'к'
2019-12-12 12:50:40,542|release|'к'
2019-12-12 12:50:40,733|press|'в'
2019-12-12 12:50:40,889|press|'е'
2019-12-12 12:50:40,901|release|'в'
2019-12-12 12:50:40,977|release|'е'
2019-12-12 12:50:41,045|press|'р'
2019-12-12 12:50:41,133|release|'р'
2019-12-12 12:50:41,368|press|'с'
2019-12-12 12:50:41,444|release|'с'
2019-12-12 12:50:42,145|press|Key.right
2019-12-12 12:50:42,257|release|Key.right
2019-12-12 12:50:42,541|press|Key.space
2019-12-12 12:50:42,661|release|Key.space
2019-12-12 12:50:48,932|press|'с'
2019-12-12 12:50:49,022|release|'с'
2019-12-12 12:50:49,648|press|Key.backspace
2019-12-12 12:50:49,708|release|Key.backspace
2019-12-12 12:50:52,302|press|'с'
2019-12-12 12:50:52,370|release|'с'
2019-12-12 12:50:52,588|press|'р'
2019-12-12 12:50:52,658|release|'р'
2019-12-12 12:50:52,676|press|'е'
2019-12-12 12:50:52,755|release|'е'
2019-12-12 12:50:53,061|press|'д'
2019-12-12 12:50:53,114|release|'д'
2019-12-12 12:50:53,129|press|'и'
2019-12-12 12:50:53,210|release|'и'
2019-12-12 12:50:53,249|press|Key.space
2019-12-12 12:50:53,301|release|Key.space
2019-12-12 12:50:53,461|press|'у'
2019-12-12 12:50:53,561|release|'у'
2019-12-12 12:50:53,731|press|'н'
2019-12-12 12:50:53,791|release|'н'
2019-12-12 12:50:53,819|press|'и'
2019-12-12 12:50:53,904|release|'и'
2019-12-12 12:50:54,045|press|'в'
2019-12-12 12:50:54,157|release|'в'
2019-12-12 12:50:54,186|press|'е'
2019-12-12 12:50:54,295|release|'е'
2019-12-12 12:50:54,368|press|'р'
2019-12-12 12:50:54,432|release|'р'
2019-12-12 12:50:54,480|press|'с'
2019-12-12 12:50:54,588|release|'с'
2019-12-12 12:50:54,600|press|'и'
2019-12-12 12:50:54,660|release|'и'
2019-12-12 12:50:54,795|press|'т'
2019-12-12 12:50:54,859|release|'т'
2019-12-12 12:50:54,871|press|'е'
2019-12-12 12:50:54,971|release|'е'
2019-12-12 12:50:54,997|press|'т'
2019-12-12 12:50:55,065|release|'т'
2019-12-12 12:50:55,271|press|'о'
2019-12-12 12:50:55,343|release|'о'
2019-12-12 12:50:55,408|press|'в'
2019-12-12 12:50:55,509|release|'в'
2019-12-12 12:50:57,095|press|Key.enter
2019-12-12 12:50:57,143|release|Key.enter
2019-12-12 12:50:57,591|press|Key.tab
2019-12-12 12:50:57,683|release|Key.tab
2019-12-12 12:50:59,252|press|'2'
2019-12-12 12:50:59,312|release|'2'
2019-12-12 12:50:59,334|press|Key.space
2019-12-12 12:50:59,390|release|Key.space
2019-12-12 12:51:00,442|press|'д'
2019-12-12 12:51:00,522|release|'д'
2019-12-12 12:51:00,759|press|'н'
2019-12-12 12:51:00,843|release|'н'
2019-12-12 12:51:00,935|press|'ф'
2019-12-12 12:51:01,015|release|'ф'
2019-12-12 12:51:01,316|press|Key.backspace
2019-12-12 12:51:01,408|release|Key.backspace
2019-12-12 12:51:01,456|press|'я'
2019-12-12 12:51:01,593|release|'я'
2019-12-12 12:51:02,528|press|Key.enter
2019-12-12 12:51:02,592|release|Key.enter
2019-12-12 12:51:03,860|press|'5'
2019-12-12 12:51:03,956|press|'0'
2019-12-12 12:51:03,956|release|'5'
2019-12-12 12:51:04,004|release|'0'
2019-12-12 12:51:04,046|press|Key.space
2019-12-12 12:51:04,163|release|Key.space
2019-12-12 12:51:04,270|press|'к'
2019-12-12 12:51:04,334|release|'к'
2019-12-12 12:51:04,353|press|'о'
2019-12-12 12:51:04,441|release|'о'
2019-12-12 12:51:04,536|press|'м'
2019-12-12 12:51:04,636|press|'а'
2019-12-12 12:51:04,696|release|'м'
2019-12-12 12:51:04,732|release|'а'
2019-12-12 12:51:04,783|press|'н'
2019-12-12 12:51:04,871|release|'н'
2019-12-12 12:51:05,217|press|'д'
2019-12-12 12:51:05,269|release|'д'
2019-12-12 12:51:05,799|press|Key.enter
2019-12-12 12:51:05,871|release|Key.enter
2019-12-12 12:51:07,182|press|'1'
2019-12-12 12:51:07,262|release|'1'
2019-12-12 12:51:07,931|press|Key.backspace
2019-12-12 12:51:08,047|release|Key.backspace
2019-12-12 12:51:08,441|press|Key.shift
2019-12-12 12:51:08,956|press|'П'
2019-12-12 12:51:09,024|release|'П'
2019-12-12 12:51:09,055|release|Key.shift
2019-12-12 12:51:09,127|press|'р'
2019-12-12 12:51:09,271|press|'и'
2019-12-12 12:51:09,299|release|'р'
2019-12-12 12:51:09,363|release|'и'
2019-12-12 12:51:09,607|press|'в'
2019-12-12 12:51:09,707|release|'в'
2019-12-12 12:51:09,942|press|'л'
2019-12-12 12:51:09,958|release|'л'
2019-12-12 12:51:10,153|press|'е'
2019-12-12 12:51:10,237|release|'е'
2019-12-12 12:51:10,333|press|'к'
2019-12-12 12:51:10,425|release|'к'
2019-12-12 12:51:11,282|press|'л'
2019-12-12 12:51:11,348|press|'и'
2019-12-12 12:51:11,349|release|'л'
2019-12-12 12:51:11,406|release|'и'
2019-12-12 12:51:11,491|press|Key.space
2019-12-12 12:51:11,539|release|Key.space
2019-12-12 12:51:12,145|press|'1'
2019-12-12 12:51:12,221|release|'1'
2019-12-12 12:51:12,293|press|'0'
2019-12-12 12:51:12,337|release|'0'
2019-12-12 12:51:12,414|press|'0'
2019-12-12 12:51:12,490|release|'0'
2019-12-12 12:51:12,591|press|Key.space
2019-12-12 12:51:12,679|release|Key.space
2019-12-12 12:51:12,796|press|'и'
2019-12-12 12:51:12,880|release|'и'
2019-12-12 12:51:12,964|press|'н'
2019-12-12 12:51:13,036|release|'н'
2019-12-12 12:51:13,521|press|'в'
2019-12-12 12:51:13,613|press|'е'
2019-12-12 12:51:13,647|release|'в'
2019-12-12 12:51:13,697|release|'е'
2019-12-12 12:51:13,870|press|'с'
2019-12-12 12:51:13,962|release|'с'
2019-12-12 12:51:14,047|press|'т'
2019-12-12 12:51:14,143|press|'о'
2019-12-12 12:51:14,155|release|'т'
2019-12-12 12:51:14,215|release|'о'
2019-12-12 12:51:14,273|press|'р'
2019-12-12 12:51:14,369|press|'о'
2019-12-12 12:51:14,406|release|'р'
2019-12-12 12:51:14,465|release|'о'
2019-12-12 12:51:14,517|press|'в'
2019-12-12 12:51:14,577|release|'в'
2019-12-12 12:51:18,182|press|Key.enter
2019-12-12 12:51:18,242|release|Key.enter
2019-12-12 12:51:18,968|press|Key.shift
2019-12-12 12:51:19,360|press|Key.tab
2019-12-12 12:51:19,464|release|Key.tab
2019-12-12 12:51:20,320|press|'М'
2019-12-12 12:51:20,397|release|Key.shift
2019-12-12 12:51:20,424|release|'м'
2019-12-12 12:51:20,563|press|'е'
2019-12-12 12:51:20,619|release|'е'
2019-12-12 12:51:21,017|press|'ж'
2019-12-12 12:51:21,097|release|'ж'
2019-12-12 12:51:21,236|press|'д'
2019-12-12 12:51:21,300|release|'д'
2019-12-12 12:51:21,371|press|'у'
2019-12-12 12:51:21,431|release|'у'
2019-12-12 12:51:21,615|press|'н'
2019-12-12 12:51:21,697|release|'н'
2019-12-12 12:51:21,697|press|'а'
2019-12-12 12:51:21,763|release|'а'
2019-12-12 12:51:21,913|press|'р'
2019-12-12 12:51:21,977|press|'о'
2019-12-12 12:51:22,005|release|'р'
2019-12-12 12:51:22,069|release|'о'
2019-12-12 12:51:22,436|press|'н'
2019-12-12 12:51:22,492|press|'ы'
2019-12-12 12:51:22,509|release|'н'
2019-12-12 12:51:22,600|press|'й'
2019-12-12 12:51:22,652|release|'ы'
2019-12-12 12:51:22,688|release|'й'
2019-12-12 12:51:22,727|press|Key.space
2019-12-12 12:51:22,791|release|Key.space
2019-12-12 12:51:23,635|press|'ф'
2019-12-12 12:51:23,699|release|'ф'
2019-12-12 12:51:23,864|press|'о'
2019-12-12 12:51:23,954|release|'о'
2019-12-12 12:51:24,056|press|'р'
2019-12-12 12:51:24,124|release|'р'
2019-12-12 12:51:24,461|press|'у'
2019-12-12 12:51:24,554|release|'у'
2019-12-12 12:51:24,608|press|'м'
2019-12-12 12:51:24,696|release|'м'
2019-12-12 12:51:24,977|press|Key.space
2019-12-12 12:51:25,067|release|Key.space
2019-12-12 12:51:26,451|press|Key.left
2019-12-12 12:51:26,952|press|Key.left
2019-12-12 12:51:27,036|press|Key.left
2019-12-12 12:51:27,119|press|Key.left
2019-12-12 12:51:27,203|press|Key.left
2019-12-12 12:51:27,287|press|Key.left
2019-12-12 12:51:27,288|release|Key.left
2019-12-12 12:51:27,419|press|Key.left
2019-12-12 12:51:27,508|release|Key.left
2019-12-12 12:51:27,592|press|Key.left
2019-12-12 12:51:27,660|release|Key.left
2019-12-12 12:51:27,748|press|Key.left
2019-12-12 12:51:27,821|release|Key.left
2019-12-12 12:51:27,914|press|Key.left
2019-12-12 12:51:28,007|release|Key.left
2019-12-12 12:51:28,485|press|'д'
2019-12-12 12:51:28,558|release|'д'
2019-12-12 12:51:29,076|press|Key.right
2019-12-12 12:51:29,578|press|Key.right
2019-12-12 12:51:29,662|press|Key.right
2019-12-12 12:51:29,746|press|Key.right
2019-12-12 12:51:29,831|press|Key.right
2019-12-12 12:51:29,915|press|Key.right
2019-12-12 12:51:29,999|press|Key.right
2019-12-12 12:51:30,083|press|Key.right
2019-12-12 12:51:30,167|press|Key.right
2019-12-12 12:51:30,252|press|Key.right
2019-12-12 12:51:30,256|release|Key.right
2019-12-12 12:51:32,878|press|Key.shift
2019-12-12 12:51:34,026|press|'"'
2019-12-12 12:51:34,086|release|'"'
2019-12-12 12:51:34,177|press|'"'
2019-12-12 12:51:34,250|release|'"'
2019-12-12 12:51:34,322|release|Key.shift
2019-12-12 12:51:34,478|press|Key.left
2019-12-12 12:51:34,587|release|Key.left
2019-12-12 12:51:34,819|press|Key.shift
2019-12-12 12:51:35,039|press|'И'
2019-12-12 12:51:35,090|release|Key.shift
2019-12-12 12:51:35,114|release|'и'
2019-12-12 12:51:35,209|press|'н'
2019-12-12 12:51:35,294|release|'н'
2019-12-12 12:51:35,444|press|'ф'
2019-12-12 12:51:35,545|release|'ф'
2019-12-12 12:51:35,546|press|'о'
2019-12-12 12:51:35,605|release|'о'
2019-12-12 12:51:35,702|press|'р'
2019-12-12 12:51:35,758|release|'р'
2019-12-12 12:51:35,762|press|'м'
2019-12-12 12:51:35,827|press|'а'
2019-12-12 12:51:35,878|release|'м'
2019-12-12 12:51:35,923|release|'а'
2019-12-12 12:51:36,285|press|'ц'
2019-12-12 12:51:36,361|release|'ц'
2019-12-12 12:51:36,382|press|'и'
2019-12-12 12:51:36,498|press|'о'
2019-12-12 12:51:36,537|release|'и'
2019-12-12 12:51:36,590|release|'о'
2019-12-12 12:51:36,711|press|'н'
2019-12-12 12:51:36,780|release|'н'
2019-12-12 12:51:36,839|press|'н'
2019-12-12 12:51:36,924|release|'н'
2019-12-12 12:51:36,976|press|'ы'
2019-12-12 12:51:37,060|release|'ы'
2019-12-12 12:51:37,520|press|'я'
2019-12-12 12:51:37,616|release|'я'
2019-12-12 12:51:37,638|press|Key.space
2019-12-12 12:51:37,691|release|Key.space
2019-12-12 12:51:38,087|press|'б'
2019-12-12 12:51:38,174|release|'б'
2019-12-12 12:51:38,202|press|'е'
2019-12-12 12:51:38,267|release|'е'
2019-12-12 12:51:38,428|press|'з'
2019-12-12 12:51:38,500|release|'з'
2019-12-12 12:51:38,656|press|'о'
2019-12-12 12:51:38,733|release|'о'
2019-12-12 12:51:38,921|press|'п'
2019-12-12 12:51:38,994|release|'п'
2019-12-12 12:51:39,017|press|'а'
2019-12-12 12:51:39,089|release|'а'
2019-12-12 12:51:39,205|press|'с'
2019-12-12 12:51:39,274|release|'с'
2019-12-12 12:51:39,293|press|'н'
2019-12-12 12:51:39,378|release|'н'
2019-12-12 12:51:39,462|press|'о'
2019-12-12 12:51:39,542|release|'о'
2019-12-12 12:51:39,591|press|'с'
2019-12-12 12:51:39,643|press|'т'
2019-12-12 12:51:39,650|release|'с'
2019-12-12 12:51:39,731|press|'ь'
2019-12-12 12:51:39,774|release|'т'
2019-12-12 12:51:39,847|release|'ь'
2019-12-12 12:51:46,428|press|Key.backspace
2019-12-12 12:51:46,488|release|Key.backspace
2019-12-12 12:51:46,500|press|'а'
2019-12-12 12:51:46,561|release|'а'
2019-12-12 12:51:46,910|press|Key.right
2019-12-12 12:51:47,412|press|Key.right
2019-12-12 12:51:47,496|press|Key.right
2019-12-12 12:51:47,580|press|Key.right
2019-12-12 12:51:47,664|press|Key.right
2019-12-12 12:51:47,748|press|Key.right
2019-12-12 12:51:47,832|press|Key.right
2019-12-12 12:51:47,917|press|Key.right
2019-12-12 12:51:47,994|release|Key.right
2019-12-12 12:51:48,130|press|Key.right
2019-12-12 12:51:48,202|release|Key.right
2019-12-12 12:51:48,308|press|Key.right
2019-12-12 12:51:48,372|release|Key.right
2019-12-12 12:51:48,455|press|Key.right
2019-12-12 12:51:48,519|release|Key.right
2019-12-12 12:51:48,604|press|Key.right
2019-12-12 12:51:48,660|release|Key.right
2019-12-12 12:51:48,752|press|Key.right
2019-12-12 12:51:48,813|release|Key.right
2019-12-12 12:51:48,905|press|Key.right
2019-12-12 12:51:48,985|release|Key.right
2019-12-12 12:51:49,485|press|Key.space
2019-12-12 12:51:49,553|release|Key.space
2019-12-12 12:51:49,615|press|'в'
2019-12-12 12:51:49,646|press|Key.space
2019-12-12 12:51:49,671|release|'в'
2019-12-12 12:51:49,720|release|Key.space
2019-12-12 12:51:49,856|press|'м'
2019-12-12 12:51:49,949|release|'м'
2019-12-12 12:51:50,055|press|'е'
2019-12-12 12:51:50,143|release|'е'
2019-12-12 12:51:50,478|press|'д'
2019-12-12 12:51:50,542|press|'и'
2019-12-12 12:51:50,543|release|'д'
2019-12-12 12:51:50,606|release|'и'
2019-12-12 12:51:51,002|press|'ц'
2019-12-12 12:51:51,066|release|'ц'
2019-12-12 12:51:51,078|press|'и'
2019-12-12 12:51:51,179|release|'и'
2019-12-12 12:51:51,275|press|'н'
2019-12-12 12:51:51,351|release|'н'
2019-12-12 12:51:51,363|press|'е'
2019-12-12 12:51:51,443|release|'е'
2019-12-12 12:51:52,036|press|Key.right
2019-12-12 12:51:52,112|release|Key.right
2019-12-12 12:51:53,118|press|Key.enter
2019-12-12 12:51:53,170|release|Key.enter
2019-12-12 12:51:53,325|press|Key.tab
2019-12-12 12:51:53,447|release|Key.tab
2019-12-12 12:51:56,083|press|'о'
2019-12-12 12:51:56,151|release|'о'
2019-12-12 12:51:56,453|press|'х'
2019-12-12 12:51:56,477|release|'х'
2019-12-12 12:51:57,720|press|'в'
2019-12-12 12:51:57,800|press|'а'
2019-12-12 12:51:57,852|release|'в'
2019-12-12 12:51:57,888|release|'а'
2019-12-12 12:51:58,038|press|'т'
2019-12-12 12:51:58,114|release|'т'
2019-12-12 12:51:58,338|press|Key.space
2019-12-12 12:51:58,406|release|Key.space
2019-12-12 12:52:04,084|press|'4'
2019-12-12 12:52:04,138|press|'7'
2019-12-12 12:52:04,155|release|'4'
2019-12-12 12:52:04,215|release|'7'
2019-12-12 12:52:04,376|press|Key.space
2019-12-12 12:52:04,447|release|Key.space
2019-12-12 12:52:04,494|press|'с'
2019-12-12 12:52:04,578|release|'с'
2019-12-12 12:52:04,586|press|'т'
2019-12-12 12:52:04,662|release|'т'
2019-12-12 12:52:04,757|press|'р'
2019-12-12 12:52:04,822|release|'р'
2019-12-12 12:52:04,864|press|'а'
2019-12-12 12:52:04,933|release|'а'
2019-12-12 12:52:05,071|press|'н'
2019-12-12 12:52:05,144|release|'н'
2019-12-12 12:52:05,752|press|Key.shift
2019-12-12 12:52:05,903|press|','
2019-12-12 12:52:05,959|release|','
2019-12-12 12:52:05,963|release|Key.shift
2019-12-12 12:52:06,030|press|Key.space
2019-12-12 12:52:06,122|release|Key.space
2019-12-12 12:52:07,809|press|'в'
2019-12-12 12:52:07,906|release|'в'
2019-12-12 12:52:08,055|press|'к'
2019-12-12 12:52:08,131|release|'к'
2019-12-12 12:52:08,256|press|'л'
2019-12-12 12:52:08,297|release|'л'
2019-12-12 12:52:08,579|press|'ю'
2019-12-12 12:52:08,647|release|'ю'
2019-12-12 12:52:08,770|press|'ч'
2019-12-12 12:52:08,882|release|'ч'
2019-12-12 12:52:08,966|press|'а'
2019-12-12 12:52:09,042|release|'а'
2019-12-12 12:52:09,627|press|'я'
2019-12-12 12:52:09,711|release|'я'
2019-12-12 12:52:09,730|press|Key.space
2019-12-12 12:52:09,806|release|Key.space
2019-12-12 12:52:09,880|press|Key.shift
2019-12-12 12:52:10,020|press|'Р'
2019-12-12 12:52:10,084|release|Key.shift
2019-12-12 12:52:10,096|release|'р'
2019-12-12 12:52:10,158|press|'о'
2019-12-12 12:52:10,254|release|'о'
2019-12-12 12:52:10,427|press|'с'
2019-12-12 12:52:10,495|release|'с'
2019-12-12 12:52:10,591|press|'с'
2019-12-12 12:52:10,647|release|'с'
2019-12-12 12:52:10,681|press|'и'
2019-12-12 12:52:10,769|release|'и'
2019-12-12 12:52:11,311|press|'ю'
2019-12-12 12:52:11,367|release|'ю'
2019-12-12 12:52:11,802|press|Key.shift
2019-12-12 12:52:12,050|press|','
2019-12-12 12:52:12,122|release|','
2019-12-12 12:52:12,126|release|Key.shift
2019-12-12 12:52:12,192|press|Key.space
2019-12-12 12:52:12,297|release|Key.space
2019-12-12 12:52:12,701|press|Key.shift
2019-12-12 12:52:12,933|press|'К'
2019-12-12 12:52:12,985|release|Key.shift
2019-12-12 12:52:12,997|release|'к'
2019-12-12 12:52:13,118|press|'и'
2019-12-12 12:52:13,198|release|'и'
2019-12-12 12:52:13,290|press|'т'
2019-12-12 12:52:13,358|release|'т'
2019-12-12 12:52:13,404|press|'а'
2019-12-12 12:52:13,471|release|'а'
2019-12-12 12:52:13,599|press|'я'
2019-12-12 12:52:13,699|release|'я'
2019-12-12 12:52:13,808|press|Key.space
2019-12-12 12:52:13,884|release|Key.space
2019-12-12 12:52:14,091|press|'и'
2019-12-12 12:52:14,171|release|'и'
2019-12-12 12:52:14,189|press|Key.space
2019-12-12 12:52:14,253|release|Key.space
2019-12-12 12:52:14,421|press|Key.shift
2019-12-12 12:52:14,569|press|'И'
2019-12-12 12:52:14,633|release|'И'
2019-12-12 12:52:14,642|release|Key.shift
2019-12-12 12:52:14,748|press|'н'
2019-12-12 12:52:14,804|release|'н'
2019-12-12 12:52:15,219|press|'д'
2019-12-12 12:52:15,301|press|'и'
2019-12-12 12:52:15,302|release|'д'
2019-12-12 12:52:15,367|release|'и'
2019-12-12 12:52:15,556|press|'ю'
2019-12-12 12:52:15,652|release|'ю'
2019-12-12 12:52:16,310|press|Key.enter
2019-12-12 12:52:16,366|release|Key.enter
2019-12-12 12:52:17,583|press|Key.up
2019-12-12 12:52:17,647|release|Key.up
2019-12-12 12:52:17,762|press|Key.right
2019-12-12 12:52:18,263|press|Key.right
2019-12-12 12:52:18,348|press|Key.right
2019-12-12 12:52:18,432|press|Key.right
2019-12-12 12:52:18,516|press|Key.right
2019-12-12 12:52:18,600|press|Key.right
2019-12-12 12:52:18,685|press|Key.right
2019-12-12 12:52:18,769|press|Key.right
2019-12-12 12:52:18,782|press|Key.cmd
2019-12-12 12:52:18,790|release|Key.right
2019-12-12 12:52:18,967|release|Key.cmd
2019-12-12 12:52:19,002|press|Key.right
2019-12-12 12:52:19,062|press|Key.cmd
2019-12-12 12:52:19,102|release|Key.right
2019-12-12 12:52:19,318|press|Key.right
2019-12-12 12:52:19,410|release|Key.right
2019-12-12 12:52:19,534|press|Key.right
2019-12-12 12:52:19,626|release|Key.right
2019-12-12 12:52:19,794|release|Key.cmd
2019-12-12 12:52:19,904|press|Key.left
2019-12-12 12:52:19,980|release|Key.left
2019-12-12 12:52:20,078|press|Key.left
2019-12-12 12:52:20,150|release|Key.left
2019-12-12 12:52:20,236|press|Key.left
2019-12-12 12:52:20,316|release|Key.left
2019-12-12 12:52:20,392|press|Key.left
2019-12-12 12:52:20,468|release|Key.left
2019-12-12 12:52:20,549|press|Key.left
2019-12-12 12:52:20,625|release|Key.left
2019-12-12 12:52:20,705|press|Key.left
2019-12-12 12:52:20,769|release|Key.left
2019-12-12 12:52:20,861|press|Key.left
2019-12-12 12:52:20,977|release|Key.left
2019-12-12 12:52:21,122|press|Key.left
2019-12-12 12:52:21,246|release|Key.left
2019-12-12 12:52:21,861|press|Key.backspace
2019-12-12 12:52:21,921|release|Key.backspace
2019-12-12 12:52:21,938|press|'й'
2019-12-12 12:52:22,010|release|'й'
2019-12-12 12:52:22,607|press|Key.up
2019-12-12 12:52:22,727|release|Key.up
2019-12-12 12:52:23,529|press|Key.down
2019-12-12 12:52:23,590|release|Key.down
2019-12-12 12:52:23,851|press|Key.down
2019-12-12 12:52:23,922|release|Key.down
2019-12-12 12:52:25,668|press|'3'
2019-12-12 12:52:25,757|press|Key.space
2019-12-12 12:52:25,757|release|'3'
2019-12-12 12:52:25,808|release|Key.space
2019-12-12 12:52:26,242|press|'д'
2019-12-12 12:52:26,310|release|'д'
2019-12-12 12:52:26,469|press|'н'
2019-12-12 12:52:26,529|release|'н'
2019-12-12 12:52:26,537|press|'я'
2019-12-12 12:52:26,601|release|'я'
2019-12-12 12:52:26,677|press|Key.space
2019-12-12 12:52:26,706|release|Key.space
2019-12-12 12:52:27,396|press|Key.backspace
2019-12-12 12:52:27,440|release|Key.backspace
2019-12-12 12:52:27,582|press|Key.enter
2019-12-12 12:52:27,650|release|Key.enter
2019-12-12 12:52:29,243|press|'4'
2019-12-12 12:52:29,315|release|'4'
2019-12-12 12:52:29,347|press|Key.space
2019-12-12 12:52:29,395|release|Key.space
2019-12-12 12:52:38,233|press|'и'
2019-12-12 12:52:38,315|release|'и'
2019-12-12 12:52:38,339|press|'н'
2019-12-12 12:52:38,384|release|'н'
2019-12-12 12:52:38,521|press|'т'
2019-12-12 12:52:38,577|release|'т'
2019-12-12 12:52:38,607|press|'е'
2019-12-12 12:52:38,679|release|'е'
2019-12-12 12:52:38,716|press|'р'
2019-12-12 12:52:38,816|release|'р'
2019-12-12 12:52:38,987|press|'а'
2019-12-12 12:52:39,039|release|'а'
2019-12-12 12:52:39,298|press|Key.backspace
2019-12-12 12:52:39,410|release|Key.backspace
2019-12-12 12:52:39,510|press|Key.backspace
2019-12-12 12:52:39,589|release|Key.backspace
2019-12-12 12:52:39,681|press|Key.backspace
2019-12-12 12:52:39,754|release|Key.backspace
2019-12-12 12:52:39,847|press|Key.backspace
2019-12-12 12:52:39,916|release|Key.backspace
2019-12-12 12:52:40,005|press|Key.backspace
2019-12-12 12:52:40,074|release|Key.backspace
2019-12-12 12:52:40,163|press|Key.backspace
2019-12-12 12:52:40,252|release|Key.backspace
2019-12-12 12:52:40,956|press|'п'
2019-12-12 12:52:41,040|release|'п'
2019-12-12 12:52:41,186|press|'л'
2019-12-12 12:52:41,277|press|'о'
2019-12-12 12:52:41,293|release|'л'
2019-12-12 12:52:41,342|release|'о'
2019-12-12 12:52:41,757|press|'щ'
2019-12-12 12:52:41,839|release|'щ'
2019-12-12 12:52:41,854|press|'а'
2019-12-12 12:52:41,926|release|'а'
2019-12-12 12:52:41,958|press|'д'
2019-12-12 12:52:42,006|release|'д'
2019-12-12 12:52:42,189|press|'к'
2019-12-12 12:52:42,281|release|'к'
2019-12-12 12:52:42,330|press|'и'
2019-12-12 12:52:42,410|release|'и'
2019-12-12 12:53:29,023|press|Key.enter
2019-12-12 12:53:29,083|release|Key.enter
2019-12-12 12:53:32,327|press|Key.shift
2019-12-12 12:53:32,524|press|'О'
2019-12-12 12:53:32,539|release|Key.shift
2019-12-12 12:53:32,597|release|'о'
2019-12-12 12:53:32,732|press|'п'
2019-12-12 12:53:32,797|release|'п'
2019-12-12 12:53:33,032|press|'ы'
2019-12-12 12:53:33,133|release|'ы'
2019-12-12 12:53:33,210|press|'т'
2019-12-12 12:53:33,270|release|'т'
2019-12-12 12:53:33,395|press|Key.space
2019-12-12 12:53:33,451|release|Key.space
2019-12-12 12:53:33,692|press|'о'
2019-12-12 12:53:33,765|release|'о'
2019-12-12 12:53:34,074|press|'р'
2019-12-12 12:53:34,122|release|'р'
2019-12-12 12:53:34,211|press|'г'
2019-12-12 12:53:34,268|release|'г'
2019-12-12 12:53:34,330|press|'а'
2019-12-12 12:53:34,389|release|'а'
2019-12-12 12:53:34,485|press|'н'
2019-12-12 12:53:34,545|release|'н'
2019-12-12 12:53:34,557|press|'и'
2019-12-12 12:53:34,646|release|'и'
2019-12-12 12:53:35,306|press|'з'
2019-12-12 12:53:35,358|release|'з'
2019-12-12 12:53:35,494|press|'а'
2019-12-12 12:53:35,582|release|'а'
2019-12-12 12:53:35,699|press|'ц'
2019-12-12 12:53:35,791|release|'ц'
2019-12-12 12:53:35,896|press|'и'
2019-12-12 12:53:35,960|release|'и'
2019-12-12 12:53:36,045|press|'и'
2019-12-12 12:53:36,097|release|'и'
2019-12-12 12:53:36,202|press|Key.space
2019-12-12 12:53:36,274|release|Key.space
2019-12-12 12:53:36,423|press|'м'
2019-12-12 12:53:36,551|press|'е'
2019-12-12 12:53:36,595|release|'м'
2019-12-12 12:53:36,655|release|'е'
2019-12-12 12:53:36,752|press|'т'
2019-12-12 12:53:36,808|press|'о'
2019-12-12 12:53:36,844|release|'т'
2019-12-12 12:53:36,901|release|'о'
2019-12-12 12:53:36,993|press|'р'
2019-12-12 12:53:37,065|release|'р'
2019-12-12 12:53:37,383|press|Key.backspace
2019-12-12 12:53:37,463|release|Key.backspace
2019-12-12 12:53:37,518|press|'п'
2019-12-12 12:53:37,583|release|'п'
2019-12-12 12:53:37,643|press|'р'
2019-12-12 12:53:37,723|release|'р'
2019-12-12 12:53:37,737|press|'и'
2019-12-12 12:53:37,814|release|'и'
2019-12-12 12:53:38,072|press|'я'
2019-12-12 12:53:38,196|release|'я'
2019-12-12 12:53:38,328|press|'т'
2019-12-12 12:53:38,384|press|'и'
2019-12-12 12:53:38,452|release|'т'
2019-12-12 12:53:38,501|release|'и'
2019-12-12 12:53:38,612|press|'й'
2019-12-12 12:53:38,696|release|'й'
2019-12-12 12:53:38,768|press|Key.space
2019-12-12 12:53:38,853|release|Key.space
2019-12-12 12:53:38,971|press|'в'
2019-12-12 12:53:39,051|press|Key.space
2019-12-12 12:53:39,059|release|'в'
2019-12-12 12:53:39,139|release|Key.space
2019-12-12 12:53:39,854|press|'2'
2019-12-12 12:53:39,934|press|'0'
2019-12-12 12:53:39,941|release|'2'
2019-12-12 12:53:39,994|release|'0'
2019-12-12 12:53:40,080|press|'1'
2019-12-12 12:53:40,164|release|'1'
2019-12-12 12:53:40,289|press|'7'
2019-12-12 12:53:40,354|release|'7'
2019-12-12 12:53:40,964|press|Key.space
2019-12-12 12:53:41,036|release|Key.space
2019-12-12 12:53:41,285|press|'г'
2019-12-12 12:53:41,368|release|'г'
2019-12-12 12:53:41,441|press|'о'
2019-12-12 12:53:41,501|release|'о'
2019-12-12 12:53:42,018|press|'д'
2019-12-12 12:53:42,056|release|'д'
2019-12-12 12:53:42,068|press|'у'
2019-12-12 12:53:42,140|release|'у'
2019-12-12 12:53:43,890|press|Key.shift
2019-12-12 12:53:44,162|press|':'
2019-12-12 12:53:44,234|release|':'
2019-12-12 12:53:44,291|release|Key.shift
2019-12-12 12:53:44,830|press|Key.up
2019-12-12 12:53:44,890|release|Key.up
2019-12-12 12:53:45,106|press|Key.right
2019-12-12 12:53:45,607|press|Key.right
2019-12-12 12:53:45,692|press|Key.right
2019-12-12 12:53:45,776|press|Key.right
2019-12-12 12:53:45,860|press|Key.right
2019-12-12 12:53:45,945|press|Key.right
2019-12-12 12:53:46,029|press|Key.right
2019-12-12 12:53:46,102|release|Key.right
2019-12-12 12:53:46,212|press|Key.right
2019-12-12 12:53:46,328|release|Key.right
2019-12-12 12:53:46,435|press|Key.right
2019-12-12 12:53:46,519|release|Key.right
2019-12-12 12:53:46,592|press|Key.right
2019-12-12 12:53:46,684|release|Key.right
2019-12-12 12:53:46,756|press|Key.right
2019-12-12 12:53:46,832|release|Key.right
2019-12-12 12:53:46,920|press|Key.right
2019-12-12 12:53:46,992|release|Key.right
2019-12-12 12:53:47,459|press|Key.backspace
2019-12-12 12:53:47,519|release|Key.backspace
2019-12-12 12:53:49,044|press|Key.shift
2019-12-12 12:53:49,498|press|'.'
2019-12-12 12:53:49,555|release|'.'
2019-12-12 12:53:49,607|release|Key.shift
2019-12-12 12:53:50,326|press|Key.down
2019-12-12 12:53:50,510|release|Key.down
2019-12-12 12:53:50,640|press|Key.left
2019-12-12 12:53:51,141|press|Key.left
2019-12-12 12:53:51,226|press|Key.left
2019-12-12 12:53:51,309|press|Key.left
2019-12-12 12:53:51,394|press|Key.left
2019-12-12 12:53:51,478|press|Key.left
2019-12-12 12:53:51,562|press|Key.left
2019-12-12 12:53:51,646|press|Key.left
2019-12-12 12:53:51,730|press|Key.left
2019-12-12 12:53:51,815|press|Key.left
2019-12-12 12:53:51,899|press|Key.left
2019-12-12 12:53:51,983|press|Key.left
2019-12-12 12:53:52,067|press|Key.left
2019-12-12 12:53:52,152|press|Key.left
2019-12-12 12:53:52,236|press|Key.left
2019-12-12 12:53:52,320|press|Key.left
2019-12-12 12:53:52,404|press|Key.left
2019-12-12 12:53:52,488|press|Key.left
2019-12-12 12:53:52,573|press|Key.left
2019-12-12 12:53:52,657|press|Key.left
2019-12-12 12:53:52,741|press|Key.left
2019-12-12 12:53:52,756|release|Key.left
2019-12-12 12:53:52,973|press|Key.left
2019-12-12 12:53:53,017|release|Key.left
2019-12-12 12:53:53,279|press|Key.right
2019-12-12 12:53:53,415|release|Key.right
2019-12-12 12:53:53,889|press|Key.backspace
2019-12-12 12:53:53,957|release|Key.backspace
2019-12-12 12:53:54,071|press|'р'
2019-12-12 12:53:54,151|release|'р'
2019-12-12 12:53:56,475|press|Key.down
2019-12-12 12:53:56,558|release|Key.down
2019-12-12 12:53:56,629|press|Key.down
2019-12-12 12:53:56,685|release|Key.down
2019-12-12 12:53:56,782|press|Key.down
2019-12-12 12:53:56,834|release|Key.down
2019-12-12 12:53:56,933|press|Key.down
2019-12-12 12:53:56,985|release|Key.down
2019-12-12 12:53:57,085|press|Key.down
2019-12-12 12:53:57,141|release|Key.down
2019-12-12 12:53:57,233|press|Key.down
2019-12-12 12:53:57,301|release|Key.down
2019-12-12 12:53:57,397|press|Key.down
2019-12-12 12:53:57,461|release|Key.down
2019-12-12 12:53:57,579|press|Key.down
2019-12-12 12:53:57,611|release|Key.down
2019-12-12 12:53:57,734|press|Key.down
2019-12-12 12:53:57,798|release|Key.down
2019-12-12 12:53:57,896|press|Key.down
2019-12-12 12:53:57,964|release|Key.down
2019-12-12 12:53:58,068|press|Key.down
2019-12-12 12:53:58,140|release|Key.down
2019-12-12 12:53:58,236|press|Key.down
2019-12-12 12:53:58,304|release|Key.down
2019-12-12 12:53:58,410|press|Key.down
2019-12-12 12:53:58,502|release|Key.down
2019-12-12 12:53:59,580|press|Key.shift
2019-12-12 12:53:59,816|press|'М'
2019-12-12 12:53:59,892|release|Key.shift
2019-12-12 12:53:59,892|release|'м'
2019-12-12 12:53:59,987|press|'е'
2019-12-12 12:54:00,051|release|'е'
2019-12-12 12:54:00,287|press|'р'
2019-12-12 12:54:00,379|press|'о'
2019-12-12 12:54:00,413|release|'р'
2019-12-12 12:54:00,451|release|'о'
2019-12-12 12:54:00,696|press|'п'
2019-12-12 12:54:00,772|release|'п'
2019-12-12 12:54:00,775|press|'р'
2019-12-12 12:54:00,868|release|'р'
2019-12-12 12:54:00,880|press|'и'
2019-12-12 12:54:00,960|release|'и'
2019-12-12 12:54:01,424|press|'я'
2019-12-12 12:54:01,540|release|'я'
2019-12-12 12:54:01,623|press|'т'
2019-12-12 12:54:01,699|press|'и'
2019-12-12 12:54:01,743|release|'т'
2019-12-12 12:54:01,815|release|'и'
2019-12-12 12:54:02,421|press|'я'
2019-12-12 12:54:02,497|release|'я'
2019-12-12 12:54:03,001|press|Key.shift
2019-12-12 12:54:03,258|press|'.'
2019-12-12 12:54:03,335|release|'.'
2019-12-12 12:54:03,570|release|Key.shift
2019-12-12 12:54:03,616|press|Key.backspace
2019-12-12 12:54:03,702|release|Key.backspace
2019-12-12 12:54:03,787|press|Key.shift
2019-12-12 12:54:03,915|press|','
2019-12-12 12:54:03,975|release|','
2019-12-12 12:54:04,039|release|Key.shift
2019-12-12 12:54:04,082|press|Key.space
2019-12-12 12:54:04,162|release|Key.space
2019-12-12 12:54:04,316|press|'о'
2019-12-12 12:54:04,384|release|'о'
2019-12-12 12:54:04,490|press|'р'
2019-12-12 12:54:04,542|release|'р'
2019-12-12 12:54:04,638|press|'г'
2019-12-12 12:54:04,702|release|'г'
2019-12-12 12:54:04,768|press|'а'
2019-12-12 12:54:04,812|release|'а'
2019-12-12 12:54:04,870|press|'н'
2019-12-12 12:54:04,930|release|'н'
2019-12-12 12:54:04,968|press|'и'
2019-12-12 12:54:05,052|release|'и'
2019-12-12 12:54:05,610|press|'з'
2019-12-12 12:54:05,682|release|'з'
2019-12-12 12:54:05,876|press|'о'
2019-12-12 12:54:05,956|release|'о'
2019-12-12 12:54:06,080|press|'в'
2019-12-12 12:54:06,132|press|'а'
2019-12-12 12:54:06,180|release|'в'
2019-12-12 12:54:06,228|release|'а'
2019-12-12 12:54:06,246|press|'н'
2019-12-12 12:54:06,306|release|'н'
2019-12-12 12:54:06,384|press|'н'
2019-12-12 12:54:06,460|release|'н'
2019-12-12 12:54:06,556|press|'ы'
2019-12-12 12:54:06,648|release|'ы'
2019-12-12 12:54:06,698|press|'е'
2019-12-12 12:54:06,762|release|'е'
2019-12-12 12:54:06,790|press|Key.space
2019-12-12 12:54:06,906|release|Key.space
2019-12-12 12:54:07,146|press|'н'
2019-12-12 12:54:07,210|release|'н'
2019-12-12 12:54:07,241|press|'а'
2019-12-12 12:54:07,309|release|'а'
2019-12-12 12:54:07,421|press|'п'
2019-12-12 12:54:07,485|release|'п'
2019-12-12 12:54:07,850|press|Key.backspace
2019-12-12 12:54:07,918|release|Key.backspace
2019-12-12 12:54:08,018|press|'м'
2019-12-12 12:54:08,094|release|'м'
2019-12-12 12:54:08,124|press|'и'
2019-12-12 12:54:08,183|release|'и'
2019-12-12 12:54:08,273|press|Key.space
2019-12-12 12:54:08,353|release|Key.space
2019-12-12 12:54:08,474|press|'в'
2019-12-12 12:54:08,550|release|'в'
2019-12-12 12:54:08,551|press|Key.space
2019-12-12 12:54:08,610|release|Key.space
2019-12-12 12:54:09,384|press|'2'
2019-12-12 12:54:09,456|press|'0'
2019-12-12 12:54:09,475|release|'2'
2019-12-12 12:54:09,516|release|'0'
2019-12-12 12:54:09,609|press|'1'
2019-12-12 12:54:09,717|release|'1'
2019-12-12 12:54:09,729|press|'8'
2019-12-12 12:54:09,797|release|'8'
2019-12-12 12:54:10,120|press|Key.space
2019-12-12 12:54:10,204|release|Key.space
2019-12-12 12:54:10,320|press|'г'
2019-12-12 12:54:10,388|release|'г'
2019-12-12 12:54:10,461|press|'о'
2019-12-12 12:54:10,537|release|'о'
2019-12-12 12:54:10,908|press|'д'
2019-12-12 12:54:10,964|release|'д'
2019-12-12 12:54:11,284|press|'у'
2019-12-12 12:54:11,360|release|'у'
2019-12-12 12:54:11,525|press|Key.shift
2019-12-12 12:54:11,804|press|':'
2019-12-12 12:54:11,876|release|':'
2019-12-12 12:54:11,897|release|Key.shift
2019-12-12 12:54:12,464|press|Key.enter
2019-12-12 12:54:12,536|release|Key.enter
2019-12-12 12:54:18,545|press|Key.shift
2019-12-12 12:54:19,017|press|'Е'
2019-12-12 12:54:19,097|release|'Е'
2019-12-12 12:54:19,117|release|Key.shift
2019-12-12 12:54:19,398|press|'ж'
2019-12-12 12:54:19,454|release|'ж'
2019-12-12 12:54:19,477|press|'е'
2019-12-12 12:54:19,541|release|'е'
2019-12-12 12:54:19,691|press|'г'
2019-12-12 12:54:19,743|release|'г'
2019-12-12 12:54:19,841|press|'о'
2019-12-12 12:54:19,905|release|'о'
2019-12-12 12:54:20,414|press|'д'
2019-12-12 12:54:20,446|release|'д'
2019-12-12 12:54:20,889|press|'н'
2019-12-12 12:54:20,946|press|'ы'
2019-12-12 12:54:20,946|release|'н'
2019-12-12 12:54:21,041|press|'й'
2019-12-12 12:54:21,077|release|'ы'
2019-12-12 12:54:21,097|release|'й'
2019-12-12 12:54:21,178|press|Key.space
2019-12-12 12:54:21,235|release|Key.space
2019-12-12 12:54:21,924|press|'н'
2019-12-12 12:54:21,984|press|'а'
2019-12-12 12:54:21,985|release|'н'
2019-12-12 12:54:22,048|release|'а'
2019-12-12 12:54:22,245|press|'р'
2019-12-12 12:54:22,330|press|'о'
2019-12-12 12:54:22,331|release|'р'
2019-12-12 12:54:22,377|release|'о'
2019-12-12 12:54:22,619|press|'д'
2019-12-12 12:54:22,698|release|'д'
2019-12-12 12:54:22,899|press|'н'
2019-12-12 12:54:22,967|release|'н'
2019-12-12 12:54:23,019|press|'ы'
2019-12-12 12:54:23,131|press|'й'
2019-12-12 12:54:23,174|release|'ы'
2019-12-12 12:54:23,211|release|'й'
2019-12-12 12:54:23,273|press|Key.space
2019-12-12 12:54:23,334|release|Key.space
2019-12-12 12:54:25,408|press|Key.backspace
2019-12-12 12:54:25,457|release|Key.backspace
2019-12-12 12:54:25,553|press|Key.backspace
2019-12-12 12:54:25,614|release|Key.backspace
2019-12-12 12:54:25,705|press|Key.backspace
2019-12-12 12:54:25,770|release|Key.backspace
2019-12-12 12:54:25,850|press|Key.backspace
2019-12-12 12:54:25,910|release|Key.backspace
2019-12-12 12:54:26,004|press|Key.backspace
2019-12-12 12:54:26,061|release|Key.backspace
2019-12-12 12:54:26,148|press|Key.backspace
2019-12-12 12:54:26,205|release|Key.backspace
2019-12-12 12:54:26,293|press|Key.backspace
2019-12-12 12:54:26,354|release|Key.backspace
2019-12-12 12:54:26,436|press|Key.backspace
2019-12-12 12:54:26,493|release|Key.backspace
2019-12-12 12:54:26,809|press|Key.backspace
2019-12-12 12:54:26,862|release|Key.backspace
2019-12-12 12:54:27,157|press|'м'
2019-12-12 12:54:27,241|release|'м'
2019-12-12 12:54:27,528|press|'е'
2019-12-12 12:54:27,604|release|'е'
2019-12-12 12:54:27,761|press|'ж'
2019-12-12 12:54:27,814|release|'ж'
2019-12-12 12:54:28,918|press|'д'
2019-12-12 12:54:29,010|release|'д'
2019-12-12 12:54:29,033|press|'у'
2019-12-12 12:54:29,118|release|'у'
2019-12-12 12:54:29,212|press|'н'
2019-12-12 12:54:29,276|release|'н'
2019-12-12 12:54:29,301|press|'а'
2019-12-12 12:54:29,370|release|'а'
2019-12-12 12:54:29,432|press|'р'
2019-12-12 12:54:29,520|press|'о'
2019-12-12 12:54:29,539|release|'р'
2019-12-12 12:54:29,596|release|'о'
2019-12-12 12:54:29,801|press|'н'
2019-12-12 12:54:29,870|release|'н'
2019-12-12 12:54:30,495|press|Key.backspace
2019-12-12 12:54:30,576|release|Key.backspace
2019-12-12 12:54:30,704|press|'д'
2019-12-12 12:54:30,776|release|'д'
2019-12-12 12:54:30,968|press|'н'
2019-12-12 12:54:31,054|release|'н'
2019-12-12 12:54:31,083|press|'ы'
2019-12-12 12:54:31,164|press|'й'
2019-12-12 12:54:31,235|release|'ы'
2019-12-12 12:54:31,283|release|'й'
2019-12-12 12:54:31,287|press|Key.space
2019-12-12 12:54:31,356|release|Key.space
2019-12-12 12:54:34,760|press|'к'
2019-12-12 12:54:34,855|press|'о'
2019-12-12 12:54:34,856|release|'к'
2019-12-12 12:54:34,920|release|'о'
2019-12-12 12:54:35,025|press|'н'
2019-12-12 12:54:35,098|release|'н'
2019-12-12 12:54:35,302|press|'к'
2019-12-12 12:54:35,394|press|'у'
2019-12-12 12:54:35,433|release|'к'
2019-12-12 12:54:35,469|release|'у'
2019-12-12 12:54:35,614|press|'р'
2019-12-12 12:54:35,691|release|'р'
2019-12-12 12:54:35,720|press|'с'
2019-12-12 12:54:35,797|release|'с'
2019-12-12 12:54:35,836|press|Key.space
2019-12-12 12:54:35,896|release|Key.space
2019-12-12 12:54:36,906|press|Key.shift
2019-12-12 12:54:37,676|press|'"'
2019-12-12 12:54:37,736|release|'"'
2019-12-12 12:54:37,836|press|'"'
2019-12-12 12:54:37,908|release|'"'
2019-12-12 12:54:37,961|release|Key.shift
2019-12-12 12:54:38,513|press|Key.left
2019-12-12 12:54:38,602|release|Key.left
2019-12-12 12:54:38,775|press|Key.shift
2019-12-12 12:54:39,126|press|'Ю'
2019-12-12 12:54:39,190|release|'Ю'
2019-12-12 12:54:39,243|release|Key.shift
2019-12-12 12:54:39,594|press|'н'
2019-12-12 12:54:39,675|press|'ы'
2019-12-12 12:54:39,675|release|'н'
2019-12-12 12:54:39,705|press|'й'
2019-12-12 12:54:39,766|release|'ы'
2019-12-12 12:54:39,823|release|'й'
2019-12-12 12:54:39,837|press|Key.space
2019-12-12 12:54:39,901|release|Key.space
2019-12-12 12:54:40,238|press|'г'
2019-12-12 12:54:40,319|release|'г'
2019-12-12 12:54:40,365|press|'е'
2019-12-12 12:54:40,430|release|'е'
2019-12-12 12:54:40,475|press|'н'
2019-12-12 12:54:40,548|release|'н'
2019-12-12 12:54:40,603|press|'и'
2019-12-12 12:54:40,688|release|'и'
2019-12-12 12:54:40,845|press|'й'
2019-12-12 12:54:40,945|release|'й'
2019-12-12 12:54:42,300|press|Key.right
2019-12-12 12:54:42,404|release|Key.right
2019-12-12 12:54:42,918|press|Key.space
2019-12-12 12:54:42,990|release|Key.space
2019-12-12 12:54:44,257|press|Key.backspace
2019-12-12 12:54:44,343|release|Key.backspace
2019-12-12 12:54:44,644|press|Key.shift
2019-12-12 12:54:44,876|press|','
2019-12-12 12:54:44,960|release|','
2019-12-12 12:54:44,961|release|Key.shift
2019-12-12 12:54:45,008|press|Key.space
2019-12-12 12:54:45,101|release|Key.space
2019-12-12 12:54:45,364|press|'о'
2019-12-12 12:54:45,468|release|'о'
2019-12-12 12:54:45,566|press|'р'
2019-12-12 12:54:45,631|release|'р'
2019-12-12 12:54:45,720|press|'г'
2019-12-12 12:54:45,805|release|'г'
2019-12-12 12:54:45,865|press|'а'
2019-12-12 12:54:45,926|release|'а'
2019-12-12 12:54:46,019|press|'н'
2019-12-12 12:54:46,096|release|'н'
2019-12-12 12:54:46,128|press|'и'
2019-12-12 12:54:46,213|release|'и'
2019-12-12 12:54:46,631|press|'з'
2019-12-12 12:54:46,700|release|'з'
2019-12-12 12:54:46,852|press|'о'
2019-12-12 12:54:46,925|release|'о'
2019-12-12 12:54:47,005|press|'в'
2019-12-12 12:54:47,073|press|'а'
2019-12-12 12:54:47,125|release|'в'
2019-12-12 12:54:47,158|release|'а'
2019-12-12 12:54:47,219|press|'н'
2019-12-12 12:54:47,276|release|'н'
2019-12-12 12:54:47,341|press|'н'
2019-12-12 12:54:47,414|release|'н'
2019-12-12 12:54:47,483|press|'ы'
2019-12-12 12:54:47,580|release|'ы'
2019-12-12 12:54:47,667|press|'й'
2019-12-12 12:54:47,787|release|'й'
2019-12-12 12:54:47,791|press|Key.space
2019-12-12 12:54:47,851|release|Key.space
2019-12-12 12:54:47,983|press|'п'
2019-12-12 12:54:48,071|release|'п'
2019-12-12 12:54:48,083|press|'р'
2019-12-12 12:54:48,139|release|'р'
2019-12-12 12:54:48,174|press|'и'
2019-12-12 12:54:48,250|release|'и'
2019-12-12 12:54:48,258|press|Key.space
2019-12-12 12:54:48,326|release|Key.space
2019-12-12 12:54:48,479|press|'п'
2019-12-12 12:54:48,551|press|'о'
2019-12-12 12:54:48,555|release|'п'
2019-12-12 12:54:48,595|release|'о'
2019-12-12 12:54:48,936|press|'д'
2019-12-12 12:54:48,989|release|'д'
2019-12-12 12:54:49,051|press|'д'
2019-12-12 12:54:49,127|release|'д'
2019-12-12 12:54:49,173|press|'е'
2019-12-12 12:54:49,249|release|'е'
2019-12-12 12:54:49,315|press|'р'
2019-12-12 12:54:49,371|release|'р'
2019-12-12 12:54:49,751|press|'ж'
2019-12-12 12:54:49,815|release|'ж'
2019-12-12 12:54:49,898|press|'к'
2019-12-12 12:54:49,974|press|'е'
2019-12-12 12:54:50,015|release|'к'
2019-12-12 12:54:50,054|release|'е'
2019-12-12 12:54:50,308|press|Key.space
2019-12-12 12:54:50,377|release|Key.space
2019-12-12 12:54:53,970|press|Key.shift
2019-12-12 12:54:54,122|press|'О'
2019-12-12 12:54:54,178|release|'О'
2019-12-12 12:54:54,246|press|'О'
2019-12-12 12:54:54,310|release|'О'
2019-12-12 12:54:54,427|release|Key.shift
2019-12-12 12:54:54,427|press|'н'
2019-12-12 12:54:54,482|release|'н'
2019-12-12 12:54:58,796|press|Key.enter
2019-12-12 12:54:58,889|release|Key.enter
2019-12-12 12:54:59,050|press|Key.tab
2019-12-12 12:54:59,074|release|Key.tab
2019-12-12 12:54:59,207|press|Key.tab
2019-12-12 12:54:59,251|release|Key.tab
2019-12-12 12:55:04,251|press|'4'
2019-12-12 12:55:04,332|release|'4'
2019-12-12 12:55:04,361|press|Key.space
2019-12-12 12:55:04,446|release|Key.space
2019-12-12 12:55:04,678|press|'д'
2019-12-12 12:55:04,767|release|'д'
2019-12-12 12:55:04,932|press|'н'
2019-12-12 12:55:05,005|release|'н'
2019-12-12 12:55:05,016|press|'я'
2019-12-12 12:55:05,085|release|'я'
2019-12-12 12:55:06,217|press|Key.enter
2019-12-12 12:55:06,261|release|Key.enter
2019-12-12 12:55:06,596|press|Key.shift
2019-12-12 12:55:06,792|press|'С'
2019-12-12 12:55:06,848|release|Key.shift
2019-12-12 12:55:06,868|release|'с'
2019-12-12 12:55:06,962|press|'а'
2019-12-12 12:55:07,022|release|'а'
2019-12-12 12:55:07,141|press|'м'
2019-12-12 12:55:07,249|press|'а'
2019-12-12 12:55:07,297|release|'м'
2019-12-12 12:55:07,353|release|'а'
2019-12-12 12:55:07,487|press|'я'
2019-12-12 12:55:07,570|release|'я'
2019-12-12 12:55:07,578|press|Key.space
2019-12-12 12:55:07,651|release|Key.space
2019-12-12 12:55:08,242|press|'к'
2019-12-12 12:55:08,323|release|'к'
2019-12-12 12:55:08,348|press|'р'
2019-12-12 12:55:08,429|release|'р'
2019-12-12 12:55:08,455|press|'у'
2019-12-12 12:55:08,555|release|'у'
2019-12-12 12:55:08,608|press|'п'
2019-12-12 12:55:08,676|release|'п'
2019-12-12 12:55:08,782|press|'н'
2019-12-12 12:55:08,889|release|'н'
2019-12-12 12:55:08,901|press|'а'
2019-12-12 12:55:08,986|release|'а'
2019-12-12 12:55:09,069|press|'я'
2019-12-12 12:55:09,181|release|'я'
2019-12-12 12:55:09,192|press|Key.space
2019-12-12 12:55:09,261|release|Key.space
2019-12-12 12:55:10,702|press|'п'
2019-12-12 12:55:10,785|release|'п'
2019-12-12 12:55:11,053|press|'л'
2019-12-12 12:55:11,126|press|'о'
2019-12-12 12:55:11,164|release|'л'
2019-12-12 12:55:11,245|release|'о'
2019-12-12 12:55:11,532|press|'щ'
2019-12-12 12:55:11,596|release|'щ'
2019-12-12 12:55:11,649|press|'а'
2019-12-12 12:55:11,680|press|'д'
2019-12-12 12:55:11,716|release|'а'
2019-12-12 12:55:11,753|release|'д'
2019-12-12 12:55:11,840|press|'к'
2019-12-12 12:55:11,925|press|'а'
2019-12-12 12:55:11,988|release|'к'
2019-12-12 12:55:12,033|release|'а'
2019-12-12 12:55:12,687|press|Key.space
2019-12-12 12:55:12,768|release|Key.space
2019-12-12 12:55:13,179|press|'з'
2019-12-12 12:55:13,261|release|'з'
2019-12-12 12:55:13,261|press|'а'
2019-12-12 12:55:13,340|release|'а'
2019-12-12 12:55:13,402|press|Key.space
2019-12-12 12:55:13,535|release|Key.space
2019-12-12 12:55:13,757|press|'в'
2019-12-12 12:55:13,845|release|'в'
2019-12-12 12:55:14,132|press|'с'
2019-12-12 12:55:14,211|release|'с'
2019-12-12 12:55:14,303|press|'ю'
2019-12-12 12:55:14,348|release|'ю'
2019-12-12 12:55:14,368|press|Key.space
2019-12-12 12:55:14,453|release|Key.space
2019-12-12 12:55:14,706|press|'и'
2019-12-12 12:55:14,763|release|'и'
2019-12-12 12:55:14,845|press|'с'
2019-12-12 12:55:14,926|release|'с'
2019-12-12 12:55:14,955|press|'т'
2019-12-12 12:55:15,024|press|'о'
2019-12-12 12:55:15,064|release|'т'
2019-12-12 12:55:15,128|release|'о'
2019-12-12 12:55:15,181|press|'р'
2019-12-12 12:55:15,273|release|'р'
2019-12-12 12:55:15,364|press|'и'
2019-12-12 12:55:15,453|release|'и'
2019-12-12 12:55:15,784|press|'ю'
2019-12-12 12:55:15,833|release|'ю'
2019-12-12 12:55:15,924|press|Key.space
2019-12-12 12:55:16,033|release|Key.space
2019-12-12 12:55:19,007|press|'п'
2019-12-12 12:55:19,071|press|'р'
2019-12-12 12:55:19,075|release|'п'
2019-12-12 12:55:19,135|press|'о'
2019-12-12 12:55:19,187|release|'р'
2019-12-12 12:55:19,240|release|'о'
2019-12-12 12:55:19,413|press|'в'
2019-12-12 12:55:19,530|release|'в'
2019-12-12 12:55:19,619|press|'е'
2019-12-12 12:55:19,704|release|'е'
2019-12-12 12:55:19,784|press|'д'
2019-12-12 12:55:19,868|release|'д'
2019-12-12 12:55:19,876|press|'е'
2019-12-12 12:55:19,953|release|'е'
2019-12-12 12:55:20,078|press|'н'
2019-12-12 12:55:20,143|release|'н'
2019-12-12 12:55:20,194|press|'и'
2019-12-12 12:55:20,311|release|'и'
2019-12-12 12:55:20,345|press|'я'
2019-12-12 12:55:20,421|press|Key.space
2019-12-12 12:55:20,425|release|'я'
2019-12-12 12:55:20,509|release|Key.space
2019-12-12 12:55:20,750|press|'к'
2019-12-12 12:55:20,818|press|'о'
2019-12-12 12:55:20,822|release|'к'
2019-12-12 12:55:20,879|release|'о'
2019-12-12 12:55:20,997|press|'н'
2019-12-12 12:55:21,058|release|'н'
2019-12-12 12:55:21,307|press|'к'
2019-12-12 12:55:21,391|press|'у'
2019-12-12 12:55:21,410|release|'к'
2019-12-12 12:55:21,467|release|'у'
2019-12-12 12:55:21,486|press|'р'
2019-12-12 12:55:21,562|release|'р'
2019-12-12 12:55:21,810|press|'с'
2019-12-12 12:55:21,903|release|'с'
2019-12-12 12:55:21,991|press|'а'
2019-12-12 12:55:22,068|release|'а'
2019-12-12 12:55:24,242|press|Key.enter
2019-12-12 12:55:24,306|release|Key.enter
2019-12-12 12:55:24,776|press|'5'
2019-12-12 12:55:24,849|release|'5'
2019-12-12 12:55:24,933|press|'0'
2019-12-12 12:55:24,990|release|'0'
2019-12-12 12:55:25,050|press|'0'
2019-12-12 12:55:25,133|release|'0'
2019-12-12 12:55:25,224|press|Key.space
2019-12-12 12:55:25,300|release|Key.space
2019-12-12 12:55:25,466|press|'у'
2019-12-12 12:55:25,522|release|'у'
2019-12-12 12:55:25,689|press|'ч'
2019-12-12 12:55:25,817|release|'ч'
2019-12-12 12:55:25,880|press|'а'
2019-12-12 12:55:25,948|release|'а'
2019-12-12 12:55:26,062|press|'с'
2019-12-12 12:55:26,130|release|'с'
2019-12-12 12:55:26,201|press|'т'
2019-12-12 12:55:26,258|release|'т'
2019-12-12 12:55:26,386|press|'н'
2019-12-12 12:55:26,442|release|'н'
2019-12-12 12:55:26,450|press|'и'
2019-12-12 12:55:26,562|release|'и'
2019-12-12 12:55:26,609|press|'к'
2019-12-12 12:55:26,717|release|'к'
2019-12-12 12:55:26,755|press|'о'
2019-12-12 12:55:26,827|release|'о'
2019-12-12 12:55:26,933|press|'в'
2019-12-12 12:55:27,014|release|'в'
2019-12-12 12:55:27,484|press|Key.enter
2019-12-12 12:55:27,540|release|Key.enter
2019-12-12 12:55:28,305|press|Key.shift
2019-12-12 12:55:28,721|press|Key.tab
2019-12-12 12:55:28,825|release|Key.tab
2019-12-12 12:55:28,849|release|Key.shift
2019-12-12 12:55:30,097|press|Key.shift
2019-12-12 12:55:30,382|press|'Ш'
2019-12-12 12:55:30,429|release|Key.shift
2019-12-12 12:55:30,449|release|'ш'
2019-12-12 12:55:30,571|press|'о'
2019-12-12 12:55:30,659|release|'о'
2019-12-12 12:55:31,187|press|'у'
2019-12-12 12:55:31,267|release|'у'
2019-12-12 12:55:31,270|press|Key.space
2019-12-12 12:55:31,343|release|Key.space
2019-12-12 12:55:31,990|press|'ф'
2019-12-12 12:55:32,066|release|'ф'
2019-12-12 12:55:32,106|press|'е'
2019-12-12 12:55:32,162|release|'е'
2019-12-12 12:55:32,409|press|'й'
2019-12-12 12:55:32,501|release|'й'
2019-12-12 12:55:32,926|press|'е'
2019-12-12 12:55:32,984|release|'е'
2019-12-12 12:55:33,061|press|'р'
2019-12-12 12:55:33,121|release|'р'
2019-12-12 12:55:33,367|press|'в'
2019-12-12 12:55:33,499|release|'в'
2019-12-12 12:55:33,531|press|'е'
2019-12-12 12:55:33,615|release|'е'
2019-12-12 12:55:33,683|press|'р'
2019-12-12 12:55:33,743|release|'р'
2019-12-12 12:55:33,817|press|'к'
2019-12-12 12:55:33,893|release|'к'
2019-12-12 12:55:33,908|press|'о'
2019-12-12 12:55:33,964|release|'о'
2019-12-12 12:55:34,222|press|'в'
2019-12-12 12:55:34,282|release|'в'
2019-12-12 12:55:37,085|press|Key.space
2019-12-12 12:55:37,185|release|Key.space
2019-12-12 12:55:37,379|press|'п'
2019-12-12 12:55:37,490|release|'п'
2019-12-12 12:55:37,503|press|'р'
2019-12-12 12:55:37,551|release|'р'
2019-12-12 12:55:37,592|press|'и'
2019-12-12 12:55:37,660|release|'и'
2019-12-12 12:55:37,668|press|Key.space
2019-12-12 12:55:37,736|release|Key.space
2019-12-12 12:55:38,082|press|'у'
2019-12-12 12:55:38,162|release|'у'
2019-12-12 12:55:38,335|press|'ч'
2019-12-12 12:55:38,419|press|'а'
2019-12-12 12:55:38,471|release|'ч'
2019-12-12 12:55:38,527|release|'а'
2019-12-12 12:55:38,655|press|'с'
2019-12-12 12:55:38,743|release|'с'
2019-12-12 12:55:38,807|press|'т'
2019-12-12 12:55:38,863|press|'и'
2019-12-12 12:55:38,911|release|'т'
2019-12-12 12:55:38,939|release|'и'
2019-12-12 12:55:39,022|press|'и'
2019-12-12 12:55:39,106|release|'и'
2019-12-12 12:55:40,567|press|Key.space
2019-12-12 12:55:40,667|release|Key.space
2019-12-12 12:55:40,763|press|'в'
2019-12-12 12:55:40,839|release|'в'
2019-12-12 12:55:40,960|press|'с'
2019-12-12 12:55:41,028|release|'с'
2019-12-12 12:55:41,074|press|'е'
2019-12-12 12:55:41,130|release|'е'
2019-12-12 12:55:41,373|press|'м'
2019-12-12 12:55:41,441|release|'м'
2019-12-12 12:55:41,444|press|'и'
2019-12-12 12:55:41,525|release|'и'
2019-12-12 12:55:41,591|press|'р'
2019-12-12 12:55:41,663|release|'р'
2019-12-12 12:55:41,845|press|'н'
2019-12-12 12:55:41,917|release|'н'
2019-12-12 12:55:42,022|press|'о'
2019-12-12 12:55:42,078|release|'о'
2019-12-12 12:55:43,399|press|Key.space
2019-12-12 12:55:43,473|release|Key.space
2019-12-12 12:55:43,753|press|'и'
2019-12-12 12:55:43,845|release|'и'
2019-12-12 12:55:43,937|press|'з'
2019-12-12 12:55:43,989|release|'з'
2019-12-12 12:55:44,141|press|'в'
2019-12-12 12:55:44,261|release|'в'
2019-12-12 12:55:44,335|press|'е'
2019-12-12 12:55:44,407|release|'е'
2019-12-12 12:55:44,576|press|'с'
2019-12-12 12:55:44,660|release|'с'
2019-12-12 12:55:44,676|press|'т'
2019-12-12 12:55:44,752|release|'т'
2019-12-12 12:55:44,886|press|'н'
2019-12-12 12:55:44,937|release|'н'
2019-12-12 12:55:44,965|press|'ы'
2019-12-12 12:55:45,045|release|'ы'
2019-12-12 12:55:45,218|press|'х'
2019-12-12 12:55:45,262|release|'х'
2019-12-12 12:55:45,325|press|Key.space
2019-12-12 12:55:45,389|release|Key.space
2019-12-12 12:55:46,295|press|'п'
2019-12-12 12:55:46,363|release|'п'
2019-12-12 12:55:46,454|press|'и'
2019-12-12 12:55:46,526|release|'и'
2019-12-12 12:55:46,641|press|'р'
2019-12-12 12:55:46,729|press|'о'
2019-12-12 12:55:46,742|release|'р'
2019-12-12 12:55:46,781|release|'о'
2019-12-12 12:55:46,946|press|'т'
2019-12-12 12:55:47,006|release|'т'
2019-12-12 12:55:47,056|press|'е'
2019-12-12 12:55:47,093|release|'е'
2019-12-12 12:55:47,311|press|'х'
2019-12-12 12:55:47,391|release|'х'
2019-12-12 12:55:47,607|press|'н'
2019-12-12 12:55:47,671|release|'н'
2019-12-12 12:55:47,683|press|'и'
2019-12-12 12:55:47,775|release|'и'
2019-12-12 12:55:47,843|press|'к'
2019-12-12 12:55:47,911|press|'о'
2019-12-12 12:55:47,928|release|'к'
2019-12-12 12:55:48,031|release|'о'
2019-12-12 12:55:48,128|press|'в'
2019-12-12 12:55:48,184|release|'в'
2019-12-12 12:55:50,392|press|Key.enter
2019-12-12 12:55:50,486|release|Key.enter
2019-12-12 12:55:51,375|press|Key.tab
2019-12-12 12:55:51,461|release|Key.tab
2019-12-12 12:55:52,445|press|'7'
2019-12-12 12:55:52,474|release|'7'
2019-12-12 12:55:52,517|press|Key.space
2019-12-12 12:55:52,585|release|Key.space
2019-12-12 12:55:52,883|press|'д'
2019-12-12 12:55:52,962|release|'д'
2019-12-12 12:55:53,114|press|'н'
2019-12-12 12:55:53,150|press|'е'
2019-12-12 12:55:53,169|release|'н'
2019-12-12 12:55:53,246|release|'е'
2019-12-12 12:55:53,308|press|'й'
2019-12-12 12:55:53,408|release|'й'
2019-12-12 12:55:54,023|press|Key.enter
2019-12-12 12:55:54,091|release|Key.enter
2019-12-12 12:55:55,635|press|'7'
2019-12-12 12:55:55,707|release|'7'
2019-12-12 12:55:57,230|press|Key.space
2019-12-12 12:55:57,326|release|Key.space
2019-12-12 12:55:57,694|press|'п'
2019-12-12 12:55:57,766|release|'п'
2019-12-12 12:55:57,850|press|'л'
2019-12-12 12:55:57,935|press|'о'
2019-12-12 12:55:57,970|release|'л'
2019-12-12 12:55:58,031|release|'о'
2019-12-12 12:55:58,369|press|'щ'
2019-12-12 12:55:58,445|release|'щ'
2019-12-12 12:55:58,492|press|'а'
2019-12-12 12:55:58,560|release|'а'
2019-12-12 12:55:58,586|press|'д'
2019-12-12 12:55:58,730|press|'о'
2019-12-12 12:55:58,757|release|'д'
2019-12-12 12:55:58,866|release|'о'
2019-12-12 12:55:58,994|press|'к'
2019-12-12 12:55:59,066|release|'к'
2019-12-12 12:55:59,543|press|Key.enter
2019-12-12 12:55:59,624|release|Key.enter
2019-12-12 12:56:00,937|press|'7'
2019-12-12 12:56:01,006|release|'7'
2019-12-12 12:56:01,149|press|Key.space
2019-12-12 12:56:01,242|release|Key.space
2019-12-12 12:56:01,652|press|'с'
2019-12-12 12:56:01,729|release|'с'
2019-12-12 12:56:01,754|press|'т'
2019-12-12 12:56:01,826|release|'т'
2019-12-12 12:56:01,902|press|'р'
2019-12-12 12:56:01,975|release|'р'
2019-12-12 12:56:01,987|press|'а'
2019-12-12 12:56:02,055|release|'а'
2019-12-12 12:56:02,289|press|'н'
2019-12-12 12:56:02,374|release|'н'
2019-12-12 12:56:06,218|press|Key.shift
2019-12-12 12:56:06,377|press|'.'
2019-12-12 12:56:06,445|release|'.'
2019-12-12 12:56:06,482|release|Key.shift
2019-12-12 12:56:06,523|press|Key.space
2019-12-12 12:56:06,640|release|Key.space
2019-12-12 12:56:07,127|press|'б'
2019-12-12 12:56:07,184|release|'б'
2019-12-12 12:56:07,227|press|'ы'
2019-12-12 12:56:07,284|release|'ы'
2019-12-12 12:56:07,331|press|'л'
2019-12-12 12:56:07,399|press|'о'
2019-12-12 12:56:07,451|release|'л'
2019-12-12 12:56:07,503|release|'о'
2019-12-12 12:56:07,511|press|Key.space
2019-12-12 12:56:07,576|release|Key.space
2019-12-12 12:56:08,084|press|'з'
2019-12-12 12:56:08,152|release|'з'
2019-12-12 12:56:10,162|press|Key.backspace
2019-12-12 12:56:10,192|release|Key.backspace
2019-12-12 12:56:10,312|press|Key.backspace
2019-12-12 12:56:10,360|release|Key.backspace
2019-12-12 12:56:10,465|press|Key.backspace
2019-12-12 12:56:10,522|release|Key.backspace
2019-12-12 12:56:10,618|press|Key.backspace
2019-12-12 12:56:10,684|release|Key.backspace
2019-12-12 12:56:10,773|press|Key.backspace
2019-12-12 12:56:10,846|release|Key.backspace
2019-12-12 12:56:10,925|press|Key.backspace
2019-12-12 12:56:11,018|release|Key.backspace
2019-12-12 12:56:11,108|press|Key.backspace
2019-12-12 12:56:11,157|release|Key.backspace
2019-12-12 12:56:11,956|press|Key.backspace
2019-12-12 12:56:12,041|release|Key.backspace
2019-12-12 12:56:12,533|press|Key.shift
2019-12-12 12:56:12,829|press|','
2019-12-12 12:56:12,896|release|','
2019-12-12 12:56:12,969|release|Key.shift
2019-12-12 12:56:13,036|press|Key.space
2019-12-12 12:56:13,101|release|Key.space
2019-12-12 12:56:14,357|press|'б'
2019-12-12 12:56:14,442|release|'б'
2019-12-12 12:56:14,448|press|'ы'
2019-12-12 12:56:14,517|release|'ы'
2019-12-12 12:56:14,545|press|'л'
2019-12-12 12:56:14,633|press|'о'
2019-12-12 12:56:14,673|release|'л'
2019-12-12 12:56:14,726|release|'о'
2019-12-12 12:56:14,774|press|Key.space
2019-12-12 12:56:14,851|release|Key.space
2019-12-12 12:56:15,015|press|'о'
2019-12-12 12:56:15,108|release|'о'
2019-12-12 12:56:15,341|press|'ф'
2019-12-12 12:56:15,413|press|'и'
2019-12-12 12:56:15,421|release|'ф'
2019-12-12 12:56:15,502|release|'и'
2019-12-12 12:56:15,632|press|'г'
2019-12-12 12:56:15,740|release|'г'
2019-12-12 12:56:15,752|press|'е'
2019-12-12 12:56:15,833|release|'е'
2019-12-12 12:56:15,871|press|'н'
2019-12-12 12:56:15,936|release|'н'
2019-12-12 12:56:15,993|press|'н'
2019-12-12 12:56:16,078|release|'н'
2019-12-12 12:56:16,178|press|'о'
2019-12-12 12:56:16,263|release|'о'
2019-12-12 12:56:53,328|press|Key.enter
2019-12-12 12:56:53,404|release|Key.enter
2019-12-12 12:56:54,119|press|Key.backspace
2019-12-12 12:56:54,205|release|Key.backspace
2019-12-12 12:56:55,438|press|Key.enter
2019-12-12 12:56:55,522|release|Key.enter
2019-12-12 12:56:56,184|press|Key.shift
2019-12-12 12:56:56,396|press|Key.tab
2019-12-12 12:56:56,500|release|Key.tab
2019-12-12 12:56:56,993|release|Key.shift
2019-12-12 12:56:57,422|press|Key.backspace
2019-12-12 12:56:57,490|release|Key.backspace
2019-12-12 12:56:58,402|press|Key.enter
2019-12-12 12:56:58,493|release|Key.enter
2019-12-12 12:56:58,760|press|Key.shift
2019-12-12 12:56:58,896|press|Key.tab
2019-12-12 12:56:59,024|release|Key.tab
2019-12-12 12:56:59,192|press|Key.tab
2019-12-12 12:56:59,316|release|Key.tab
2019-12-12 12:56:59,536|release|Key.shift
2019-12-12 12:57:00,937|press|Key.shift
2019-12-12 12:57:02,045|release|Key.shift
2019-12-12 12:57:06,055|press|Key.shift
2019-12-12 12:57:07,282|press|'С'
2019-12-12 12:57:07,331|release|Key.shift
2019-12-12 12:57:07,338|release|'с'
2019-12-12 12:57:07,399|press|Key.space
2019-12-12 12:57:07,455|release|Key.space
2019-12-12 12:57:07,595|press|'н'
2019-12-12 12:57:07,633|press|'е'
2019-12-12 12:57:07,660|release|'н'
2019-12-12 12:57:07,720|release|'е'
2019-12-12 12:57:07,907|press|'т'
2019-12-12 12:57:07,967|release|'т'
2019-12-12 12:57:07,975|press|'е'
2019-12-12 12:57:08,063|release|'е'
2019-12-12 12:57:08,126|press|'р'
2019-12-12 12:57:08,186|release|'р'
2019-12-12 12:57:08,466|press|'п'
2019-12-12 12:57:08,567|press|'е'
2019-12-12 12:57:08,623|release|'п'
2019-12-12 12:57:08,683|release|'е'
2019-12-12 12:57:08,703|press|'н'
2019-12-12 12:57:08,779|release|'н'
2019-12-12 12:57:08,802|press|'и'
2019-12-12 12:57:08,947|press|'е'
2019-12-12 12:57:08,960|release|'и'
2019-12-12 12:57:09,063|release|'е'
2019-12-12 12:57:09,221|press|'м'
2019-12-12 12:57:09,309|release|'м'
2019-12-12 12:57:09,329|press|Key.space
2019-12-12 12:57:09,393|release|Key.space
2019-12-12 12:57:09,971|press|'ж'
2019-12-12 12:57:10,040|release|'ж'
2019-12-12 12:57:10,154|press|'д'
2019-12-12 12:57:10,210|release|'д'
2019-12-12 12:57:10,244|press|'е'
2019-12-12 12:57:10,313|release|'е'
2019-12-12 12:57:10,492|press|'м'
2019-12-12 12:57:10,572|release|'м'
2019-12-12 12:57:10,587|press|Key.space
2019-12-12 12:57:10,647|release|Key.space
2019-12-12 12:57:10,930|press|'в'
2019-12-12 12:57:10,993|press|'а'
2019-12-12 12:57:11,045|release|'в'
2019-12-12 12:57:11,082|release|'а'
2019-12-12 12:57:11,714|press|'ш'
2019-12-12 12:57:11,778|release|'ш'
2019-12-12 12:57:11,837|press|'е'
2019-12-12 12:57:11,893|release|'е'
2019-12-12 12:57:11,911|press|'г'
2019-12-12 12:57:11,987|release|'г'
2019-12-12 12:57:12,064|press|'о'
2019-12-12 12:57:12,137|release|'о'
2019-12-12 12:57:12,280|press|Key.space
2019-12-12 12:57:12,341|release|Key.space
2019-12-12 12:57:12,414|press|'п'
2019-12-12 12:57:12,490|release|'п'
2019-12-12 12:57:12,503|press|'р'
2019-12-12 12:57:12,568|release|'р'
2019-12-12 12:57:12,636|press|'е'
2019-12-12 12:57:12,716|release|'е'
2019-12-12 12:57:13,023|press|'д'
2019-12-12 12:57:13,071|release|'д'
2019-12-12 12:57:13,176|press|'л'
2019-12-12 12:57:13,264|press|'о'
2019-12-12 12:57:13,309|release|'л'
2019-12-12 12:57:13,349|release|'о'
2019-12-12 12:57:13,633|press|'ж'
2019-12-12 12:57:13,667|release|'ж'
2019-12-12 12:57:13,723|press|'е'
2019-12-12 12:57:13,808|release|'е'
2019-12-12 12:57:13,951|press|'н'
2019-12-12 12:57:14,015|press|'и'
2019-12-12 12:57:14,018|release|'н'
2019-12-12 12:57:14,095|release|'и'
2019-12-12 12:57:14,247|press|'я'
2019-12-12 12:57:14,352|release|'я'
2019-12-12 12:57:15,836|press|Key.up
2019-12-12 12:57:15,926|release|Key.up
2019-12-12 12:57:16,664|press|Key.down
2019-12-12 12:57:16,785|release|Key.down
2019-12-12 12:57:19,380|press|Key.up
2019-12-12 12:57:19,457|release|Key.up
2019-12-12 12:57:29,466|press|Key.shift
2019-12-12 12:57:29,617|press|'.'
2019-12-12 12:57:29,665|release|'.'
2019-12-12 12:57:29,774|release|Key.shift
2019-12-12 12:57:36,978|press|Key.space
2019-12-12 12:57:36,981|press|Key.cmd
2019-12-12 12:57:37,094|release|Key.cmd
2019-12-12 12:57:37,130|release|Key.space
2019-12-12 12:57:37,790|press|Key.shift
2019-12-12 12:57:38,358|press|'Ы'
2019-12-12 12:57:38,425|release|'Ы'
2019-12-12 12:57:38,775|release|Key.shift
2019-12-12 12:57:39,276|press|Key.backspace
2019-12-12 12:57:39,344|release|Key.backspace
2019-12-12 12:57:39,769|press|Key.cmd
2019-12-12 12:57:39,773|press|Key.space
2019-12-12 12:57:39,877|release|Key.cmd
2019-12-12 12:57:39,943|release|Key.space
2019-12-12 12:57:40,047|press|Key.shift
2019-12-12 12:57:40,391|press|'S'
2019-12-12 12:57:40,511|release|'S'
2019-12-12 12:57:40,844|release|Key.shift
2019-12-12 12:57:42,394|press|Key.enter
2019-12-12 12:57:42,465|release|Key.enter
2019-12-12 12:58:08,763|press|'2'
2019-12-12 12:58:08,851|release|'2'
2019-12-12 12:58:09,536|press|Key.enter
2019-12-12 12:58:09,606|release|Key.enter
2019-12-12 12:59:32,040|press|'1'
2019-12-12 12:59:32,116|release|'1'
2019-12-12 12:59:32,628|press|Key.enter
