2019-11-25 13:28:36,021|release|Key.enter
2019-11-25 13:28:37,787|press|Key.cmd
2019-11-25 13:28:37,919|press|Key.tab
2019-11-25 13:28:38,055|release|Key.tab
2019-11-25 13:28:38,255|press|Key.tab
2019-11-25 13:28:38,379|release|Key.tab
2019-11-25 13:28:38,643|release|Key.cmd
2019-11-25 13:28:58,617|press|Key.cmd
2019-11-25 13:28:58,717|press|Key.tab
2019-11-25 13:28:58,830|release|Key.cmd
2019-11-25 13:28:58,855|release|Key.tab
2019-11-25 13:29:10,388|press|Key.cmd
2019-11-25 13:29:10,548|press|Key.tab
2019-11-25 13:29:10,681|release|Key.cmd
2019-11-25 13:29:10,696|release|Key.tab
2019-11-25 13:29:53,820|press|'/'
2019-11-25 13:29:54,150|press|'j'
2019-11-25 13:29:54,241|release|'/'
2019-11-25 13:29:54,258|release|'j'
2019-11-25 13:29:54,576|press|'h'
2019-11-25 13:29:54,657|release|'h'
2019-11-25 13:29:55,039|press|Key.backspace
2019-11-25 13:29:55,132|release|Key.backspace
2019-11-25 13:29:55,226|press|Key.backspace
2019-11-25 13:29:55,286|release|Key.backspace
2019-11-25 13:29:55,375|press|Key.backspace
2019-11-25 13:29:55,468|release|Key.backspace
2019-11-25 13:29:55,762|press|Key.cmd
2019-11-25 13:29:55,974|press|Key.space
2019-11-25 13:29:56,026|release|Key.cmd
2019-11-25 13:29:56,053|press|Key.cmd
2019-11-25 13:29:56,089|release|Key.space
2019-11-25 13:29:56,130|release|Key.cmd
2019-11-25 13:29:56,528|press|Key.shift_r
2019-11-25 13:29:56,779|press|'О'
2019-11-25 13:29:56,832|release|Key.shift_r
2019-11-25 13:29:56,864|release|'о'
2019-11-25 13:29:56,963|press|'р'
2019-11-25 13:29:57,043|release|'р'
2019-11-25 13:29:57,177|press|'г'
2019-11-25 13:29:57,253|release|'г'
2019-11-25 13:29:57,308|press|'а'
2019-11-25 13:29:57,408|release|'а'
2019-11-25 13:29:58,337|press|'н'
2019-11-25 13:29:58,458|press|'и'
2019-11-25 13:29:58,498|release|'н'
2019-11-25 13:29:58,550|release|'и'
2019-11-25 13:29:59,873|press|'з'
2019-11-25 13:29:59,993|release|'з'
2019-11-25 13:30:00,097|press|'о'
2019-11-25 13:30:00,202|release|'о'
2019-11-25 13:30:00,283|press|'в'
2019-11-25 13:30:00,379|release|'в'
2019-11-25 13:30:00,466|press|'а'
2019-11-25 13:30:00,531|release|'а'
2019-11-25 13:30:00,598|press|'н'
2019-11-25 13:30:00,662|release|'н'
2019-11-25 13:30:00,728|press|'н'
2019-11-25 13:30:00,805|release|'н'
2019-11-25 13:30:00,822|press|'ы'
2019-11-25 13:30:00,931|release|'ы'
2019-11-25 13:30:00,971|press|'е'
2019-11-25 13:30:01,060|release|'е'
2019-11-25 13:30:04,478|press|Key.space
2019-11-25 13:30:04,578|release|Key.space
2019-11-25 13:30:04,641|press|'м'
2019-11-25 13:30:04,705|release|'м'
2019-11-25 13:30:04,791|press|'е'
2019-11-25 13:30:04,880|press|'р'
2019-11-25 13:30:04,906|release|'е'
2019-11-25 13:30:04,987|press|'о'
2019-11-25 13:30:05,027|release|'р'
2019-11-25 13:30:05,093|release|'о'
2019-11-25 13:30:05,185|press|'п'
2019-11-25 13:30:05,295|release|'п'
2019-11-25 13:30:05,355|press|'р'
2019-11-25 13:30:05,432|release|'р'
2019-11-25 13:30:05,505|press|'и'
2019-11-25 13:30:05,594|release|'и'
2019-11-25 13:30:05,671|press|'я'
2019-11-25 13:30:05,768|release|'я'
2019-11-25 13:30:05,781|press|'т'
2019-11-25 13:30:05,870|release|'т'
2019-11-25 13:30:05,983|press|'н'
2019-11-25 13:30:06,076|press|'и'
2019-11-25 13:30:06,103|release|'н'
2019-11-25 13:30:06,148|release|'и'
2019-11-25 13:30:06,166|press|'я'
2019-11-25 13:30:06,259|release|'я'
2019-11-25 13:30:07,036|press|Key.shift_r
2019-11-25 13:30:08,091|press|':'
2019-11-25 13:30:08,162|release|':'
2019-11-25 13:30:08,264|release|Key.shift_r
2019-11-25 13:30:10,790|press|Key.left
2019-11-25 13:30:10,911|release|Key.left
2019-11-25 13:30:10,983|press|Key.left
2019-11-25 13:30:11,064|release|Key.left
2019-11-25 13:30:11,167|press|Key.left
2019-11-25 13:30:11,252|release|Key.left
2019-11-25 13:30:11,534|press|Key.left
2019-11-25 13:30:11,642|release|Key.left
2019-11-25 13:30:12,100|press|'и'
2019-11-25 13:30:12,164|release|'и'
2019-11-25 13:30:13,530|press|Key.right
2019-11-25 13:30:13,634|release|Key.right
2019-11-25 13:30:13,730|press|Key.right
2019-11-25 13:30:13,830|release|Key.right
2019-11-25 13:30:14,166|press|'='
2019-11-25 13:30:14,242|release|'='
2019-11-25 13:30:14,608|press|Key.backspace
2019-11-25 13:30:14,700|release|Key.backspace
2019-11-25 13:30:14,782|press|Key.backspace
2019-11-25 13:30:14,862|release|Key.backspace
2019-11-25 13:30:15,526|press|Key.backspace
2019-11-25 13:30:15,594|release|Key.backspace
2019-11-25 13:30:16,403|press|Key.right
2019-11-25 13:30:16,543|release|Key.right
2019-11-25 13:30:16,655|press|Key.right
2019-11-25 13:30:16,755|release|Key.right
2019-11-25 13:30:17,884|press|Key.enter
2019-11-25 13:30:17,976|release|Key.enter
2019-11-25 13:30:19,370|press|'1'
2019-11-25 13:30:19,486|release|'1'
2019-11-25 13:30:19,521|press|Key.shift_r
2019-11-25 13:30:19,680|press|')'
2019-11-25 13:30:19,776|release|')'
2019-11-25 13:30:19,789|release|Key.shift_r
2019-11-25 13:30:20,456|press|Key.space
2019-11-25 13:30:20,572|release|Key.space
2019-11-25 13:30:21,448|press|Key.shift_r
2019-11-25 13:30:21,655|press|'В'
2019-11-25 13:30:21,747|release|Key.shift_r
2019-11-25 13:30:21,755|release|'в'
2019-11-25 13:30:21,879|press|'с'
2019-11-25 13:30:21,935|release|'с'
2019-11-25 13:30:22,071|press|'е'
2019-11-25 13:30:22,163|release|'е'
2019-11-25 13:30:22,192|press|'р'
2019-11-25 13:30:22,311|press|'о'
2019-11-25 13:30:22,370|release|'р'
2019-11-25 13:30:22,425|release|'о'
2019-11-25 13:30:22,683|press|'с'
2019-11-25 13:30:22,763|release|'с'
2019-11-25 13:30:22,836|press|'с'
2019-11-25 13:30:22,920|release|'с'
2019-11-25 13:30:22,973|press|'и'
2019-11-25 13:30:23,081|release|'и'
2019-11-25 13:30:23,118|press|'й'
2019-11-25 13:30:23,242|release|'й'
2019-11-25 13:30:23,392|press|'с'
2019-11-25 13:30:23,492|release|'с'
2019-11-25 13:30:23,600|press|'к'
2019-11-25 13:30:23,679|press|'и'
2019-11-25 13:30:23,694|release|'к'
2019-11-25 13:30:23,760|release|'и'
2019-11-25 13:30:23,872|press|'й'
2019-11-25 13:30:23,961|release|'й'
2019-11-25 13:30:24,098|press|Key.space
2019-11-25 13:30:24,186|release|Key.space
2019-11-25 13:30:24,910|press|'ф'
2019-11-25 13:30:25,039|release|'ф'
2019-11-25 13:30:25,066|press|'о'
2019-11-25 13:30:25,138|press|'р'
2019-11-25 13:30:25,171|release|'о'
2019-11-25 13:30:25,234|release|'р'
2019-11-25 13:30:25,286|press|'м'
2019-11-25 13:30:25,402|release|'м'
2019-11-25 13:30:25,414|press|'у'
2019-11-25 13:30:25,518|release|'у'
2019-11-25 13:30:25,609|press|Key.space
2019-11-25 13:30:25,704|release|Key.space
2019-11-25 13:30:26,482|press|Key.shift_r
2019-11-25 13:30:27,014|release|Key.shift_r
2019-11-25 13:30:27,784|press|Key.cmd
2019-11-25 13:30:27,952|press|Key.space
2019-11-25 13:30:28,025|release|Key.cmd
2019-11-25 13:30:28,094|release|Key.space
2019-11-25 13:30:28,227|press|Key.shift_r
2019-11-25 13:30:28,427|press|'"'
2019-11-25 13:30:28,511|release|'"'
2019-11-25 13:30:28,611|press|'"'
2019-11-25 13:30:28,719|release|'"'
2019-11-25 13:30:28,800|release|Key.shift_r
2019-11-25 13:30:29,336|press|Key.cmd
2019-11-25 13:30:29,492|press|Key.space
2019-11-25 13:30:29,628|release|Key.space
2019-11-25 13:30:29,641|release|Key.cmd
2019-11-25 13:30:30,423|press|Key.left
2019-11-25 13:30:30,591|release|Key.left
2019-11-25 13:30:32,249|press|'/'
2019-11-25 13:30:32,376|press|'с'
2019-11-25 13:30:32,473|release|'с'
2019-11-25 13:30:32,509|release|'/'
2019-11-25 13:30:33,446|press|Key.backspace
2019-11-25 13:30:33,558|release|Key.backspace
2019-11-25 13:30:33,642|press|Key.backspace
2019-11-25 13:30:33,738|release|Key.backspace
2019-11-25 13:30:34,237|press|Key.shift_r
2019-11-25 13:30:34,369|press|'С'
2019-11-25 13:30:34,452|release|'С'
2019-11-25 13:30:34,482|release|Key.shift_r
2019-11-25 13:30:34,611|press|'п'
2019-11-25 13:30:34,715|release|'п'
2019-11-25 13:30:34,788|press|'а'
2019-11-25 13:30:34,884|release|'а'
2019-11-25 13:30:35,187|press|'с'
2019-11-25 13:30:35,283|release|'с'
2019-11-25 13:30:35,675|press|'е'
2019-11-25 13:30:35,795|release|'е'
2019-11-25 13:30:35,975|press|'м'
2019-11-25 13:30:36,079|release|'м'
2019-11-25 13:30:36,191|press|Key.space
2019-11-25 13:30:36,287|release|Key.space
2019-11-25 13:30:36,596|press|Key.shift_r
2019-11-25 13:30:36,752|press|'З'
2019-11-25 13:30:36,836|release|Key.shift_r
2019-11-25 13:30:36,868|release|'з'
2019-11-25 13:30:36,902|press|'е'
2019-11-25 13:30:37,002|release|'е'
2019-11-25 13:30:37,120|press|'м'
2019-11-25 13:30:37,240|release|'м'
2019-11-25 13:30:37,275|press|'л'
2019-11-25 13:30:37,359|release|'л'
2019-11-25 13:30:37,469|press|'ю'
2019-11-25 13:30:37,593|release|'ю'
2019-11-25 13:30:38,940|press|Key.right
2019-11-25 13:30:39,045|release|Key.right
2019-11-25 13:30:39,883|press|Key.enter
2019-11-25 13:30:39,972|release|Key.enter
2019-11-25 13:30:41,379|press|Key.backspace
2019-11-25 13:30:41,487|release|Key.backspace
2019-11-25 13:30:42,533|press|Key.enter
2019-11-25 13:30:42,637|release|Key.enter
2019-11-25 13:30:43,572|press|Key.space
2019-11-25 13:30:43,696|release|Key.space
2019-11-25 13:30:44,674|press|Key.backspace
2019-11-25 13:30:44,762|release|Key.backspace
2019-11-25 13:30:45,401|press|Key.backspace
2019-11-25 13:30:45,541|release|Key.backspace
2019-11-25 13:30:46,103|press|Key.space
2019-11-25 13:30:46,203|release|Key.space
2019-11-25 13:30:49,055|press|Key.enter
2019-11-25 13:30:49,127|release|Key.enter
2019-11-25 13:30:49,468|press|Key.enter
2019-11-25 13:30:49,528|release|Key.enter
2019-11-25 13:30:50,165|press|Key.backspace
2019-11-25 13:30:50,266|release|Key.backspace
2019-11-25 13:30:50,749|press|Key.backspace
2019-11-25 13:30:50,815|release|Key.backspace
2019-11-25 13:30:51,359|press|Key.enter
2019-11-25 13:30:51,428|release|Key.enter
2019-11-25 13:30:51,788|press|Key.enter
2019-11-25 13:30:51,848|release|Key.enter
2019-11-25 13:30:55,237|press|Key.up
2019-11-25 13:30:55,326|release|Key.up
2019-11-25 13:30:55,828|press|Key.down
2019-11-25 13:30:55,949|release|Key.down
2019-11-25 13:30:56,348|press|Key.up
2019-11-25 13:30:56,453|release|Key.up
2019-11-25 13:30:56,960|press|Key.right
2019-11-25 13:30:57,461|press|Key.right
2019-11-25 13:30:57,545|press|Key.right
2019-11-25 13:30:57,629|press|Key.right
2019-11-25 13:30:57,714|press|Key.right
2019-11-25 13:30:57,798|press|Key.right
2019-11-25 13:30:57,882|press|Key.right
2019-11-25 13:30:57,967|press|Key.right
2019-11-25 13:30:58,050|press|Key.right
2019-11-25 13:30:58,134|press|Key.right
2019-11-25 13:30:58,218|press|Key.right
2019-11-25 13:30:58,302|press|Key.right
2019-11-25 13:30:58,386|press|Key.right
2019-11-25 13:30:58,470|press|Key.right
2019-11-25 13:30:58,554|press|Key.right
2019-11-25 13:30:58,639|press|Key.right
2019-11-25 13:30:58,723|press|Key.right
2019-11-25 13:30:58,807|press|Key.right
2019-11-25 13:30:58,891|press|Key.right
2019-11-25 13:30:58,976|press|Key.right
2019-11-25 13:30:59,060|press|Key.right
2019-11-25 13:30:59,144|press|Key.right
2019-11-25 13:30:59,229|press|Key.right
2019-11-25 13:30:59,313|press|Key.right
2019-11-25 13:30:59,397|press|Key.right
2019-11-25 13:30:59,481|press|Key.right
2019-11-25 13:30:59,565|press|Key.right
2019-11-25 13:30:59,650|press|Key.right
2019-11-25 13:30:59,734|press|Key.right
2019-11-25 13:30:59,818|press|Key.right
2019-11-25 13:30:59,901|press|Key.right
2019-11-25 13:30:59,985|press|Key.right
2019-11-25 13:31:00,070|press|Key.right
2019-11-25 13:31:00,157|press|Key.right
2019-11-25 13:31:00,231|release|Key.right
2019-11-25 13:31:01,169|press|Key.enter
2019-11-25 13:31:01,241|release|Key.enter
2019-11-25 13:31:01,311|press|Key.enter
2019-11-25 13:31:01,384|release|Key.enter
2019-11-25 13:31:06,408|press|'7'
2019-11-25 13:31:06,481|release|'7'
2019-11-25 13:31:07,199|press|Key.backspace
2019-11-25 13:31:07,300|release|Key.backspace
2019-11-25 13:31:08,191|press|'7'
2019-11-25 13:31:08,289|release|'7'
2019-11-25 13:31:08,431|press|Key.space
2019-11-25 13:31:08,492|release|Key.space
2019-11-25 13:31:08,865|press|'д'
2019-11-25 13:31:08,974|release|'д'
2019-11-25 13:31:09,152|press|'н'
2019-11-25 13:31:09,225|release|'н'
2019-11-25 13:31:09,251|press|'е'
2019-11-25 13:31:09,347|release|'е'
2019-11-25 13:31:09,811|press|'й'
2019-11-25 13:31:09,903|release|'й'
2019-11-25 13:31:10,014|press|Key.space
2019-11-25 13:31:10,122|release|Key.space
2019-11-25 13:31:10,509|press|Key.enter
2019-11-25 13:31:10,634|release|Key.enter
2019-11-25 13:31:11,254|press|'1'
2019-11-25 13:31:11,422|release|'1'
2019-11-25 13:31:11,434|press|'2'
2019-11-25 13:31:11,579|release|'2'
2019-11-25 13:31:11,933|press|Key.space
2019-11-25 13:31:12,062|release|Key.space
2019-11-25 13:31:12,361|press|'п'
2019-11-25 13:31:12,466|release|'п'
2019-11-25 13:31:12,509|press|'л'
2019-11-25 13:31:12,582|press|'о'
2019-11-25 13:31:12,613|release|'л'
2019-11-25 13:31:12,673|release|'о'
2019-11-25 13:31:13,036|press|'щ'
2019-11-25 13:31:13,120|release|'щ'
2019-11-25 13:31:13,165|press|'а'
2019-11-25 13:31:13,262|release|'а'
2019-11-25 13:31:13,304|press|'д'
2019-11-25 13:31:13,396|release|'д'
2019-11-25 13:31:13,457|press|'о'
2019-11-25 13:31:13,538|release|'о'
2019-11-25 13:31:13,561|press|'к'
2019-11-25 13:31:13,670|release|'к'
2019-11-25 13:31:14,328|press|Key.enter
2019-11-25 13:31:14,459|release|Key.enter
2019-11-25 13:31:15,107|press|'5'
2019-11-25 13:31:15,198|release|'5'
2019-11-25 13:31:15,296|press|'0'
2019-11-25 13:31:15,364|release|'0'
2019-11-25 13:31:15,442|press|'0'
2019-11-25 13:31:15,506|release|'0'
2019-11-25 13:31:15,607|press|Key.space
2019-11-25 13:31:15,700|release|Key.space
2019-11-25 13:31:15,814|press|'у'
2019-11-25 13:31:15,914|release|'у'
2019-11-25 13:31:16,057|press|'ч'
2019-11-25 13:31:16,150|release|'ч'
2019-11-25 13:31:16,269|press|'а'
2019-11-25 13:31:16,346|release|'а'
2019-11-25 13:31:16,444|press|'с'
2019-11-25 13:31:16,484|press|'т'
2019-11-25 13:31:16,509|release|'с'
2019-11-25 13:31:16,557|release|'т'
2019-11-25 13:31:16,640|press|'н'
2019-11-25 13:31:16,716|press|'и'
2019-11-25 13:31:16,752|release|'н'
2019-11-25 13:31:16,812|release|'и'
2019-11-25 13:31:17,030|press|'к'
2019-11-25 13:31:17,119|press|'о'
2019-11-25 13:31:17,126|release|'к'
2019-11-25 13:31:17,195|release|'о'
2019-11-25 13:31:17,285|press|'ы'
2019-11-25 13:31:17,362|release|'ы'
2019-11-25 13:31:18,510|press|Key.backspace
2019-11-25 13:31:18,646|release|Key.backspace
2019-11-25 13:31:19,069|press|'в'
2019-11-25 13:31:19,145|release|'в'
2019-11-25 13:31:20,248|press|Key.enter
2019-11-25 13:31:20,360|release|Key.enter
2019-11-25 13:31:20,763|press|'3'
2019-11-25 13:31:20,843|release|'3'
2019-11-25 13:31:21,809|press|Key.backspace
2019-11-25 13:31:21,922|release|Key.backspace
2019-11-25 13:31:21,926|press|'1'
2019-11-25 13:31:22,042|release|'1'
2019-11-25 13:31:22,485|press|Key.backspace
2019-11-25 13:31:22,597|release|Key.backspace
2019-11-25 13:31:22,609|press|'2'
2019-11-25 13:31:22,681|release|'2'
2019-11-25 13:31:23,313|press|'/'
2019-11-25 13:31:23,393|release|'/'
2019-11-25 13:31:23,632|press|Key.backspace
2019-11-25 13:31:23,732|release|Key.backspace
2019-11-25 13:31:23,834|press|'ю'
2019-11-25 13:31:23,918|release|'ю'
2019-11-25 13:31:24,528|press|Key.backspace
2019-11-25 13:31:24,660|release|Key.backspace
2019-11-25 13:31:24,845|press|'ю'
2019-11-25 13:31:24,929|release|'ю'
2019-11-25 13:31:25,203|press|Key.backspace
2019-11-25 13:31:25,299|release|Key.backspace
2019-11-25 13:31:25,382|press|'/'
2019-11-25 13:31:25,498|release|'/'
2019-11-25 13:31:25,805|press|Key.backspace
2019-11-25 13:31:25,889|release|Key.backspace
2019-11-25 13:31:26,000|press|'б'
2019-11-25 13:31:26,100|release|'б'
2019-11-25 13:31:26,581|press|Key.backspace
2019-11-25 13:31:26,689|release|Key.backspace
2019-11-25 13:31:27,044|press|Key.shift_r
2019-11-25 13:31:27,948|press|'.'
2019-11-25 13:31:28,034|release|'.'
2019-11-25 13:31:28,141|release|Key.shift_r
2019-11-25 13:31:28,822|press|Key.space
2019-11-25 13:31:28,902|release|Key.space
2019-11-25 13:31:31,853|press|Key.shift_r
2019-11-25 13:31:32,012|press|'Х'
2019-11-25 13:31:32,116|release|'Х'
2019-11-25 13:31:32,132|release|Key.shift_r
2019-11-25 13:31:32,158|press|'а'
2019-11-25 13:31:32,258|release|'а'
2019-11-25 13:31:32,397|press|'к'
2019-11-25 13:31:32,509|release|'к'
2019-11-25 13:31:32,594|press|'а'
2019-11-25 13:31:32,718|release|'а'
2019-11-25 13:31:32,771|press|'т'
2019-11-25 13:31:32,868|press|'о'
2019-11-25 13:31:32,892|release|'т'
2019-11-25 13:31:32,920|release|'о'
2019-11-25 13:31:33,107|press|'н'
2019-11-25 13:31:33,227|release|'н'
2019-11-25 13:31:33,387|press|Key.space
2019-11-25 13:31:33,490|release|Key.space
2019-11-25 13:31:34,069|press|Key.shift_r
2019-11-25 13:31:34,281|press|'Э'
2019-11-25 13:31:34,369|release|'Э'
2019-11-25 13:31:34,465|press|'Э'
2019-11-25 13:31:34,561|release|'Э'
2019-11-25 13:31:34,677|release|Key.shift_r
2019-11-25 13:31:34,861|press|Key.backspace
2019-11-25 13:31:34,969|release|Key.backspace
2019-11-25 13:31:35,040|press|Key.backspace
2019-11-25 13:31:35,152|release|Key.backspace
2019-11-25 13:31:35,512|press|Key.cmd
2019-11-25 13:31:35,680|press|Key.space
2019-11-25 13:31:35,765|release|Key.cmd
2019-11-25 13:31:35,796|release|Key.space
2019-11-25 13:31:35,910|press|Key.shift_r
2019-11-25 13:31:36,069|press|'"'
2019-11-25 13:31:36,135|release|'"'
2019-11-25 13:31:36,218|press|'"'
2019-11-25 13:31:36,334|release|'"'
2019-11-25 13:31:36,359|release|Key.shift_r
2019-11-25 13:31:36,588|press|Key.cmd
2019-11-25 13:31:36,784|press|Key.space
2019-11-25 13:31:36,884|release|Key.space
2019-11-25 13:31:36,937|release|Key.cmd
2019-11-25 13:31:37,488|press|Key.left
2019-11-25 13:31:37,612|release|Key.left
2019-11-25 13:31:38,858|press|Key.shift_r
2019-11-25 13:31:39,014|press|'Х'
2019-11-25 13:31:39,130|release|Key.shift_r
2019-11-25 13:31:39,146|release|'х'
2019-11-25 13:31:39,168|press|'а'
2019-11-25 13:31:39,268|release|'а'
2019-11-25 13:31:39,401|press|'к'
2019-11-25 13:31:39,509|release|'к'
2019-11-25 13:31:39,624|press|'в'
2019-11-25 13:31:39,716|release|'в'
2019-11-25 13:31:39,845|press|'е'
2019-11-25 13:31:39,921|press|'р'
2019-11-25 13:31:39,940|release|'е'
2019-11-25 13:31:40,009|release|'р'
2019-11-25 13:31:40,064|press|'с'
2019-11-25 13:31:40,157|release|'с'
2019-11-25 13:31:40,890|press|Key.right
2019-11-25 13:31:41,038|release|Key.right
2019-11-25 13:31:41,664|press|Key.space
2019-11-25 13:31:41,741|release|Key.space
2019-11-25 13:31:41,807|press|'с'
2019-11-25 13:31:41,887|release|'с'
2019-11-25 13:31:42,006|press|'е'
2019-11-25 13:31:42,042|press|'р'
2019-11-25 13:31:42,106|release|'е'
2019-11-25 13:31:42,126|press|'и'
2019-11-25 13:31:42,158|release|'р'
2019-11-25 13:31:42,230|release|'и'
2019-11-25 13:31:42,382|press|'д'
2019-11-25 13:31:42,506|release|'д'
2019-11-25 13:31:43,120|press|Key.backspace
2019-11-25 13:31:43,216|release|Key.backspace
2019-11-25 13:31:43,310|press|Key.backspace
2019-11-25 13:31:43,382|release|Key.backspace
2019-11-25 13:31:43,467|press|Key.backspace
2019-11-25 13:31:43,535|release|Key.backspace
2019-11-25 13:31:43,609|press|Key.backspace
2019-11-25 13:31:43,685|release|Key.backspace
2019-11-25 13:31:43,833|press|'р'
2019-11-25 13:31:43,929|release|'р'
2019-11-25 13:31:43,978|press|'е'
2019-11-25 13:31:44,058|release|'е'
2019-11-25 13:31:44,109|press|'д'
2019-11-25 13:31:44,233|release|'д'
2019-11-25 13:31:44,306|press|'и'
2019-11-25 13:31:44,410|release|'и'
2019-11-25 13:31:44,487|press|Key.space
2019-11-25 13:31:44,623|release|Key.space
2019-11-25 13:31:44,716|press|'у'
2019-11-25 13:31:44,820|release|'у'
2019-11-25 13:31:44,843|press|'н'
2019-11-25 13:31:44,935|press|'и'
2019-11-25 13:31:44,975|release|'н'
2019-11-25 13:31:45,027|release|'и'
2019-11-25 13:31:45,392|press|'в'
2019-11-25 13:31:45,464|release|'в'
2019-11-25 13:31:45,579|press|'е'
2019-11-25 13:31:45,675|release|'е'
2019-11-25 13:31:45,736|press|'р'
2019-11-25 13:31:45,839|release|'р'
2019-11-25 13:31:45,912|press|'с'
2019-11-25 13:31:46,008|release|'с'
2019-11-25 13:31:46,084|press|'т'
2019-11-25 13:31:46,152|release|'т'
2019-11-25 13:31:46,233|press|'и'
2019-11-25 13:31:46,313|release|'и'
2019-11-25 13:31:46,400|press|'т'
2019-11-25 13:31:46,460|press|'е'
2019-11-25 13:31:46,467|release|'т'
2019-11-25 13:31:46,552|release|'е'
2019-11-25 13:31:46,580|press|'т'
2019-11-25 13:31:46,664|press|'о'
2019-11-25 13:31:46,696|release|'т'
2019-11-25 13:31:46,752|release|'о'
2019-11-25 13:31:46,777|press|'в'
2019-11-25 13:31:46,873|release|'в'
2019-11-25 13:31:47,136|press|Key.enter
2019-11-25 13:31:47,273|release|Key.enter
2019-11-25 13:31:47,913|press|Key.backspace
2019-11-25 13:31:47,993|release|Key.backspace
2019-11-25 13:31:50,263|press|'2'
2019-11-25 13:31:50,346|release|'2'
2019-11-25 13:31:50,372|press|Key.space
2019-11-25 13:31:50,488|release|Key.space
2019-11-25 13:31:50,540|press|'д'
2019-11-25 13:31:50,612|release|'д'
2019-11-25 13:31:50,798|press|'н'
2019-11-25 13:31:50,879|release|'н'
2019-11-25 13:31:50,937|press|'я'
2019-11-25 13:31:51,037|release|'я'
2019-11-25 13:31:51,435|press|Key.enter
2019-11-25 13:31:51,547|release|Key.enter
2019-11-25 13:31:52,529|press|Key.backspace
2019-11-25 13:31:52,595|release|Key.backspace
2019-11-25 13:31:52,693|press|Key.backspace
2019-11-25 13:31:52,762|release|Key.backspace
2019-11-25 13:31:52,869|press|Key.backspace
2019-11-25 13:31:52,942|release|Key.backspace
2019-11-25 13:31:53,026|press|Key.backspace
2019-11-25 13:31:53,099|release|Key.backspace
2019-11-25 13:31:53,171|press|Key.backspace
2019-11-25 13:31:53,256|release|Key.backspace
2019-11-25 13:31:53,340|press|Key.backspace
2019-11-25 13:31:53,400|release|Key.backspace
2019-11-25 13:31:53,588|press|Key.enter
2019-11-25 13:31:53,664|release|Key.enter
2019-11-25 13:31:53,753|press|Key.enter
2019-11-25 13:31:53,822|release|Key.enter
2019-11-25 13:31:54,800|press|'2'
2019-11-25 13:31:54,929|release|'2'
2019-11-25 13:31:55,070|press|Key.space
2019-11-25 13:31:55,169|release|Key.space
2019-11-25 13:31:55,177|press|'д'
2019-11-25 13:31:55,274|release|'д'
2019-11-25 13:31:55,449|press|'н'
2019-11-25 13:31:55,534|release|'н'
2019-11-25 13:31:55,550|press|'я'
2019-11-25 13:31:55,703|release|'я'
2019-11-25 13:31:55,764|press|Key.space
2019-11-25 13:31:55,861|release|Key.space
2019-11-25 13:31:56,072|press|Key.enter
2019-11-25 13:31:56,185|release|Key.enter
2019-11-25 13:31:56,610|press|'5'
2019-11-25 13:31:56,707|release|'5'
2019-11-25 13:31:56,890|press|'0'
2019-11-25 13:31:56,974|release|'0'
2019-11-25 13:31:57,237|press|Key.space
2019-11-25 13:31:57,314|release|Key.space
2019-11-25 13:31:57,579|press|'к'
2019-11-25 13:31:57,676|release|'к'
2019-11-25 13:31:57,750|press|'о'
2019-11-25 13:31:57,827|release|'о'
2019-11-25 13:31:57,897|press|'м'
2019-11-25 13:31:57,957|release|'м'
2019-11-25 13:31:58,050|press|'а'
2019-11-25 13:31:58,119|release|'а'
2019-11-25 13:31:58,122|press|'н'
2019-11-25 13:31:58,207|release|'н'
2019-11-25 13:31:58,363|press|'д'
2019-11-25 13:31:58,463|release|'д'
2019-11-25 13:31:58,946|press|Key.enter
2019-11-25 13:31:59,018|release|Key.enter
2019-11-25 13:32:00,125|press|'1'
2019-11-25 13:32:00,207|release|'1'
2019-11-25 13:32:00,279|press|'0'
2019-11-25 13:32:00,340|release|'0'
2019-11-25 13:32:00,430|press|'0'
2019-11-25 13:32:00,512|release|'0'
2019-11-25 13:32:00,718|press|Key.space
2019-11-25 13:32:00,807|release|Key.space
2019-11-25 13:32:00,941|press|'и'
2019-11-25 13:32:01,070|release|'и'
2019-11-25 13:32:01,089|press|'н'
2019-11-25 13:32:01,190|release|'н'
2019-11-25 13:32:01,481|press|'в'
2019-11-25 13:32:01,570|release|'в'
2019-11-25 13:32:01,675|press|'е'
2019-11-25 13:32:01,764|release|'е'
2019-11-25 13:32:01,873|press|'с'
2019-11-25 13:32:01,958|release|'с'
2019-11-25 13:32:01,961|press|'т'
2019-11-25 13:32:02,061|press|'о'
2019-11-25 13:32:02,101|release|'т'
2019-11-25 13:32:02,158|release|'о'
2019-11-25 13:32:02,220|press|'р'
2019-11-25 13:32:02,303|press|'о'
2019-11-25 13:32:02,343|release|'р'
2019-11-25 13:32:02,387|release|'о'
2019-11-25 13:32:02,391|press|'в'
2019-11-25 13:32:02,500|release|'в'
2019-11-25 13:32:03,434|press|Key.enter
2019-11-25 13:32:03,523|release|Key.enter
2019-11-25 13:32:05,065|press|'3'
2019-11-25 13:32:05,174|release|'3'
2019-11-25 13:32:05,356|press|Key.shift_r
2019-11-25 13:32:06,547|press|'.'
2019-11-25 13:32:06,615|release|'.'
2019-11-25 13:32:06,872|release|Key.shift_r
2019-11-25 13:32:07,997|press|Key.space
2019-11-25 13:32:08,069|release|Key.space
2019-11-25 13:32:08,572|press|Key.shift_r
2019-11-25 13:32:08,687|press|'М'
2019-11-25 13:32:08,779|release|'М'
2019-11-25 13:32:08,800|release|Key.shift_r
2019-11-25 13:32:08,865|press|'е'
2019-11-25 13:32:08,962|release|'е'
2019-11-25 13:32:09,099|press|'ж'
2019-11-25 13:32:09,260|release|'ж'
2019-11-25 13:32:09,636|press|'д'
2019-11-25 13:32:09,729|release|'д'
2019-11-25 13:32:09,789|press|'у'
2019-11-25 13:32:09,906|release|'у'
2019-11-25 13:32:10,047|press|'н'
2019-11-25 13:32:10,135|release|'н'
2019-11-25 13:32:10,139|press|'а'
2019-11-25 13:32:10,224|release|'а'
2019-11-25 13:32:10,252|press|'р'
2019-11-25 13:32:10,351|press|'о'
2019-11-25 13:32:10,387|release|'р'
2019-11-25 13:32:10,443|release|'о'
2019-11-25 13:32:10,588|press|'д'
2019-11-25 13:32:10,680|release|'д'
2019-11-25 13:32:10,865|press|'н'
2019-11-25 13:32:10,933|release|'н'
2019-11-25 13:32:10,955|press|'ы'
2019-11-25 13:32:11,056|release|'ы'
2019-11-25 13:32:11,186|press|'й'
2019-11-25 13:32:11,303|release|'й'
2019-11-25 13:32:11,365|press|Key.space
2019-11-25 13:32:11,458|release|Key.space
2019-11-25 13:32:11,530|press|'ф'
2019-11-25 13:32:11,631|release|'ф'
2019-11-25 13:32:11,696|press|'о'
2019-11-25 13:32:11,821|press|'р'
2019-11-25 13:32:11,872|release|'о'
2019-11-25 13:32:11,953|release|'р'
2019-11-25 13:32:12,034|press|'м'
2019-11-25 13:32:12,129|press|'у'
2019-11-25 13:32:12,169|release|'м'
2019-11-25 13:32:12,254|release|'у'
2019-11-25 13:32:12,888|press|Key.backspace
2019-11-25 13:32:12,932|release|Key.backspace
2019-11-25 13:32:13,052|press|Key.backspace
2019-11-25 13:32:13,261|release|Key.backspace
2019-11-25 13:32:13,772|press|'у'
2019-11-25 13:32:13,873|release|'у'
2019-11-25 13:32:14,432|press|'м'
2019-11-25 13:32:14,536|release|'м'
2019-11-25 13:32:14,983|press|Key.space
2019-11-25 13:32:15,091|release|Key.space
2019-11-25 13:32:15,678|press|Key.cmd
2019-11-25 13:32:15,825|press|Key.space
2019-11-25 13:32:15,894|release|Key.cmd
2019-11-25 13:32:15,974|release|Key.space
2019-11-25 13:32:16,099|press|Key.shift_r
2019-11-25 13:32:16,279|press|'"'
2019-11-25 13:32:16,358|release|'"'
2019-11-25 13:32:16,419|press|'"'
2019-11-25 13:32:16,503|release|'"'
2019-11-25 13:32:16,536|release|Key.shift_r
2019-11-25 13:32:17,255|press|Key.cmd
2019-11-25 13:32:17,431|press|Key.space
2019-11-25 13:32:17,536|release|Key.cmd
2019-11-25 13:32:17,537|release|Key.space
2019-11-25 13:32:18,244|press|Key.left
2019-11-25 13:32:18,372|release|Key.left
2019-11-25 13:32:19,449|press|Key.shift_r
2019-11-25 13:32:19,621|press|'И'
2019-11-25 13:32:19,705|release|'И'
2019-11-25 13:32:19,709|release|Key.shift_r
2019-11-25 13:32:19,932|press|'н'
2019-11-25 13:32:20,017|release|'н'
2019-11-25 13:32:20,048|press|'ф'
2019-11-25 13:32:20,160|release|'ф'
2019-11-25 13:32:20,168|press|'о'
2019-11-25 13:32:20,248|press|'р'
2019-11-25 13:32:20,273|release|'о'
2019-11-25 13:32:20,332|release|'р'
2019-11-25 13:32:20,423|press|'м'
2019-11-25 13:32:20,515|press|'а'
2019-11-25 13:32:20,527|release|'м'
2019-11-25 13:32:20,615|release|'а'
2019-11-25 13:32:20,787|press|'ц'
2019-11-25 13:32:20,871|release|'ц'
2019-11-25 13:32:20,888|press|'и'
2019-11-25 13:32:20,983|press|'о'
2019-11-25 13:32:21,011|release|'и'
2019-11-25 13:32:21,091|release|'о'
2019-11-25 13:32:21,216|press|'н'
2019-11-25 13:32:21,284|release|'н'
2019-11-25 13:32:21,358|press|'н'
2019-11-25 13:32:21,443|press|'а'
2019-11-25 13:32:21,443|release|'н'
2019-11-25 13:32:21,530|release|'а'
2019-11-25 13:32:21,669|press|'я'
2019-11-25 13:32:21,789|release|'я'
2019-11-25 13:32:21,818|press|Key.space
2019-11-25 13:32:21,914|release|Key.space
2019-11-25 13:32:22,225|press|'б'
2019-11-25 13:32:22,345|release|'б'
2019-11-25 13:32:22,349|press|'е'
2019-11-25 13:32:22,445|release|'е'
2019-11-25 13:32:22,802|press|'з'
2019-11-25 13:32:22,942|release|'з'
2019-11-25 13:32:23,378|press|'о'
2019-11-25 13:32:23,439|release|'о'
2019-11-25 13:32:23,594|press|'п'
2019-11-25 13:32:23,694|release|'п'
2019-11-25 13:32:23,771|press|'а'
2019-11-25 13:32:23,844|release|'а'
2019-11-25 13:32:23,949|press|'с'
2019-11-25 13:32:24,033|release|'с'
2019-11-25 13:32:24,150|press|'н'
2019-11-25 13:32:24,242|release|'н'
2019-11-25 13:32:24,326|press|'о'
2019-11-25 13:32:24,422|release|'о'
2019-11-25 13:32:24,430|press|'с'
2019-11-25 13:32:24,538|release|'с'
2019-11-25 13:32:24,541|press|'т'
2019-11-25 13:32:24,638|press|'ь'
2019-11-25 13:32:24,698|release|'т'
2019-11-25 13:32:24,759|release|'ь'
2019-11-25 13:32:25,373|press|Key.space
2019-11-25 13:32:25,469|release|Key.space
2019-11-25 13:32:25,515|press|'в'
2019-11-25 13:32:25,583|press|Key.space
2019-11-25 13:32:25,598|release|'в'
2019-11-25 13:32:25,691|release|Key.space
2019-11-25 13:32:25,814|press|'м'
2019-11-25 13:32:25,910|release|'м'
2019-11-25 13:32:26,034|press|'е'
2019-11-25 13:32:26,102|press|'д'
2019-11-25 13:32:26,138|release|'е'
2019-11-25 13:32:26,210|release|'д'
2019-11-25 13:32:26,278|press|'и'
2019-11-25 13:32:26,370|press|'ц'
2019-11-25 13:32:26,374|release|'и'
2019-11-25 13:32:26,454|release|'ц'
2019-11-25 13:32:26,462|press|'и'
2019-11-25 13:32:26,562|release|'и'
2019-11-25 13:32:27,026|press|'е'
2019-11-25 13:32:27,086|release|'е'
2019-11-25 13:32:27,536|press|'='
2019-11-25 13:32:27,582|release|'='
2019-11-25 13:32:27,685|press|Key.backspace
2019-11-25 13:32:27,777|release|Key.backspace
2019-11-25 13:32:28,275|press|Key.backspace
2019-11-25 13:32:28,371|release|Key.backspace
2019-11-25 13:32:28,422|press|'н'
2019-11-25 13:32:28,510|release|'н'
2019-11-25 13:32:28,584|press|'е'
2019-11-25 13:32:28,724|release|'е'
2019-11-25 13:32:29,975|press|Key.right
2019-11-25 13:32:30,079|release|Key.right
2019-11-25 13:32:30,852|press|Key.enter
2019-11-25 13:32:30,952|release|Key.enter
2019-11-25 13:32:31,653|press|Key.backspace
2019-11-25 13:32:31,733|release|Key.backspace
2019-11-25 13:32:33,487|press|'4'
2019-11-25 13:32:33,579|release|'4'
2019-11-25 13:32:33,582|press|'7'
2019-11-25 13:32:33,663|release|'7'
2019-11-25 13:32:34,278|press|Key.backspace
2019-11-25 13:32:34,346|release|Key.backspace
2019-11-25 13:32:34,438|press|Key.backspace
2019-11-25 13:32:34,502|release|Key.backspace
2019-11-25 13:32:35,102|press|Key.enter
2019-11-25 13:32:35,169|release|Key.enter
2019-11-25 13:32:35,259|press|Key.enter
2019-11-25 13:32:35,331|release|Key.enter
2019-11-25 13:32:36,481|press|'4'
2019-11-25 13:32:36,577|release|'4'
2019-11-25 13:32:36,596|press|'7'
2019-11-25 13:32:36,688|release|'7'
2019-11-25 13:32:36,985|press|Key.space
2019-11-25 13:32:37,093|release|Key.space
2019-11-25 13:32:37,190|press|'с'
2019-11-25 13:32:37,280|press|'т'
2019-11-25 13:32:37,303|release|'с'
2019-11-25 13:32:37,347|release|'т'
2019-11-25 13:32:37,420|press|'р'
2019-11-25 13:32:37,509|release|'р'
2019-11-25 13:32:37,593|press|'а'
2019-11-25 13:32:37,689|release|'а'
2019-11-25 13:32:37,701|press|'н'
2019-11-25 13:32:37,785|release|'н'
2019-11-25 13:32:38,284|press|Key.shift_r
2019-11-25 13:32:38,409|release|Key.shift_r
2019-11-25 13:32:38,437|press|Key.shift_r
2019-11-25 13:32:39,381|press|','
2019-11-25 13:32:39,437|release|','
2019-11-25 13:32:39,533|release|Key.shift_r
2019-11-25 13:32:40,479|press|Key.space
2019-11-25 13:32:40,619|release|Key.space
2019-11-25 13:32:40,920|press|'в'
2019-11-25 13:32:41,012|release|'в'
2019-11-25 13:32:41,184|press|'к'
2019-11-25 13:32:41,268|release|'к'
2019-11-25 13:32:41,318|press|'л'
2019-11-25 13:32:41,398|release|'л'
2019-11-25 13:32:41,523|press|'ю'
2019-11-25 13:32:41,599|release|'ю'
2019-11-25 13:32:41,651|press|'ч'
2019-11-25 13:32:41,739|release|'ч'
2019-11-25 13:32:41,849|press|'а'
2019-11-25 13:32:41,921|release|'а'
2019-11-25 13:32:42,052|press|'я'
2019-11-25 13:32:42,172|release|'я'
2019-11-25 13:32:42,200|press|Key.space
2019-11-25 13:32:42,288|release|Key.space
2019-11-25 13:32:42,897|press|Key.shift_r
2019-11-25 13:32:43,145|press|'Р'
2019-11-25 13:32:43,232|release|'Р'
2019-11-25 13:32:43,241|release|Key.shift_r
2019-11-25 13:32:43,457|press|'о'
2019-11-25 13:32:43,557|release|'о'
2019-11-25 13:32:43,637|press|'с'
2019-11-25 13:32:43,717|release|'с'
2019-11-25 13:32:43,808|press|'с'
2019-11-25 13:32:43,869|release|'с'
2019-11-25 13:32:43,906|press|'и'
2019-11-25 13:32:43,982|release|'и'
2019-11-25 13:32:44,545|press|'ю'
2019-11-25 13:32:44,625|release|'ю'
2019-11-25 13:32:46,656|press|Key.shift_r
2019-11-25 13:32:46,984|press|','
2019-11-25 13:32:47,064|release|','
2019-11-25 13:32:47,148|release|Key.shift_r
2019-11-25 13:32:48,347|press|Key.space
2019-11-25 13:32:48,475|release|Key.space
2019-11-25 13:32:48,681|press|Key.shift
2019-11-25 13:32:48,941|press|'С'
2019-11-25 13:32:49,045|release|'С'
2019-11-25 13:32:49,233|press|'Ш'
2019-11-25 13:32:49,313|press|'А'
2019-11-25 13:32:49,328|release|'Ш'
2019-11-25 13:32:49,417|release|'А'
2019-11-25 13:32:49,621|release|Key.shift
2019-11-25 13:32:50,294|press|Key.space
2019-11-25 13:32:50,406|release|Key.space
2019-11-25 13:32:50,584|press|Key.shift
2019-11-25 13:32:50,883|press|','
2019-11-25 13:32:50,944|release|','
2019-11-25 13:32:51,040|press|Key.space
2019-11-25 13:32:51,047|release|Key.shift
2019-11-25 13:32:51,116|release|Key.space
2019-11-25 13:32:51,898|press|Key.shift
2019-11-25 13:32:52,274|press|'К'
2019-11-25 13:32:52,386|release|'К'
2019-11-25 13:32:52,402|release|Key.shift
2019-11-25 13:32:52,445|press|'и'
2019-11-25 13:32:52,521|release|'и'
2019-11-25 13:32:52,609|press|'т'
2019-11-25 13:32:52,681|release|'т'
2019-11-25 13:32:52,758|press|'а'
2019-11-25 13:32:52,814|press|'й'
2019-11-25 13:32:52,838|release|'а'
2019-11-25 13:32:52,966|release|'й'
2019-11-25 13:32:53,441|press|Key.space
2019-11-25 13:32:53,561|release|Key.space
2019-11-25 13:32:53,888|press|'и'
2019-11-25 13:32:53,984|release|'и'
2019-11-25 13:32:54,026|press|Key.space
2019-11-25 13:32:54,111|release|Key.space
2019-11-25 13:32:54,416|press|Key.shift
2019-11-25 13:32:54,600|press|'И'
2019-11-25 13:32:54,644|release|'И'
2019-11-25 13:32:54,688|release|Key.shift
2019-11-25 13:32:54,851|press|'н'
2019-11-25 13:32:54,952|release|'н'
2019-11-25 13:32:55,136|press|'д'
2019-11-25 13:32:55,255|release|'д'
2019-11-25 13:32:56,218|press|'и'
2019-11-25 13:32:56,286|release|'и'
2019-11-25 13:32:56,802|press|Key.backspace
2019-11-25 13:32:56,922|release|Key.backspace
2019-11-25 13:32:57,346|press|'и'
2019-11-25 13:32:57,430|release|'и'
2019-11-25 13:32:57,551|press|'ю'
2019-11-25 13:32:57,616|release|'ю'
2019-11-25 13:32:58,148|press|Key.enter
2019-11-25 13:32:58,257|release|Key.enter
2019-11-25 13:32:58,853|press|'3'
2019-11-25 13:32:58,950|release|'3'
2019-11-25 13:32:59,224|press|Key.space
2019-11-25 13:32:59,321|release|Key.space
2019-11-25 13:32:59,346|press|'д'
2019-11-25 13:32:59,430|release|'д'
2019-11-25 13:32:59,605|press|'н'
2019-11-25 13:32:59,674|release|'н'
2019-11-25 13:32:59,699|press|'я'
2019-11-25 13:32:59,808|release|'я'
2019-11-25 13:32:59,849|press|Key.space
2019-11-25 13:32:59,914|release|Key.space
2019-11-25 13:33:00,342|press|Key.enter
2019-11-25 13:33:00,400|release|Key.enter
2019-11-25 13:33:01,721|press|'4'
2019-11-25 13:33:01,834|release|'4'
2019-11-25 13:33:01,905|press|Key.space
2019-11-25 13:33:01,990|release|Key.space
2019-11-25 13:33:02,068|press|'п'
2019-11-25 13:33:02,164|release|'п'
2019-11-25 13:33:02,168|press|'л'
2019-11-25 13:33:02,256|press|'о'
2019-11-25 13:33:02,272|release|'л'
2019-11-25 13:33:02,333|release|'о'
2019-11-25 13:33:02,677|press|'щ'
2019-11-25 13:33:02,769|release|'щ'
2019-11-25 13:33:02,812|press|'а'
2019-11-25 13:33:02,888|press|'д'
2019-11-25 13:33:02,896|release|'а'
2019-11-25 13:33:02,981|release|'д'
2019-11-25 13:33:03,079|press|'к'
2019-11-25 13:33:03,168|press|'и'
2019-11-25 13:33:03,168|release|'к'
2019-11-25 13:33:03,244|release|'и'
2019-11-25 13:33:03,921|press|Key.space
2019-11-25 13:33:04,005|release|Key.space
2019-11-25 13:33:20,077|press|Key.enter
2019-11-25 13:33:20,229|release|Key.enter
2019-11-25 13:33:22,443|press|'4'
2019-11-25 13:33:22,551|release|'4'
2019-11-25 13:33:22,689|press|Key.shift_r
2019-11-25 13:33:23,069|press|'.'
2019-11-25 13:33:23,161|release|'.'
2019-11-25 13:33:23,330|release|Key.shift_r
2019-11-25 13:33:24,006|press|Key.space
2019-11-25 13:33:24,102|release|Key.space
2019-11-25 13:33:27,007|press|Key.shift_r
2019-11-25 13:33:27,339|press|'Е'
2019-11-25 13:33:27,414|release|Key.shift_r
2019-11-25 13:33:27,443|release|'е'
2019-11-25 13:33:27,876|press|'ж'
2019-11-25 13:33:27,973|release|'ж'
2019-11-25 13:33:27,998|press|'е'
2019-11-25 13:33:28,106|release|'е'
2019-11-25 13:33:28,187|press|'г'
2019-11-25 13:33:28,271|release|'г'
2019-11-25 13:33:28,341|press|'о'
2019-11-25 13:33:28,421|release|'о'
2019-11-25 13:33:28,537|press|'д'
2019-11-25 13:33:28,605|release|'д'
2019-11-25 13:33:28,792|press|'н'
2019-11-25 13:33:28,876|release|'н'
2019-11-25 13:33:28,892|press|'ы'
2019-11-25 13:33:28,980|release|'ы'
2019-11-25 13:33:29,131|press|'й'
2019-11-25 13:33:29,199|release|'й'
2019-11-25 13:33:29,291|press|Key.space
2019-11-25 13:33:29,375|release|Key.space
2019-11-25 13:33:30,369|press|'м'
2019-11-25 13:33:30,416|release|'м'
2019-11-25 13:33:30,546|press|'е'
2019-11-25 13:33:30,634|release|'е'
2019-11-25 13:33:30,771|press|'ж'
2019-11-25 13:33:30,858|release|'ж'
2019-11-25 13:33:31,085|press|'д'
2019-11-25 13:33:31,181|release|'д'
2019-11-25 13:33:31,248|press|'у'
2019-11-25 13:33:31,345|release|'у'
2019-11-25 13:33:31,469|press|'н'
2019-11-25 13:33:31,557|release|'н'
2019-11-25 13:33:31,561|press|'а'
2019-11-25 13:33:31,649|release|'а'
2019-11-25 13:33:31,734|press|'р'
2019-11-25 13:33:31,850|release|'р'
2019-11-25 13:33:31,923|press|'о'
2019-11-25 13:33:31,995|release|'о'
2019-11-25 13:33:32,142|press|'д'
2019-11-25 13:33:32,242|release|'д'
2019-11-25 13:33:32,425|press|'н'
2019-11-25 13:33:32,521|release|'н'
2019-11-25 13:33:32,529|press|'ы'
2019-11-25 13:33:32,625|release|'ы'
2019-11-25 13:33:32,798|press|'й'
2019-11-25 13:33:32,830|release|'й'
2019-11-25 13:33:33,244|press|Key.space
2019-11-25 13:33:33,360|release|Key.space
2019-11-25 13:33:33,462|press|'к'
2019-11-25 13:33:33,590|release|'к'
2019-11-25 13:33:33,607|press|'о'
2019-11-25 13:33:33,671|release|'о'
2019-11-25 13:33:33,781|press|'н'
2019-11-25 13:33:33,873|release|'н'
2019-11-25 13:33:33,916|press|'к'
2019-11-25 13:33:33,996|release|'к'
2019-11-25 13:33:34,074|press|'у'
2019-11-25 13:33:34,142|press|'р'
2019-11-25 13:33:34,170|release|'у'
2019-11-25 13:33:34,230|release|'р'
2019-11-25 13:33:34,345|press|'с'
2019-11-25 13:33:34,425|release|'с'
2019-11-25 13:33:34,479|press|Key.space
2019-11-25 13:33:34,571|release|Key.space
2019-11-25 13:33:36,645|press|Key.cmd
2019-11-25 13:33:36,813|press|Key.space
2019-11-25 13:33:36,865|release|Key.cmd
2019-11-25 13:33:36,939|release|Key.space
2019-11-25 13:33:37,082|press|Key.shift_r
2019-11-25 13:33:37,269|press|'"'
2019-11-25 13:33:37,346|release|'"'
2019-11-25 13:33:37,414|press|'"'
2019-11-25 13:33:37,494|release|'"'
2019-11-25 13:33:37,518|release|Key.shift_r
2019-11-25 13:33:37,974|press|Key.space
2019-11-25 13:33:38,102|press|Key.cmd
2019-11-25 13:33:38,214|release|Key.space
2019-11-25 13:33:38,275|release|Key.cmd
2019-11-25 13:33:39,053|press|Key.left
2019-11-25 13:33:39,147|release|Key.left
2019-11-25 13:33:39,828|press|Key.left
2019-11-25 13:33:39,976|release|Key.left
2019-11-25 13:33:40,908|press|Key.shift_r
2019-11-25 13:33:41,239|press|'>'
2019-11-25 13:33:41,335|release|Key.shift_r
2019-11-25 13:33:41,336|release|'.'
2019-11-25 13:33:41,896|press|'y'
2019-11-25 13:33:41,988|release|'y'
2019-11-25 13:33:42,479|press|'='
2019-11-25 13:33:42,479|release|'='
2019-11-25 13:33:42,606|press|'='
2019-11-25 13:33:42,634|release|'='
2019-11-25 13:33:42,830|press|Key.backspace
2019-11-25 13:33:42,926|release|Key.backspace
2019-11-25 13:33:43,014|press|Key.backspace
2019-11-25 13:33:43,082|release|Key.backspace
2019-11-25 13:33:43,175|press|Key.backspace
2019-11-25 13:33:43,239|release|Key.backspace
2019-11-25 13:33:43,320|press|Key.backspace
2019-11-25 13:33:43,416|release|Key.backspace
2019-11-25 13:33:43,613|press|Key.cmd
2019-11-25 13:33:43,760|press|Key.space
2019-11-25 13:33:43,820|release|Key.cmd
2019-11-25 13:33:43,896|release|Key.space
2019-11-25 13:33:44,245|press|Key.shift_r
2019-11-25 13:33:44,657|press|'Ю'
2019-11-25 13:33:44,745|release|Key.shift_r
2019-11-25 13:33:44,753|release|'ю'
2019-11-25 13:33:45,092|press|'н'
2019-11-25 13:33:45,200|press|'ы'
2019-11-25 13:33:45,200|release|'н'
2019-11-25 13:33:45,288|release|'ы'
2019-11-25 13:33:45,396|press|'й'
2019-11-25 13:33:45,476|release|'й'
2019-11-25 13:33:45,491|press|Key.space
2019-11-25 13:33:45,607|release|Key.space
2019-11-25 13:33:46,274|press|'г'
2019-11-25 13:33:46,362|release|'г'
2019-11-25 13:33:46,366|press|'е'
2019-11-25 13:33:46,444|release|'е'
2019-11-25 13:33:46,513|press|'н'
2019-11-25 13:33:46,589|press|'и'
2019-11-25 13:33:46,617|release|'н'
2019-11-25 13:33:46,673|release|'и'
2019-11-25 13:33:46,725|press|'й'
2019-11-25 13:33:46,845|release|'й'
2019-11-25 13:33:48,439|press|Key.right
2019-11-25 13:33:48,603|release|Key.right
2019-11-25 13:33:49,342|press|Key.space
2019-11-25 13:33:49,438|release|Key.space
2019-11-25 13:33:49,664|press|'ж'
2019-11-25 13:33:49,745|press|'д'
2019-11-25 13:33:49,759|release|'ж'
2019-11-25 13:33:49,828|release|'д'
2019-11-25 13:33:49,867|press|'я'
2019-11-25 13:33:49,967|release|'я'
2019-11-25 13:33:50,001|press|Key.space
2019-11-25 13:33:50,093|release|Key.space
2019-11-25 13:33:50,161|press|'п'
2019-11-25 13:33:50,241|release|'п'
2019-11-25 13:33:50,256|press|'о'
2019-11-25 13:33:50,312|release|'о'
2019-11-25 13:33:50,448|press|'д'
2019-11-25 13:33:50,509|release|'д'
2019-11-25 13:33:50,605|press|'д'
2019-11-25 13:33:50,665|release|'д'
2019-11-25 13:33:50,707|press|'е'
2019-11-25 13:33:50,819|press|'р'
2019-11-25 13:33:50,820|release|'е'
2019-11-25 13:33:50,903|release|'р'
2019-11-25 13:33:51,209|press|'ж'
2019-11-25 13:33:51,337|release|'ж'
2019-11-25 13:33:51,351|press|'с'
2019-11-25 13:33:51,443|release|'с'
2019-11-25 13:33:51,543|press|'к'
2019-11-25 13:33:51,584|press|'и'
2019-11-25 13:33:51,650|release|'к'
2019-11-25 13:33:51,667|release|'и'
2019-11-25 13:33:51,782|press|Key.space
2019-11-25 13:33:51,894|release|Key.space
2019-11-25 13:33:52,363|press|Key.backspace
2019-11-25 13:33:52,448|release|Key.backspace
2019-11-25 13:33:52,544|press|Key.backspace
2019-11-25 13:33:52,620|release|Key.backspace
2019-11-25 13:33:52,727|press|Key.backspace
2019-11-25 13:33:52,816|release|Key.backspace
2019-11-25 13:33:53,094|press|'к'
2019-11-25 13:33:53,190|release|'к'
2019-11-25 13:33:53,229|press|'и'
2019-11-25 13:33:53,321|release|'и'
2019-11-25 13:33:53,527|press|Key.space
2019-11-25 13:33:53,567|release|Key.space
2019-11-25 13:33:54,291|press|Key.backspace
2019-11-25 13:33:54,380|release|Key.backspace
2019-11-25 13:33:54,482|press|Key.backspace
2019-11-25 13:33:54,530|release|Key.backspace
2019-11-25 13:33:54,651|press|Key.backspace
2019-11-25 13:33:54,728|release|Key.backspace
2019-11-25 13:33:54,840|press|Key.backspace
2019-11-25 13:33:54,949|release|Key.backspace
2019-11-25 13:33:57,643|press|Key.backspace
2019-11-25 13:33:58,145|press|Key.backspace
2019-11-25 13:33:58,229|press|Key.backspace
2019-11-25 13:33:58,313|press|Key.backspace
2019-11-25 13:33:58,398|press|Key.backspace
2019-11-25 13:33:58,424|release|Key.backspace
2019-11-25 13:33:58,530|press|Key.backspace
2019-11-25 13:33:58,595|release|Key.backspace
2019-11-25 13:33:58,690|press|Key.backspace
2019-11-25 13:33:58,755|release|Key.backspace
2019-11-25 13:33:58,843|press|Key.backspace
2019-11-25 13:33:58,916|release|Key.backspace
2019-11-25 13:33:59,000|press|Key.backspace
2019-11-25 13:33:59,061|release|Key.backspace
2019-11-25 13:33:59,149|press|Key.backspace
2019-11-25 13:33:59,214|release|Key.backspace
2019-11-25 13:33:59,293|press|Key.backspace
2019-11-25 13:33:59,390|release|Key.backspace
2019-11-25 13:33:59,785|press|'д'
2019-11-25 13:33:59,864|press|'л'
2019-11-25 13:33:59,892|release|'д'
2019-11-25 13:33:59,969|release|'л'
2019-11-25 13:33:59,990|press|'я'
2019-11-25 13:34:00,078|release|'я'
2019-11-25 13:34:00,079|press|Key.space
2019-11-25 13:34:00,183|release|Key.space
2019-11-25 13:34:00,709|press|'п'
2019-11-25 13:34:00,790|release|'п'
2019-11-25 13:34:00,842|press|'о'
2019-11-25 13:34:00,919|release|'о'
2019-11-25 13:34:01,349|press|'д'
2019-11-25 13:34:01,425|release|'д'
2019-11-25 13:34:01,498|press|'д'
2019-11-25 13:34:01,559|release|'д'
2019-11-25 13:34:01,644|press|'е'
2019-11-25 13:34:01,736|press|'р'
2019-11-25 13:34:01,747|release|'е'
2019-11-25 13:34:01,840|release|'р'
2019-11-25 13:34:01,972|press|'ж'
2019-11-25 13:34:02,092|release|'ж'
2019-11-25 13:34:02,189|press|'с'
2019-11-25 13:34:02,284|release|'с'
2019-11-25 13:34:02,405|press|'к'
2019-11-25 13:34:02,481|press|'и'
2019-11-25 13:34:02,489|release|'к'
2019-11-25 13:34:02,562|release|'и'
2019-11-25 13:34:02,922|press|Key.backspace
2019-11-25 13:34:03,014|release|Key.backspace
2019-11-25 13:34:03,110|press|Key.backspace
2019-11-25 13:34:03,155|release|Key.backspace
2019-11-25 13:34:03,231|press|Key.backspace
2019-11-25 13:34:03,311|release|Key.backspace
2019-11-25 13:34:03,872|press|'к'
2019-11-25 13:34:03,973|press|'и'
2019-11-25 13:34:03,974|release|'к'
2019-11-25 13:34:04,049|release|'и'
2019-11-25 13:34:05,636|press|Key.space
2019-11-25 13:34:05,764|release|Key.space
2019-11-25 13:34:06,461|press|Key.shift_r
2019-11-25 13:34:06,680|release|Key.shift_r
2019-11-25 13:34:07,639|press|Key.enter
2019-11-25 13:34:07,728|release|Key.enter
2019-11-25 13:34:09,098|press|Key.enter
2019-11-25 13:34:09,157|release|Key.enter
2019-11-25 13:34:09,698|press|Key.backspace
2019-11-25 13:34:09,818|release|Key.backspace
2019-11-25 13:34:09,943|press|Key.backspace
2019-11-25 13:34:09,984|release|Key.backspace
2019-11-25 13:34:11,254|press|Key.enter
2019-11-25 13:34:11,319|release|Key.enter
2019-11-25 13:34:11,413|press|Key.enter
2019-11-25 13:34:11,481|release|Key.enter
2019-11-25 13:34:12,047|press|Key.backspace
2019-11-25 13:34:12,143|release|Key.backspace
2019-11-25 13:34:12,250|press|Key.backspace
2019-11-25 13:34:12,315|release|Key.backspace
2019-11-25 13:34:12,830|press|Key.enter
2019-11-25 13:34:12,895|release|Key.enter
2019-11-25 13:34:12,989|press|Key.enter
2019-11-25 13:34:13,042|release|Key.enter
2019-11-25 13:34:13,413|press|Key.backspace
2019-11-25 13:34:13,478|release|Key.backspace
2019-11-25 13:34:13,931|press|Key.backspace
2019-11-25 13:34:13,997|release|Key.backspace
2019-11-25 13:34:15,021|press|Key.enter
2019-11-25 13:34:15,031|release|Key.enter
2019-11-25 13:34:15,124|press|Key.enter
2019-11-25 13:34:15,181|release|Key.enter
2019-11-25 13:34:15,652|press|Key.backspace
2019-11-25 13:34:15,713|release|Key.backspace
2019-11-25 13:34:19,927|press|Key.backspace
2019-11-25 13:34:20,030|release|Key.backspace
2019-11-25 13:34:20,684|press|Key.enter
2019-11-25 13:34:20,744|release|Key.enter
2019-11-25 13:34:20,842|press|Key.enter
2019-11-25 13:34:20,910|release|Key.enter
2019-11-25 13:34:21,430|press|Key.backspace
2019-11-25 13:34:21,462|release|Key.backspace
2019-11-25 13:34:22,113|press|Key.backspace
2019-11-25 13:34:22,193|release|Key.backspace
2019-11-25 13:34:22,697|press|Key.enter
2019-11-25 13:34:22,720|release|Key.enter
2019-11-25 13:34:23,788|press|Key.backspace
2019-11-25 13:34:23,829|release|Key.backspace
2019-11-25 13:34:23,849|press|Key.backspace
2019-11-25 13:34:23,881|release|Key.backspace
2019-11-25 13:34:31,266|press|Key.down
2019-11-25 13:34:31,392|release|Key.down
2019-11-25 13:34:32,093|press|Key.up
2019-11-25 13:34:32,234|release|Key.up
2019-11-25 13:34:32,762|press|Key.enter
2019-11-25 13:34:32,875|release|Key.enter
2019-11-25 13:34:36,783|press|'4'
2019-11-25 13:34:36,880|release|'4'
2019-11-25 13:34:36,928|press|Key.space
2019-11-25 13:34:37,048|release|Key.space
2019-11-25 13:34:37,076|press|'д'
2019-11-25 13:34:37,189|release|'д'
2019-11-25 13:34:37,352|press|'н'
2019-11-25 13:34:37,452|release|'н'
2019-11-25 13:34:37,464|press|'я'
2019-11-25 13:34:37,573|release|'я'
2019-11-25 13:34:37,607|press|Key.space
2019-11-25 13:34:37,691|release|Key.space
2019-11-25 13:34:38,181|press|Key.enter
2019-11-25 13:34:38,258|release|Key.enter
2019-11-25 13:34:38,675|press|Key.backspace
2019-11-25 13:34:38,760|release|Key.backspace
2019-11-25 13:34:38,920|press|Key.backspace
2019-11-25 13:34:39,001|release|Key.backspace
2019-11-25 13:34:39,101|press|Key.backspace
2019-11-25 13:34:39,178|release|Key.backspace
2019-11-25 13:34:39,267|press|Key.backspace
2019-11-25 13:34:39,336|release|Key.backspace
2019-11-25 13:34:39,434|press|Key.backspace
2019-11-25 13:34:39,498|release|Key.backspace
2019-11-25 13:34:39,589|press|Key.backspace
2019-11-25 13:34:39,670|release|Key.backspace
2019-11-25 13:34:39,845|press|Key.backspace
2019-11-25 13:34:39,938|release|Key.backspace
2019-11-25 13:34:40,173|press|Key.backspace
2019-11-25 13:34:40,258|release|Key.backspace
2019-11-25 13:34:42,179|press|'ю'
2019-11-25 13:34:42,276|release|'ю'
2019-11-25 13:34:42,562|press|Key.backspace
2019-11-25 13:34:42,670|release|Key.backspace
2019-11-25 13:34:43,094|press|Key.shift_r
2019-11-25 13:34:43,537|press|'.'
2019-11-25 13:34:43,601|release|'.'
2019-11-25 13:34:43,666|release|Key.shift_r
2019-11-25 13:34:44,015|press|Key.enter
2019-11-25 13:34:44,095|release|Key.enter
2019-11-25 13:34:44,818|press|Key.backspace
2019-11-25 13:34:44,858|release|Key.backspace
2019-11-25 13:34:45,458|press|Key.enter
2019-11-25 13:34:45,531|release|Key.enter
2019-11-25 13:34:45,611|press|Key.enter
2019-11-25 13:34:45,688|release|Key.enter
2019-11-25 13:34:46,085|press|Key.backspace
2019-11-25 13:34:46,165|release|Key.backspace
2019-11-25 13:34:46,288|press|Key.backspace
2019-11-25 13:34:46,373|release|Key.backspace
2019-11-25 13:34:50,269|press|Key.enter
2019-11-25 13:34:50,344|release|Key.enter
2019-11-25 13:34:50,829|press|Key.enter
2019-11-25 13:34:50,886|release|Key.enter
2019-11-25 13:34:51,223|press|Key.backspace
2019-11-25 13:34:51,317|release|Key.backspace
2019-11-25 13:34:51,413|press|Key.backspace
2019-11-25 13:34:51,489|release|Key.backspace
2019-11-25 13:35:05,971|press|Key.enter
2019-11-25 13:35:06,064|release|Key.enter
2019-11-25 13:35:08,831|press|'4'
2019-11-25 13:35:08,934|press|Key.space
2019-11-25 13:35:08,941|release|'4'
2019-11-25 13:35:09,118|release|Key.space
2019-11-25 13:35:09,140|press|'д'
2019-11-25 13:35:09,257|release|'д'
2019-11-25 13:35:09,418|press|'н'
2019-11-25 13:35:09,525|press|'я'
2019-11-25 13:35:09,533|release|'н'
2019-11-25 13:35:09,630|release|'я'
2019-11-25 13:35:10,341|press|Key.space
2019-11-25 13:35:10,458|release|Key.space
2019-11-25 13:35:11,131|press|Key.enter
2019-11-25 13:35:11,244|release|Key.enter
2019-11-25 13:35:11,814|press|'с'
2019-11-25 13:35:11,922|release|'с'
2019-11-25 13:35:11,992|press|'а'
2019-11-25 13:35:12,099|release|'а'
2019-11-25 13:35:12,112|press|'м'
2019-11-25 13:35:12,188|release|'м'
2019-11-25 13:35:12,195|press|'а'
2019-11-25 13:35:12,276|release|'а'
2019-11-25 13:35:12,436|press|'я'
2019-11-25 13:35:12,552|release|'я'
2019-11-25 13:35:12,583|press|Key.space
2019-11-25 13:35:12,700|release|Key.space
2019-11-25 13:35:12,995|press|'к'
2019-11-25 13:35:13,079|release|'к'
2019-11-25 13:35:13,247|press|'у'
2019-11-25 13:35:13,347|release|'у'
2019-11-25 13:35:13,347|press|'р'
2019-11-25 13:35:13,431|release|'р'
2019-11-25 13:35:13,535|press|'а'
2019-11-25 13:35:13,619|release|'а'
2019-11-25 13:35:13,677|press|'п'
2019-11-25 13:35:13,789|release|'п'
2019-11-25 13:35:14,693|press|Key.backspace
2019-11-25 13:35:14,791|release|Key.backspace
2019-11-25 13:35:14,871|press|Key.backspace
2019-11-25 13:35:14,951|release|Key.backspace
2019-11-25 13:35:15,047|press|Key.backspace
2019-11-25 13:35:15,139|release|Key.backspace
2019-11-25 13:35:15,221|press|Key.backspace
2019-11-25 13:35:15,285|release|Key.backspace
2019-11-25 13:35:15,784|press|'р'
2019-11-25 13:35:15,888|press|'у'
2019-11-25 13:35:15,889|release|'р'
2019-11-25 13:35:16,004|release|'у'
2019-11-25 13:35:16,023|press|'п'
2019-11-25 13:35:16,107|release|'п'
2019-11-25 13:35:16,153|press|'н'
2019-11-25 13:35:16,237|press|'а'
2019-11-25 13:35:16,249|release|'н'
2019-11-25 13:35:16,317|release|'а'
2019-11-25 13:35:16,475|press|'я'
2019-11-25 13:35:16,591|release|'я'
2019-11-25 13:35:17,844|press|Key.space
2019-11-25 13:35:17,980|release|Key.space
2019-11-25 13:35:18,084|press|'п'
2019-11-25 13:35:18,212|release|'п'
2019-11-25 13:35:18,239|press|'л'
2019-11-25 13:35:18,303|press|'о'
2019-11-25 13:35:18,327|release|'л'
2019-11-25 13:35:18,375|release|'о'
2019-11-25 13:35:18,740|press|'щ'
2019-11-25 13:35:18,836|release|'щ'
2019-11-25 13:35:18,850|press|'а'
2019-11-25 13:35:18,954|release|'а'
2019-11-25 13:35:18,962|press|'д'
2019-11-25 13:35:19,043|release|'д'
2019-11-25 13:35:19,077|press|'к'
2019-11-25 13:35:19,169|release|'к'
2019-11-25 13:35:19,248|press|'а'
2019-11-25 13:35:19,357|release|'а'
2019-11-25 13:35:19,365|press|Key.space
2019-11-25 13:35:19,485|release|Key.space
2019-11-25 13:35:20,324|press|'з'
2019-11-25 13:35:20,440|press|'а'
2019-11-25 13:35:20,441|release|'з'
2019-11-25 13:35:20,536|release|'а'
2019-11-25 13:35:20,568|press|Key.space
2019-11-25 13:35:20,692|release|Key.space
2019-11-25 13:35:20,807|press|'в'
2019-11-25 13:35:20,895|release|'в'
2019-11-25 13:35:21,022|press|'с'
2019-11-25 13:35:21,114|release|'с'
2019-11-25 13:35:21,211|press|'ю'
2019-11-25 13:35:21,307|release|'ю'
2019-11-25 13:35:21,343|press|Key.space
2019-11-25 13:35:21,440|release|Key.space
2019-11-25 13:35:21,669|press|'с'
2019-11-25 13:35:21,721|release|'с'
2019-11-25 13:35:21,724|press|'и'
2019-11-25 13:35:21,821|release|'и'
2019-11-25 13:35:22,430|press|Key.backspace
2019-11-25 13:35:22,522|release|Key.backspace
2019-11-25 13:35:22,591|press|Key.backspace
2019-11-25 13:35:22,659|release|Key.backspace
2019-11-25 13:35:22,821|press|'и'
2019-11-25 13:35:22,905|release|'и'
2019-11-25 13:35:22,924|press|'с'
2019-11-25 13:35:23,020|release|'с'
2019-11-25 13:35:23,032|press|'т'
2019-11-25 13:35:23,120|press|'о'
2019-11-25 13:35:23,164|release|'т'
2019-11-25 13:35:23,236|release|'о'
2019-11-25 13:35:23,354|press|'р'
2019-11-25 13:35:23,438|press|'и'
2019-11-25 13:35:23,474|release|'р'
2019-11-25 13:35:23,542|release|'и'
2019-11-25 13:35:23,881|press|'ю'
2019-11-25 13:35:23,994|release|'ю'
2019-11-25 13:35:29,045|press|Key.space
2019-11-25 13:35:29,166|release|Key.space
2019-11-25 13:35:29,514|press|'п'
2019-11-25 13:35:29,605|press|'р'
2019-11-25 13:35:29,625|release|'п'
2019-11-25 13:35:29,686|press|'о'
2019-11-25 13:35:29,734|release|'р'
2019-11-25 13:35:29,774|release|'о'
2019-11-25 13:35:29,806|press|'в'
2019-11-25 13:35:29,910|release|'в'
2019-11-25 13:35:30,015|press|'е'
2019-11-25 13:35:30,095|press|'д'
2019-11-25 13:35:30,110|release|'е'
2019-11-25 13:35:30,179|release|'д'
2019-11-25 13:35:30,217|press|'е'
2019-11-25 13:35:30,301|release|'е'
2019-11-25 13:35:30,373|press|'н'
2019-11-25 13:35:30,460|press|'и'
2019-11-25 13:35:30,488|release|'н'
2019-11-25 13:35:30,533|release|'и'
2019-11-25 13:35:30,637|press|'я'
2019-11-25 13:35:30,746|release|'я'
2019-11-25 13:35:36,271|press|Key.space
2019-11-25 13:35:36,399|release|Key.space
2019-11-25 13:35:36,675|press|'у'
2019-11-25 13:35:36,759|release|'у'
2019-11-25 13:35:36,766|press|'к'
2019-11-25 13:35:36,931|release|'к'
2019-11-25 13:35:37,028|press|'о'
2019-11-25 13:35:37,136|release|'о'
2019-11-25 13:35:37,657|press|Key.backspace
2019-11-25 13:35:37,766|release|Key.backspace
2019-11-25 13:35:37,857|press|Key.backspace
2019-11-25 13:35:37,942|release|Key.backspace
2019-11-25 13:35:38,206|press|Key.backspace
2019-11-25 13:35:38,299|release|Key.backspace
2019-11-25 13:35:38,436|press|'к'
2019-11-25 13:35:38,544|release|'к'
2019-11-25 13:35:38,549|press|'о'
2019-11-25 13:35:38,617|release|'о'
2019-11-25 13:35:38,712|press|'н'
2019-11-25 13:35:38,809|release|'н'
2019-11-25 13:35:38,873|press|'к'
2019-11-25 13:35:38,958|release|'к'
2019-11-25 13:35:39,026|press|'у'
2019-11-25 13:35:39,134|press|'р'
2019-11-25 13:35:39,137|release|'у'
2019-11-25 13:35:39,230|release|'р'
2019-11-25 13:35:39,410|press|'с'
2019-11-25 13:35:39,495|release|'с'
2019-11-25 13:35:39,584|press|'а'
2019-11-25 13:35:39,661|release|'а'
2019-11-25 13:35:40,557|press|Key.enter
2019-11-25 13:35:40,653|release|Key.enter
2019-11-25 13:35:41,479|press|'5'
2019-11-25 13:35:41,580|release|'5'
2019-11-25 13:35:41,684|press|'0'
2019-11-25 13:35:41,760|release|'0'
2019-11-25 13:35:42,047|press|'0'
2019-11-25 13:35:42,115|release|'0'
2019-11-25 13:35:42,231|press|'0'
2019-11-25 13:35:42,303|release|'0'
2019-11-25 13:35:43,120|press|Key.space
2019-11-25 13:35:43,241|release|Key.space
2019-11-25 13:35:43,358|press|'у'
2019-11-25 13:35:43,507|release|'у'
2019-11-25 13:35:43,661|press|'ч'
2019-11-25 13:35:43,786|release|'ч'
2019-11-25 13:35:43,876|press|'а'
2019-11-25 13:35:43,957|release|'а'
2019-11-25 13:35:44,024|press|'с'
2019-11-25 13:35:44,112|press|'т'
2019-11-25 13:35:44,127|release|'с'
2019-11-25 13:35:44,189|release|'т'
2019-11-25 13:35:44,274|press|'н'
2019-11-25 13:35:44,346|press|'и'
2019-11-25 13:35:44,390|release|'н'
2019-11-25 13:35:44,447|release|'и'
2019-11-25 13:35:44,450|press|'к'
2019-11-25 13:35:44,554|press|'о'
2019-11-25 13:35:44,562|release|'к'
2019-11-25 13:35:44,651|release|'о'
2019-11-25 13:35:44,669|press|'в'
2019-11-25 13:35:44,778|release|'в'
2019-11-25 13:35:45,212|press|Key.enter
2019-11-25 13:35:45,341|release|Key.enter
2019-11-25 13:35:47,045|press|'ш'
2019-11-25 13:35:47,131|press|'о'
2019-11-25 13:35:47,168|release|'ш'
2019-11-25 13:35:47,229|release|'о'
2019-11-25 13:35:47,292|press|'у'
2019-11-25 13:35:47,405|release|'у'
2019-11-25 13:35:47,938|press|Key.space
2019-11-25 13:35:48,067|release|Key.space
2019-11-25 13:35:48,451|press|'ф'
2019-11-25 13:35:48,584|release|'ф'
2019-11-25 13:35:48,826|press|'е'
2019-11-25 13:35:48,931|release|'е'
2019-11-25 13:35:49,109|press|'й'
2019-11-25 13:35:49,208|release|'й'
2019-11-25 13:35:49,386|press|'е'
2019-11-25 13:35:49,478|release|'е'
2019-11-25 13:35:49,527|press|'р'
2019-11-25 13:35:49,616|release|'р'
2019-11-25 13:35:49,668|press|'в'
2019-11-25 13:35:49,765|release|'в'
2019-11-25 13:35:49,938|press|'е'
2019-11-25 13:35:50,043|release|'е'
2019-11-25 13:35:50,088|press|'р'
2019-11-25 13:35:50,168|release|'р'
2019-11-25 13:35:50,202|press|'к'
2019-11-25 13:35:50,270|release|'к'
2019-11-25 13:35:50,294|press|'о'
2019-11-25 13:35:50,374|release|'о'
2019-11-25 13:35:50,529|press|'в'
2019-11-25 13:35:50,606|release|'в'
2019-11-25 13:35:51,551|press|Key.space
2019-11-25 13:35:51,684|release|Key.space
2019-11-25 13:35:51,926|press|'п'
2019-11-25 13:35:52,042|release|'п'
2019-11-25 13:35:52,157|press|'р'
2019-11-25 13:35:52,213|press|'и'
2019-11-25 13:35:52,241|release|'р'
2019-11-25 13:35:52,317|release|'и'
2019-11-25 13:35:52,381|press|Key.space
2019-11-25 13:35:52,493|release|Key.space
2019-11-25 13:35:52,594|press|'у'
2019-11-25 13:35:52,687|release|'у'
2019-11-25 13:35:52,854|press|'ч'
2019-11-25 13:35:52,926|release|'ч'
2019-11-25 13:35:53,041|press|'а'
2019-11-25 13:35:53,105|release|'а'
2019-11-25 13:35:53,220|press|'с'
2019-11-25 13:35:53,296|release|'с'
2019-11-25 13:35:53,371|press|'т'
2019-11-25 13:35:53,443|release|'т'
2019-11-25 13:35:53,545|press|'и'
2019-11-25 13:35:53,610|release|'и'
2019-11-25 13:35:53,670|press|'и'
2019-11-25 13:35:53,746|release|'и'
2019-11-25 13:35:53,852|press|Key.space
2019-11-25 13:35:53,968|release|Key.space
2019-11-25 13:35:54,201|press|'в'
2019-11-25 13:35:54,286|release|'в'
2019-11-25 13:35:54,377|press|'с'
2019-11-25 13:35:54,457|release|'с'
2019-11-25 13:35:54,580|press|'е'
2019-11-25 13:35:54,656|press|'м'
2019-11-25 13:35:54,669|release|'е'
2019-11-25 13:35:54,732|release|'м'
2019-11-25 13:35:54,826|press|'и'
2019-11-25 13:35:54,910|release|'и'
2019-11-25 13:35:54,948|press|'р'
2019-11-25 13:35:55,024|release|'р'
2019-11-25 13:35:55,156|press|'н'
2019-11-25 13:35:55,262|release|'н'
2019-11-25 13:35:55,335|press|'о'
2019-11-25 13:35:55,435|release|'о'
2019-11-25 13:35:55,490|press|Key.space
2019-11-25 13:35:55,582|release|Key.space
2019-11-25 13:35:55,960|press|'и'
2019-11-25 13:35:56,036|release|'и'
2019-11-25 13:35:56,445|press|'з'
2019-11-25 13:35:56,545|release|'з'
2019-11-25 13:35:56,583|press|'в'
2019-11-25 13:35:56,667|release|'в'
2019-11-25 13:35:56,782|press|'е'
2019-11-25 13:35:56,866|release|'е'
2019-11-25 13:35:56,971|press|'с'
2019-11-25 13:35:57,039|press|'т'
2019-11-25 13:35:57,051|release|'с'
2019-11-25 13:35:57,119|release|'т'
2019-11-25 13:35:57,214|press|'н'
2019-11-25 13:35:57,290|press|'ы'
2019-11-25 13:35:57,297|release|'н'
2019-11-25 13:35:57,375|release|'ы'
2019-11-25 13:35:57,768|press|'х'
2019-11-25 13:35:57,876|release|'х'
2019-11-25 13:36:00,259|press|Key.space
2019-11-25 13:36:00,403|release|Key.space
2019-11-25 13:36:00,852|press|'п'
2019-11-25 13:36:00,949|release|'п'
2019-11-25 13:36:00,993|press|'и'
2019-11-25 13:36:01,085|release|'и'
2019-11-25 13:36:01,182|press|'р'
2019-11-25 13:36:01,270|release|'р'
2019-11-25 13:36:01,335|press|'о'
2019-11-25 13:36:01,403|release|'о'
2019-11-25 13:36:01,491|press|'т'
2019-11-25 13:36:01,560|release|'т'
2019-11-25 13:36:01,585|press|'е'
2019-11-25 13:36:01,657|release|'е'
2019-11-25 13:36:01,914|press|'з'
2019-11-25 13:36:01,982|release|'з'
2019-11-25 13:36:02,446|press|Key.backspace
2019-11-25 13:36:02,593|release|Key.backspace
2019-11-25 13:36:03,103|press|'х'
2019-11-25 13:36:03,175|release|'х'
2019-11-25 13:36:03,368|press|'н'
2019-11-25 13:36:03,448|press|'и'
2019-11-25 13:36:03,504|release|'н'
2019-11-25 13:36:03,540|press|'к'
2019-11-25 13:36:03,547|release|'и'
2019-11-25 13:36:03,660|press|'о'
2019-11-25 13:36:03,661|release|'к'
2019-11-25 13:36:03,740|release|'о'
2019-11-25 13:36:03,768|press|'в'
2019-11-25 13:36:03,896|release|'в'
2019-11-25 13:36:04,194|press|Key.enter
2019-11-25 13:36:04,306|release|Key.enter
2019-11-25 13:36:05,833|press|'7'
2019-11-25 13:36:05,901|release|'7'
2019-11-25 13:36:05,970|press|Key.space
2019-11-25 13:36:06,074|release|Key.space
2019-11-25 13:36:06,211|press|'д'
2019-11-25 13:36:06,298|release|'д'
2019-11-25 13:36:06,466|press|'н'
2019-11-25 13:36:06,530|release|'н'
2019-11-25 13:36:06,550|press|'е'
2019-11-25 13:36:06,634|release|'е'
2019-11-25 13:36:06,799|press|'й'
2019-11-25 13:36:06,919|release|'й'
2019-11-25 13:36:06,974|press|Key.space
2019-11-25 13:36:07,062|release|Key.space
2019-11-25 13:36:08,255|press|Key.enter
2019-11-25 13:36:08,351|release|Key.enter
2019-11-25 13:36:09,124|press|'7'
2019-11-25 13:36:09,216|release|'7'
2019-11-25 13:36:09,312|press|Key.space
2019-11-25 13:36:09,396|release|Key.space
2019-11-25 13:36:09,566|press|'п'
2019-11-25 13:36:09,666|release|'п'
2019-11-25 13:36:09,715|press|'л'
2019-11-25 13:36:09,791|press|'о'
2019-11-25 13:36:09,819|release|'л'
2019-11-25 13:36:09,875|release|'о'
2019-11-25 13:36:10,166|press|'щ'
2019-11-25 13:36:10,255|release|'щ'
2019-11-25 13:36:10,311|press|'а'
2019-11-25 13:36:10,399|release|'а'
2019-11-25 13:36:10,510|press|'д'
2019-11-25 13:36:10,590|release|'д'
2019-11-25 13:36:10,667|press|'о'
2019-11-25 13:36:10,747|release|'о'
2019-11-25 13:36:10,792|press|'к'
2019-11-25 13:36:10,904|release|'к'
2019-11-25 13:36:11,381|press|Key.enter
2019-11-25 13:36:11,473|release|Key.enter
2019-11-25 13:36:12,203|press|'7'
2019-11-25 13:36:12,284|release|'7'
2019-11-25 13:36:12,434|press|'с'
2019-11-25 13:36:12,550|release|'с'
2019-11-25 13:36:12,600|press|'т'
2019-11-25 13:36:12,672|release|'т'
2019-11-25 13:36:12,770|press|'р'
2019-11-25 13:36:12,862|release|'р'
2019-11-25 13:36:12,898|press|'а'
2019-11-25 13:36:12,986|press|'н'
2019-11-25 13:36:12,999|release|'а'
2019-11-25 13:36:13,083|release|'н'
2019-11-25 13:36:13,997|press|Key.left
2019-11-25 13:36:14,089|release|Key.left
2019-11-25 13:36:14,180|press|Key.left
2019-11-25 13:36:14,268|release|Key.left
2019-11-25 13:36:14,348|press|Key.left
2019-11-25 13:36:14,408|release|Key.left
2019-11-25 13:36:14,488|press|Key.left
2019-11-25 13:36:14,564|release|Key.left
2019-11-25 13:36:14,620|press|Key.left
2019-11-25 13:36:14,656|release|Key.left
2019-11-25 13:36:15,414|press|Key.space
2019-11-25 13:36:15,502|release|Key.space
2019-11-25 13:36:56,728|press|Key.enter
2019-11-25 13:36:56,801|release|Key.enter
2019-11-25 13:36:57,602|press|Key.shift_r
2019-11-25 13:36:57,826|press|'В'
2019-11-25 13:36:57,862|release|'В'
2019-11-25 13:36:57,875|release|Key.shift_r
2019-11-25 13:36:57,970|press|'с'
2019-11-25 13:36:58,038|release|'с'
2019-11-25 13:36:58,152|press|'е'
2019-11-25 13:36:58,256|release|'е'
2019-11-25 13:36:58,274|press|Key.space
2019-11-25 13:36:58,390|release|Key.space
2019-11-25 13:36:58,467|press|'б'
2019-11-25 13:36:58,579|press|'е'
2019-11-25 13:36:58,599|release|'б'
2019-11-25 13:36:58,679|release|'е'
2019-11-25 13:36:58,819|press|'с'
2019-11-25 13:36:58,927|release|'с'
2019-11-25 13:36:59,309|press|'п'
2019-11-25 13:36:59,421|release|'п'
2019-11-25 13:36:59,571|press|'а'
2019-11-25 13:36:59,675|release|'а'
2019-11-25 13:36:59,767|press|'т'
2019-11-25 13:36:59,839|release|'т'
2019-11-25 13:36:59,989|press|'н'
2019-11-25 13:37:00,084|release|'н'
2019-11-25 13:37:00,166|press|'о'
2019-11-25 13:37:00,242|release|'о'
2019-11-25 13:37:00,466|press|Key.backspace
2019-11-25 13:37:00,590|release|Key.backspace
2019-11-25 13:37:00,665|press|Key.backspace
2019-11-25 13:37:00,741|release|Key.backspace
2019-11-25 13:37:00,820|press|Key.backspace
2019-11-25 13:37:00,928|release|Key.backspace
2019-11-25 13:37:01,681|press|Key.backspace
2019-11-25 13:37:01,782|release|Key.backspace
2019-11-25 13:37:02,744|press|'л'
2019-11-25 13:37:02,828|press|'а'
2019-11-25 13:37:02,835|release|'л'
2019-11-25 13:37:02,948|release|'а'
2019-11-25 13:37:02,951|press|'т'
2019-11-25 13:37:03,048|release|'т'
2019-11-25 13:37:03,130|press|'н'
2019-11-25 13:37:03,246|press|'о'
2019-11-25 13:37:03,286|release|'н'
2019-11-25 13:37:03,327|release|'о'
2019-11-25 13:37:34,794|press|'ч'
2019-11-25 13:37:34,942|release|'ч'
2019-11-25 13:37:35,527|press|Key.backspace
2019-11-25 13:37:35,659|release|Key.backspace
2019-11-25 13:37:35,883|press|Key.cmd
2019-11-25 13:37:36,059|press|Key.space
2019-11-25 13:37:36,116|release|Key.cmd
2019-11-25 13:37:36,191|release|Key.space
2019-11-25 13:37:36,484|press|'2'
2019-11-25 13:37:36,624|release|'2'
2019-11-25 13:37:36,779|press|Key.enter
2019-11-25 13:37:36,892|release|Key.enter
2019-11-25 13:38:30,545|press|'3'
2019-11-25 13:38:30,637|release|'3'
2019-11-25 13:38:30,921|press|Key.enter
