2019-11-23 01:35:04,221|release|Key.enter
2019-11-23 01:35:47,807|press|<131>
2019-11-23 01:35:47,886|release|<131>
2019-11-23 01:37:24,290|press|Key.shift
2019-11-23 01:37:24,564|press|'E'
2019-11-23 01:37:24,625|release|Key.shift
2019-11-23 01:37:24,650|release|'e'
2019-11-23 01:37:25,231|press|'k'
2019-11-23 01:37:25,331|release|'k'
2019-11-23 01:37:25,638|press|'b'
2019-11-23 01:37:25,738|release|'b'
2019-11-23 01:37:26,830|press|'w'
2019-11-23 01:37:26,902|press|'f'
2019-11-23 01:37:26,926|release|'w'
2019-11-23 01:37:26,990|release|'f'
2019-11-23 01:37:27,735|press|Key.backspace
2019-11-23 01:37:27,803|release|Key.backspace
2019-11-23 01:37:27,876|press|Key.backspace
2019-11-23 01:37:27,948|release|Key.backspace
2019-11-23 01:37:28,002|press|Key.backspace
2019-11-23 01:37:28,074|release|Key.backspace
2019-11-23 01:37:28,144|press|Key.backspace
2019-11-23 01:37:28,220|release|Key.backspace
2019-11-23 01:37:28,561|press|Key.backspace
2019-11-23 01:37:28,642|release|Key.backspace
2019-11-23 01:37:29,673|press|Key.cmd
2019-11-23 01:37:29,781|press|Key.space
2019-11-23 01:37:29,813|release|Key.cmd
2019-11-23 01:37:29,909|release|Key.space
2019-11-23 01:37:30,917|press|'у'
2019-11-23 01:37:31,001|press|'л'
2019-11-23 01:37:31,008|release|'у'
2019-11-23 01:37:31,093|release|'л'
2019-11-23 01:37:31,371|press|'и'
2019-11-23 01:37:31,435|release|'и'
2019-11-23 01:37:31,875|press|'ц'
2019-11-23 01:37:31,951|press|'а'
2019-11-23 01:37:31,987|release|'ц'
2019-11-23 01:37:32,047|release|'а'
2019-11-23 01:37:32,116|press|Key.space
2019-11-23 01:37:32,212|release|Key.space
2019-11-23 01:37:33,730|press|Key.backspace
2019-11-23 01:37:34,232|press|Key.backspace
2019-11-23 01:37:34,316|press|Key.backspace
2019-11-23 01:37:34,400|press|Key.backspace
2019-11-23 01:37:34,474|release|Key.backspace
2019-11-23 01:37:34,894|press|Key.backspace
2019-11-23 01:37:34,982|release|Key.backspace
2019-11-23 01:37:35,447|press|Key.backspace
2019-11-23 01:37:35,548|release|Key.backspace
2019-11-23 01:37:36,434|press|Key.shift
2019-11-23 01:37:36,781|press|'У'
2019-11-23 01:37:36,841|release|'У'
2019-11-23 01:37:36,858|release|Key.shift
2019-11-23 01:37:37,296|press|'л'
2019-11-23 01:37:37,388|release|'л'
2019-11-23 01:37:37,595|press|'и'
2019-11-23 01:37:37,684|release|'и'
2019-11-23 01:37:38,111|press|'ц'
2019-11-23 01:37:38,191|release|'ц'
2019-11-23 01:37:38,241|press|'а'
2019-11-23 01:37:38,330|release|'а'
2019-11-23 01:37:38,710|press|Key.space
2019-11-23 01:37:38,791|release|Key.space
2019-11-23 01:37:41,486|press|Key.shift
2019-11-23 01:37:41,885|press|'Д'
2019-11-23 01:37:41,982|release|'Д'
2019-11-23 01:37:41,990|release|Key.shift
2019-11-23 01:37:42,128|press|'о'
2019-11-23 01:37:42,209|release|'о'
2019-11-23 01:37:42,554|press|'х'
2019-11-23 01:37:42,623|release|'х'
2019-11-23 01:37:42,909|press|'о'
2019-11-23 01:37:42,989|release|'о'
2019-11-23 01:37:44,091|press|'д'
2019-11-23 01:37:44,163|release|'д'
2019-11-23 01:37:44,175|press|'ы'
2019-11-23 01:37:44,252|release|'ы'
2019-11-23 01:37:47,272|press|Key.tab
2019-11-23 01:37:47,381|release|Key.tab
2019-11-23 01:37:48,577|press|Key.shift
2019-11-23 01:37:48,793|press|'Н'
2019-11-23 01:37:48,864|release|'Н'
2019-11-23 01:37:48,868|release|Key.shift
2019-11-23 01:37:48,963|press|'о'
2019-11-23 01:37:49,040|release|'о'
2019-11-23 01:37:49,632|press|Key.backspace
2019-11-23 01:37:49,709|release|Key.backspace
2019-11-23 01:37:50,144|press|'а'
2019-11-23 01:37:50,208|release|'а'
2019-11-23 01:37:50,639|press|'л'
2019-11-23 01:37:50,707|release|'л'
2019-11-23 01:37:50,792|press|'о'
2019-11-23 01:37:50,857|release|'о'
2019-11-23 01:37:50,961|press|'г'
2019-11-23 01:37:51,034|release|'г'
2019-11-23 01:37:51,233|press|'и'
2019-11-23 01:37:51,313|release|'и'
2019-11-23 01:37:51,676|press|Key.tab
2019-11-23 01:37:51,749|release|Key.tab
2019-11-23 01:37:52,858|press|Key.shift
2019-11-23 01:37:53,038|press|'Р'
2019-11-23 01:37:53,118|release|Key.shift
2019-11-23 01:37:53,122|release|'р'
2019-11-23 01:37:53,265|press|'а'
2019-11-23 01:37:53,347|release|'а'
2019-11-23 01:37:53,421|press|'с'
2019-11-23 01:37:53,514|release|'с'
2019-11-23 01:37:53,774|press|'х'
2019-11-23 01:37:53,847|release|'х'
2019-11-23 01:37:54,089|press|'о'
2019-11-23 01:37:54,145|release|'о'
2019-11-23 01:37:54,581|press|'д'
2019-11-23 01:37:54,645|release|'д'
2019-11-23 01:37:54,719|press|'ы'
2019-11-23 01:37:54,788|release|'ы'
2019-11-23 01:37:58,960|press|Key.shift
2019-11-23 01:37:59,136|press|'М'
2019-11-23 01:37:59,203|release|'М'
2019-11-23 01:37:59,296|release|Key.shift
2019-11-23 01:37:59,441|press|'о'
2019-11-23 01:37:59,518|release|'о'
2019-11-23 01:37:59,756|press|'с'
2019-11-23 01:37:59,832|release|'с'
2019-11-23 01:37:59,986|press|'к'
2019-11-23 01:38:00,067|release|'к'
2019-11-23 01:38:00,934|press|'в'
2019-11-23 01:38:01,022|release|'в'
2019-11-23 01:38:01,054|press|'о'
2019-11-23 01:38:01,128|release|'о'
2019-11-23 01:38:01,236|press|'р'
2019-11-23 01:38:01,313|release|'р'
2019-11-23 01:38:01,465|press|'е'
2019-11-23 01:38:01,529|release|'е'
2019-11-23 01:38:01,932|press|'ч'
2019-11-23 01:38:02,020|press|'ь'
2019-11-23 01:38:02,020|release|'ч'
2019-11-23 01:38:02,101|release|'ь'
2019-11-23 01:38:02,337|press|'е'
2019-11-23 01:38:02,401|release|'е'
2019-11-23 01:38:04,878|press|Key.tab
2019-11-23 01:38:04,959|release|Key.tab
2019-11-23 01:38:12,453|press|'1'
2019-11-23 01:38:12,517|press|'8'
2019-11-23 01:38:12,541|release|'1'
2019-11-23 01:38:12,606|release|'8'
2019-11-23 01:38:12,839|press|Key.space
2019-11-23 01:38:12,920|release|Key.space
2019-11-23 01:38:14,986|press|'9'
2019-11-23 01:38:15,079|release|'9'
2019-11-23 01:38:16,193|press|'6'
2019-11-23 01:38:16,245|release|'6'
2019-11-23 01:38:16,660|press|'3'
2019-11-23 01:38:16,721|release|'3'
2019-11-23 01:38:18,016|press|Key.space
2019-11-23 01:38:18,101|release|Key.space
2019-11-23 01:38:19,657|press|'7'
2019-11-23 01:38:19,742|release|'7'
2019-11-23 01:38:19,865|press|'8'
2019-11-23 01:38:19,942|release|'8'
2019-11-23 01:38:20,020|press|'8'
2019-11-23 01:38:20,089|release|'8'
2019-11-23 01:38:21,758|press|Key.tab
2019-11-23 01:38:21,854|release|Key.tab
2019-11-23 01:38:53,551|press|'2'
2019-11-23 01:38:53,622|release|'2'
2019-11-23 01:38:53,631|press|Key.space
2019-11-23 01:38:53,707|release|Key.space
2019-11-23 01:38:56,141|press|'4'
2019-11-23 01:38:56,234|release|'4'
2019-11-23 01:38:56,261|press|'6'
2019-11-23 01:38:56,334|release|'6'
2019-11-23 01:38:56,441|press|'5'
2019-11-23 01:38:56,518|release|'5'
2019-11-23 01:38:57,936|press|Key.space
2019-11-23 01:38:58,021|release|Key.space
2019-11-23 01:39:00,305|press|'2'
2019-11-23 01:39:00,401|release|'2'
2019-11-23 01:39:00,405|press|'9'
2019-11-23 01:39:00,486|release|'9'
2019-11-23 01:39:01,852|press|'2'
2019-11-23 01:39:01,945|release|'2'
2019-11-23 01:39:04,254|press|Key.shift
2019-11-23 01:39:04,453|press|','
2019-11-23 01:39:04,525|release|','
2019-11-23 01:39:04,534|release|Key.shift
2019-11-23 01:39:05,948|press|'4'
2019-11-23 01:39:06,028|release|'4'
2019-11-23 01:39:06,103|press|'4'
2019-11-23 01:39:06,164|release|'4'
2019-11-23 01:39:07,431|press|Key.tab
2019-11-23 01:39:07,520|release|Key.tab
2019-11-23 01:39:10,702|press|'8'
2019-11-23 01:39:10,815|release|'8'
2019-11-23 01:39:11,904|press|'9'
2019-11-23 01:39:11,981|release|'9'
2019-11-23 01:39:12,217|press|'7'
2019-11-23 01:39:12,294|release|'7'
2019-11-23 01:39:12,524|press|Key.space
2019-11-23 01:39:12,612|release|Key.space
2019-11-23 01:39:13,998|press|'2'
2019-11-23 01:39:14,098|release|'2'
2019-11-23 01:39:14,357|press|'3'
2019-11-23 01:39:14,471|release|'3'
2019-11-23 01:39:14,578|press|'4'
2019-11-23 01:39:14,667|release|'4'
2019-11-23 01:39:16,499|press|Key.shift
2019-11-23 01:39:16,715|press|','
2019-11-23 01:39:16,795|release|','
2019-11-23 01:39:16,808|release|Key.shift
2019-11-23 01:39:19,918|press|Key.tab
2019-11-23 01:39:19,998|release|Key.tab
2019-11-23 01:39:23,628|press|Key.shift
2019-11-23 01:39:24,347|press|'К'
2019-11-23 01:39:24,414|release|Key.shift
2019-11-23 01:39:24,418|release|'к'
2019-11-23 01:39:24,577|press|'е'
2019-11-23 01:39:24,645|release|'е'
2019-11-23 01:39:25,547|press|'р'
2019-11-23 01:39:25,635|release|'р'
2019-11-23 01:39:25,917|press|'ч'
2019-11-23 01:39:26,027|release|'ч'
2019-11-23 01:39:27,714|press|'е'
2019-11-23 01:39:27,798|release|'е'
2019-11-23 01:39:28,254|press|'н'
2019-11-23 01:39:28,338|release|'н'
2019-11-23 01:39:28,647|press|'с'
2019-11-23 01:39:28,732|release|'с'
2019-11-23 01:39:28,901|press|'к'
2019-11-23 01:39:28,982|release|'к'
2019-11-23 01:39:29,089|press|'а'
2019-11-23 01:39:29,157|release|'а'
2019-11-23 01:39:29,213|press|'я'
2019-11-23 01:39:29,305|release|'я'
2019-11-23 01:39:29,764|press|Key.tab
2019-11-23 01:39:29,850|release|Key.tab
2019-11-23 01:39:32,329|press|'7'
2019-11-23 01:39:32,417|release|'7'
2019-11-23 01:39:33,080|press|'1'
2019-11-23 01:39:33,152|release|'1'
2019-11-23 01:39:33,221|press|'6'
2019-11-23 01:39:33,309|release|'6'
2019-11-23 01:39:33,700|press|'3'
2019-11-23 01:39:33,764|release|'3'
2019-11-23 01:39:36,139|press|'7'
2019-11-23 01:39:36,211|release|'7'
2019-11-23 01:39:36,371|press|'8'
2019-11-23 01:39:36,447|release|'8'
2019-11-23 01:39:36,529|press|'8'
2019-11-23 01:39:36,597|release|'8'
2019-11-23 01:39:37,926|press|Key.tab
2019-11-23 01:39:38,030|release|Key.tab
2019-11-23 01:39:40,739|press|'9'
2019-11-23 01:39:40,823|release|'9'
2019-11-23 01:39:41,309|press|'3'
2019-11-23 01:39:41,369|press|'1'
2019-11-23 01:39:41,385|release|'3'
2019-11-23 01:39:41,445|release|'1'
2019-11-23 01:39:44,309|press|'2'
2019-11-23 01:39:44,405|release|'2'
2019-11-23 01:39:45,183|press|'9'
2019-11-23 01:39:45,271|release|'9'
2019-11-23 01:39:45,283|press|'1'
2019-11-23 01:39:45,374|release|'1'
2019-11-23 01:39:46,145|press|Key.shift
2019-11-23 01:39:46,321|press|','
2019-11-23 01:39:46,389|release|Key.shift
2019-11-23 01:39:46,397|release|'6'
2019-11-23 01:39:47,684|press|'4'
2019-11-23 01:39:47,748|release|'4'
2019-11-23 01:39:47,822|press|'4'
2019-11-23 01:39:47,874|release|'4'
2019-11-23 01:39:48,093|press|Key.tab
2019-11-23 01:39:48,185|release|Key.tab
2019-11-23 01:39:51,121|press|'7'
2019-11-23 01:39:51,208|release|'7'
2019-11-23 01:39:52,837|press|'2'
2019-11-23 01:39:52,917|release|'2'
2019-11-23 01:39:52,967|press|'3'
2019-11-23 01:39:53,056|release|'3'
2019-11-23 01:39:53,182|press|'4'
2019-11-23 01:39:53,267|release|'4'
2019-11-23 01:39:55,366|press|Key.tab
2019-11-23 01:39:55,446|release|Key.tab
2019-11-23 01:39:58,835|press|Key.shift
2019-11-23 01:39:59,047|press|'С'
2019-11-23 01:39:59,130|release|Key.shift
2019-11-23 01:39:59,131|release|'с'
2019-11-23 01:39:59,304|press|'е'
2019-11-23 01:39:59,372|release|'е'
2019-11-23 01:39:59,537|press|'в'
2019-11-23 01:39:59,617|release|'в'
2019-11-23 01:39:59,713|press|'а'
2019-11-23 01:39:59,790|release|'а'
2019-11-23 01:39:59,921|press|'н'
2019-11-23 01:39:59,993|release|'н'
2019-11-23 01:40:00,133|press|'с'
2019-11-23 01:40:00,218|release|'с'
2019-11-23 01:40:00,356|press|'к'
2019-11-23 01:40:00,405|release|'к'
2019-11-23 01:40:00,488|press|'а'
2019-11-23 01:40:00,565|release|'а'
2019-11-23 01:40:00,579|press|'я'
2019-11-23 01:40:00,651|release|'я'
2019-11-23 01:40:01,065|press|Key.tab
2019-11-23 01:40:01,156|release|Key.tab
2019-11-23 01:40:03,182|press|'8'
2019-11-23 01:40:03,281|release|'8'
2019-11-23 01:40:04,143|press|'9'
2019-11-23 01:40:04,224|release|'9'
2019-11-23 01:40:05,251|press|'2'
2019-11-23 01:40:05,336|release|'2'
2019-11-23 01:40:05,375|press|'3'
2019-11-23 01:40:05,468|release|'3'
2019-11-23 01:40:06,162|press|'7'
2019-11-23 01:40:06,250|release|'7'
2019-11-23 01:40:06,407|press|'8'
2019-11-23 01:40:06,475|release|'8'
2019-11-23 01:40:06,558|press|'8'
2019-11-23 01:40:06,614|release|'8'
2019-11-23 01:40:07,194|press|Key.tab
2019-11-23 01:40:07,265|release|Key.tab
2019-11-23 01:40:09,113|press|'1'
2019-11-23 01:40:09,211|release|'1'
2019-11-23 01:40:09,819|press|'1'
2019-11-23 01:40:09,916|release|'1'
2019-11-23 01:40:10,331|press|'6'
2019-11-23 01:40:10,412|release|'6'
2019-11-23 01:40:10,983|press|'0'
2019-11-23 01:40:11,064|release|'0'
2019-11-23 01:40:12,676|press|'0'
2019-11-23 01:40:12,752|release|'0'
2019-11-23 01:40:12,888|press|'9'
2019-11-23 01:40:12,969|release|'9'
2019-11-23 01:40:13,597|press|'2'
2019-11-23 01:40:13,672|release|'2'
2019-11-23 01:40:14,711|press|Key.shift
2019-11-23 01:40:15,452|press|','
2019-11-23 01:40:15,515|release|','
2019-11-23 01:40:15,572|release|Key.shift
2019-11-23 01:40:15,790|press|'4'
2019-11-23 01:40:15,850|release|'4'
2019-11-23 01:40:15,933|press|'4'
2019-11-23 01:40:16,001|release|'4'
2019-11-23 01:40:16,694|press|Key.tab
2019-11-23 01:40:16,786|release|Key.tab
2019-11-23 01:40:22,920|press|'1'
2019-11-23 01:40:22,996|release|'1'
2019-11-23 01:40:23,078|press|'9'
2019-11-23 01:40:23,162|release|'9'
2019-11-23 01:40:23,745|press|'2'
2019-11-23 01:40:23,817|release|'2'
2019-11-23 01:40:24,403|press|'3'
2019-11-23 01:40:24,499|release|'3'
2019-11-23 01:40:24,553|press|'4'
2019-11-23 01:40:24,625|release|'4'
2019-11-23 01:40:25,615|press|Key.tab
2019-11-23 01:40:25,699|release|Key.tab
2019-11-23 01:40:31,955|press|Key.shift
2019-11-23 01:40:32,331|press|'Ф'
2019-11-23 01:40:32,419|release|'Ф'
2019-11-23 01:40:32,576|release|Key.shift
2019-11-23 01:40:32,702|press|'и'
2019-11-23 01:40:32,774|release|'и'
2019-11-23 01:40:32,973|press|'л'
2019-11-23 01:40:33,057|release|'л'
2019-11-23 01:40:33,183|press|'и'
2019-11-23 01:40:33,260|release|'и'
2019-11-23 01:40:33,695|press|'а'
2019-11-23 01:40:33,775|release|'а'
2019-11-23 01:40:33,810|press|'л'
2019-11-23 01:40:33,886|release|'л'
2019-11-23 01:40:34,021|press|Key.space
2019-11-23 01:40:34,117|release|Key.space
2019-11-23 01:40:34,397|press|Key.shift
2019-11-23 01:40:34,613|press|'Ф'
2019-11-23 01:40:34,698|release|'Ф'
2019-11-23 01:40:34,982|release|Key.shift
2019-11-23 01:40:35,537|press|Key.backspace
2019-11-23 01:40:35,609|release|Key.backspace
2019-11-23 01:40:36,104|press|Key.shift
2019-11-23 01:40:36,268|press|'А'
2019-11-23 01:40:36,340|release|'А'
2019-11-23 01:40:36,368|release|Key.shift
2019-11-23 01:41:21,626|press|Key.shift
2019-11-23 01:41:21,962|press|'Ф'
2019-11-23 01:41:22,050|release|'Ф'
2019-11-23 01:41:22,239|release|Key.shift
2019-11-23 01:41:22,285|press|'и'
2019-11-23 01:41:22,366|release|'и'
2019-11-23 01:41:22,665|press|'л'
2019-11-23 01:41:22,757|release|'л'
2019-11-23 01:41:22,974|press|'и'
2019-11-23 01:41:23,043|release|'и'
2019-11-23 01:41:24,495|press|'а'
2019-11-23 01:41:24,572|press|'л'
2019-11-23 01:41:24,607|release|'а'
2019-11-23 01:41:24,684|release|'л'
2019-11-23 01:41:24,777|press|Key.space
2019-11-23 01:41:24,882|release|Key.space
2019-11-23 01:41:26,258|press|Key.shift
2019-11-23 01:41:26,445|press|'Б'
2019-11-23 01:41:26,509|release|'Б'
2019-11-23 01:41:26,565|release|Key.shift
2019-11-23 01:41:30,271|press|Key.shift
2019-11-23 01:41:30,627|press|'Ф'
2019-11-23 01:41:30,707|release|'Ф'
2019-11-23 01:41:30,936|release|Key.shift
2019-11-23 01:41:31,072|press|'и'
2019-11-23 01:41:31,160|release|'и'
2019-11-23 01:41:31,342|press|'л'
2019-11-23 01:41:31,438|release|'л'
2019-11-23 01:41:31,560|press|'и'
2019-11-23 01:41:31,640|release|'и'
2019-11-23 01:41:31,945|press|'а'
2019-11-23 01:41:32,037|release|'а'
2019-11-23 01:41:32,085|press|'л'
2019-11-23 01:41:32,157|release|'л'
2019-11-23 01:41:32,556|press|Key.space
2019-11-23 01:41:32,636|release|Key.space
2019-11-23 01:41:33,327|press|Key.shift
2019-11-23 01:41:35,411|press|'В'
2019-11-23 01:41:35,487|release|'В'
2019-11-23 01:41:35,648|release|Key.shift
2019-11-23 01:41:41,392|press|Key.shift
2019-11-23 01:41:41,772|press|'У'
2019-11-23 01:41:41,832|release|'У'
2019-11-23 01:41:41,892|release|Key.shift
2019-11-23 01:41:42,363|press|'л'
2019-11-23 01:41:42,439|release|'л'
2019-11-23 01:41:42,649|press|'и'
2019-11-23 01:41:42,722|release|'и'
2019-11-23 01:41:43,418|press|'ц'
2019-11-23 01:41:43,478|press|'а'
2019-11-23 01:41:43,498|release|'ц'
2019-11-23 01:41:43,555|release|'а'
2019-11-23 01:41:44,812|press|Key.tab
2019-11-23 01:41:44,896|release|Key.tab
2019-11-23 01:41:46,190|press|Key.shift
2019-11-23 01:41:46,426|press|'Д'
2019-11-23 01:41:46,499|release|'Д'
2019-11-23 01:41:46,527|release|Key.shift
2019-11-23 01:41:46,644|press|'о'
2019-11-23 01:41:46,704|release|'о'
2019-11-23 01:41:47,047|press|'х'
2019-11-23 01:41:47,119|release|'х'
2019-11-23 01:41:47,307|press|'о'
2019-11-23 01:41:47,383|release|'о'
2019-11-23 01:41:47,835|press|'д'
2019-11-23 01:41:47,903|release|'д'
2019-11-23 01:41:47,925|press|'ы'
2019-11-23 01:41:48,001|release|'ы'
2019-11-23 01:41:48,504|press|Key.tab
2019-11-23 01:41:48,588|release|Key.tab
2019-11-23 01:41:48,996|press|Key.shift
2019-11-23 01:41:49,148|press|'Н'
2019-11-23 01:41:49,228|release|'Н'
2019-11-23 01:41:49,248|release|Key.shift
2019-11-23 01:41:49,362|press|'о'
2019-11-23 01:41:49,426|release|'о'
2019-11-23 01:41:49,995|press|Key.backspace
2019-11-23 01:41:50,063|release|Key.backspace
2019-11-23 01:41:50,443|press|'а'
2019-11-23 01:41:50,523|release|'а'
2019-11-23 01:41:50,698|press|'л'
2019-11-23 01:41:50,766|release|'л'
2019-11-23 01:41:50,895|press|'о'
2019-11-23 01:41:50,942|release|'о'
2019-11-23 01:41:51,068|press|'г'
2019-11-23 01:41:51,144|release|'г'
2019-11-23 01:41:51,272|press|'и'
2019-11-23 01:41:51,332|release|'и'
2019-11-23 01:41:51,488|press|Key.tab
2019-11-23 01:41:51,592|release|Key.tab
2019-11-23 01:41:52,646|press|Key.shift
2019-11-23 01:41:52,810|press|'Р'
2019-11-23 01:41:52,873|release|'Р'
2019-11-23 01:41:52,910|release|Key.shift
2019-11-23 01:41:53,028|press|'а'
2019-11-23 01:41:53,108|release|'а'
2019-11-23 01:41:53,150|press|'с'
2019-11-23 01:41:53,235|release|'с'
2019-11-23 01:41:53,508|press|'х'
2019-11-23 01:41:53,580|release|'х'
2019-11-23 01:41:53,838|press|'о'
2019-11-23 01:41:53,906|release|'о'
2019-11-23 01:41:54,106|press|'д'
2019-11-23 01:41:54,162|release|'д'
2019-11-23 01:41:54,234|press|'ы'
2019-11-23 01:41:54,314|release|'ы'
2019-11-23 01:41:54,749|press|Key.tab
2019-11-23 01:41:54,840|release|Key.tab
2019-11-23 01:41:58,436|press|Key.shift
2019-11-23 01:41:58,784|press|'П'
2019-11-23 01:41:58,863|release|'П'
2019-11-23 01:41:58,868|release|Key.shift
2019-11-23 01:41:59,028|press|'р'
2019-11-23 01:41:59,097|release|'р'
2019-11-23 01:41:59,234|press|'о'
2019-11-23 01:41:59,291|release|'о'
2019-11-23 01:41:59,422|press|'с'
2019-11-23 01:41:59,506|release|'с'
2019-11-23 01:41:59,637|press|'п'
2019-11-23 01:41:59,718|release|'п'
2019-11-23 01:41:59,827|press|'е'
2019-11-23 01:41:59,896|release|'е'
2019-11-23 01:41:59,988|press|'к'
2019-11-23 01:42:00,064|release|'к'
2019-11-23 01:42:00,252|press|'т'
2019-11-23 01:42:00,329|release|'т'
2019-11-23 01:42:00,433|press|Key.space
2019-11-23 01:42:00,505|release|Key.space
2019-11-23 01:42:02,257|press|Key.shift
2019-11-23 01:42:02,573|press|'А'
2019-11-23 01:42:02,648|release|'А'
2019-11-23 01:42:02,665|release|Key.shift
2019-11-23 01:42:02,874|press|'н'
2019-11-23 01:42:02,946|release|'н'
2019-11-23 01:42:03,403|press|'д'
2019-11-23 01:42:03,471|release|'д'
2019-11-23 01:42:03,836|press|'р'
2019-11-23 01:42:03,913|release|'р'
2019-11-23 01:42:04,016|press|'о'
2019-11-23 01:42:04,085|release|'о'
2019-11-23 01:42:04,252|press|'п'
2019-11-23 01:42:04,325|release|'п'
2019-11-23 01:42:04,490|press|'о'
2019-11-23 01:42:04,550|release|'о'
2019-11-23 01:42:04,554|press|'в'
2019-11-23 01:42:04,679|release|'в'
2019-11-23 01:42:04,748|press|'а'
2019-11-23 01:42:04,833|release|'а'
2019-11-23 01:42:05,814|press|Key.tab
2019-11-23 01:42:05,934|release|Key.tab
2019-11-23 01:42:26,735|press|'1'
2019-11-23 01:42:26,816|release|'1'
2019-11-23 01:42:26,854|press|'6'
2019-11-23 01:42:26,943|release|'6'
2019-11-23 01:42:27,466|press|'3'
2019-11-23 01:42:27,570|release|'3'
2019-11-23 01:42:29,114|press|'7'
2019-11-23 01:42:29,178|release|'7'
2019-11-23 01:42:29,690|press|'8'
2019-11-23 01:42:29,742|release|'8'
2019-11-23 01:42:29,835|press|'8'
2019-11-23 01:42:29,907|release|'8'
2019-11-23 01:42:31,232|press|Key.tab
2019-11-23 01:42:31,327|release|Key.tab
2019-11-23 01:42:33,279|press|'2'
2019-11-23 01:42:33,358|release|'2'
2019-11-23 01:42:33,375|press|'1'
2019-11-23 01:42:33,451|release|'1'
2019-11-23 01:42:35,138|press|'2'
2019-11-23 01:42:35,233|release|'2'
2019-11-23 01:42:35,285|press|'9'
2019-11-23 01:42:35,361|release|'9'
2019-11-23 01:42:35,405|press|'2'
2019-11-23 01:42:35,469|release|'2'
2019-11-23 01:42:37,785|press|Key.shift
2019-11-23 01:42:38,325|press|','
2019-11-23 01:42:38,393|release|','
2019-11-23 01:42:38,429|release|Key.shift
2019-11-23 01:42:38,627|press|'4'
2019-11-23 01:42:38,691|release|'4'
2019-11-23 01:42:38,766|press|'4'
2019-11-23 01:42:38,810|release|'4'
2019-11-23 01:42:39,059|press|Key.tab
2019-11-23 01:42:39,163|release|Key.tab
2019-11-23 01:42:43,275|press|'8'
2019-11-23 01:42:43,346|release|'8'
2019-11-23 01:42:44,471|press|'2'
2019-11-23 01:42:44,543|release|'2'
2019-11-23 01:42:44,784|press|'3'
2019-11-23 01:42:44,844|release|'3'
2019-11-23 01:42:44,946|press|'2'
2019-11-23 01:42:45,022|release|'2'
2019-11-23 01:42:45,764|press|']'
2019-11-23 01:42:45,828|release|']'
2019-11-23 01:42:46,651|press|'='
2019-11-23 01:42:46,719|release|'='
2019-11-23 01:42:46,820|press|Key.tab
2019-11-23 01:42:46,948|release|Key.tab
2019-11-23 01:42:50,722|press|Key.backspace
2019-11-23 01:42:50,771|release|Key.backspace
2019-11-23 01:42:50,854|press|Key.backspace
2019-11-23 01:42:50,927|release|Key.backspace
2019-11-23 01:42:51,015|press|Key.backspace
2019-11-23 01:42:51,060|release|Key.backspace
2019-11-23 01:42:54,302|press|'2'
2019-11-23 01:42:54,374|release|'2'
2019-11-23 01:42:54,467|press|Key.tab
2019-11-23 01:42:54,547|release|Key.tab
2019-11-23 01:42:58,704|press|Key.shift
2019-11-23 01:42:59,036|press|'Д'
2019-11-23 01:42:59,111|release|'Д'
2019-11-23 01:42:59,264|release|Key.shift
2019-11-23 01:42:59,386|press|'м'
2019-11-23 01:42:59,471|release|'м'
2019-11-23 01:42:59,561|press|'и'
2019-11-23 01:42:59,645|release|'и'
2019-11-23 01:42:59,770|press|'т'
2019-11-23 01:42:59,846|release|'т'
2019-11-23 01:42:59,939|press|'р'
2019-11-23 01:42:59,999|release|'р'
2019-11-23 01:43:00,100|press|'о'
2019-11-23 01:43:00,168|release|'о'
2019-11-23 01:43:00,512|press|'в'
2019-11-23 01:43:00,593|release|'в'
2019-11-23 01:43:01,186|press|'с'
2019-11-23 01:43:01,259|release|'с'
2019-11-23 01:43:01,363|press|'к'
2019-11-23 01:43:01,423|release|'к'
2019-11-23 01:43:01,524|press|'а'
2019-11-23 01:43:01,588|release|'а'
2019-11-23 01:43:02,436|press|'я'
2019-11-23 01:43:02,520|release|'я'
2019-11-23 01:43:03,798|press|Key.tab
2019-11-23 01:43:03,887|release|Key.tab
2019-11-23 01:43:06,640|press|'8'
2019-11-23 01:43:06,723|release|'8'
2019-11-23 01:43:07,722|press|'7'
2019-11-23 01:43:07,814|release|'7'
2019-11-23 01:43:08,847|press|'1'
2019-11-23 01:43:08,927|release|'1'
2019-11-23 01:43:09,326|press|'8'
2019-11-23 01:43:09,382|release|'8'
2019-11-23 01:43:09,484|press|'8'
2019-11-23 01:43:09,579|release|'8'
2019-11-23 01:43:10,271|press|Key.tab
2019-11-23 01:43:10,343|release|Key.tab
2019-11-23 01:43:11,625|press|'1'
2019-11-23 01:43:11,710|release|'1'
2019-11-23 01:43:11,792|press|'1'
2019-11-23 01:43:11,877|release|'1'
2019-11-23 01:43:12,825|press|'3'
2019-11-23 01:43:12,914|release|'3'
2019-11-23 01:43:13,277|press|'4'
2019-11-23 01:43:13,325|release|'4'
2019-11-23 01:43:13,448|press|'4'
2019-11-23 01:43:13,513|release|'4'
2019-11-23 01:43:14,217|press|Key.shift
2019-11-23 01:43:15,096|press|','
2019-11-23 01:43:15,160|release|','
2019-11-23 01:43:15,237|release|Key.shift
2019-11-23 01:43:15,479|press|'4'
2019-11-23 01:43:15,548|release|'4'
2019-11-23 01:43:15,626|press|'4'
2019-11-23 01:43:15,691|release|'4'
2019-11-23 01:43:15,973|press|Key.tab
2019-11-23 01:43:16,086|release|Key.tab
2019-11-23 01:43:18,348|press|'7'
2019-11-23 01:43:18,398|release|'7'
2019-11-23 01:43:20,002|press|'2'
2019-11-23 01:43:20,083|release|'2'
2019-11-23 01:43:20,150|press|'4'
2019-11-23 01:43:20,215|release|'4'
2019-11-23 01:43:20,300|press|'1'
2019-11-23 01:43:20,381|release|'1'
2019-11-23 01:43:22,054|press|Key.tab
2019-11-23 01:43:22,147|release|Key.tab
2019-11-23 01:43:32,143|press|Key.shift
2019-11-23 01:43:32,444|press|'Л'
2019-11-23 01:43:32,524|release|'Л'
2019-11-23 01:43:32,572|release|Key.shift
2019-11-23 01:43:32,858|press|'е'
2019-11-23 01:43:32,931|release|'е'
2019-11-23 01:43:33,052|press|'н'
2019-11-23 01:43:33,133|release|'н'
2019-11-23 01:43:33,819|press|'и'
2019-11-23 01:43:33,904|release|'и'
2019-11-23 01:43:33,992|press|'н'
2019-11-23 01:43:34,061|release|'н'
2019-11-23 01:43:34,303|press|'с'
2019-11-23 01:43:34,380|release|'с'
2019-11-23 01:43:34,450|press|'к'
2019-11-23 01:43:34,527|release|'к'
2019-11-23 01:43:34,612|press|'а'
2019-11-23 01:43:34,693|release|'а'
2019-11-23 01:43:34,751|press|'я'
2019-11-23 01:43:34,841|release|'я'
2019-11-23 01:43:43,132|press|Key.tab
2019-11-23 01:43:43,263|release|Key.tab
2019-11-23 01:43:46,559|press|'8'
2019-11-23 01:43:46,640|release|'8'
2019-11-23 01:43:46,708|press|'2'
2019-11-23 01:43:46,801|release|'2'
2019-11-23 01:43:46,943|press|'3'
2019-11-23 01:43:47,028|release|'3'
2019-11-23 01:43:48,904|press|'7'
2019-11-23 01:43:48,992|release|'7'
2019-11-23 01:43:50,049|press|'8'
2019-11-23 01:43:50,117|release|'8'
2019-11-23 01:43:50,202|press|'8'
2019-11-23 01:43:50,279|release|'8'
2019-11-23 01:43:50,368|press|Key.tab
2019-11-23 01:43:50,479|release|Key.tab
2019-11-23 01:43:52,760|press|'1'
2019-11-23 01:43:52,843|release|'1'
2019-11-23 01:43:52,904|press|'0'
2019-11-23 01:43:52,981|release|'0'
2019-11-23 01:43:53,255|press|'7'
2019-11-23 01:43:53,332|release|'7'
2019-11-23 01:43:55,378|press|'0'
2019-11-23 01:43:55,451|release|'0'
2019-11-23 01:43:56,145|press|'9'
2019-11-23 01:43:56,210|release|'9'
2019-11-23 01:43:56,462|press|'2'
2019-11-23 01:43:56,547|release|'2'
2019-11-23 01:43:58,450|press|Key.shift
2019-11-23 01:43:58,862|press|','
2019-11-23 01:43:58,930|release|','
2019-11-23 01:43:58,959|release|Key.shift
2019-11-23 01:43:59,312|press|'4'
2019-11-23 01:43:59,389|release|'4'
2019-11-23 01:43:59,460|press|'4'
2019-11-23 01:43:59,520|release|'4'
2019-11-23 01:43:59,779|press|Key.tab
2019-11-23 01:43:59,883|release|Key.tab
2019-11-23 01:44:04,983|press|'3'
2019-11-23 01:44:05,060|release|'3'
2019-11-23 01:44:05,068|press|'1'
2019-11-23 01:44:05,156|release|'1'
2019-11-23 01:44:08,234|press|'9'
2019-11-23 01:44:08,298|release|'9'
2019-11-23 01:44:09,222|press|'3'
2019-11-23 01:44:09,302|release|'3'
2019-11-23 01:44:09,306|press|'4'
2019-11-23 01:44:09,366|release|'4'
2019-11-23 01:44:11,971|press|Key.tab
2019-11-23 01:44:12,030|release|Key.tab
2019-11-23 01:44:30,115|press|Key.shift
2019-11-23 01:44:30,355|press|'У'
2019-11-23 01:44:30,450|release|'У'
2019-11-23 01:44:30,559|release|Key.shift
2019-11-23 01:44:30,813|press|'л'
2019-11-23 01:44:30,897|release|'л'
2019-11-23 01:44:31,085|press|'и'
2019-11-23 01:44:31,169|release|'и'
2019-11-23 01:44:31,789|press|'ц'
2019-11-23 01:44:31,861|press|'а'
2019-11-23 01:44:31,868|release|'ц'
2019-11-23 01:44:31,945|release|'а'
2019-11-23 01:44:32,997|press|Key.tab
2019-11-23 01:44:33,086|release|Key.tab
2019-11-23 01:44:34,347|press|Key.shift
2019-11-23 01:44:34,663|press|'Д'
2019-11-23 01:44:34,738|release|Key.shift
2019-11-23 01:44:34,738|release|'д'
2019-11-23 01:44:34,896|press|'о'
2019-11-23 01:44:34,964|release|'о'
2019-11-23 01:44:35,368|press|'х'
2019-11-23 01:44:35,428|release|'х'
2019-11-23 01:44:35,737|press|'о'
2019-11-23 01:44:35,814|release|'о'
2019-11-23 01:44:36,306|press|'д'
2019-11-23 01:44:36,370|release|'д'
2019-11-23 01:44:36,403|press|'ы'
2019-11-23 01:44:36,475|release|'ы'
2019-11-23 01:44:36,800|press|Key.tab
2019-11-23 01:44:36,874|release|Key.tab
2019-11-23 01:44:37,876|press|Key.shift
2019-11-23 01:44:38,260|press|'Н'
2019-11-23 01:44:38,335|release|'Н'
2019-11-23 01:44:38,348|release|Key.shift
2019-11-23 01:44:38,479|press|'а'
2019-11-23 01:44:38,544|release|'а'
2019-11-23 01:44:38,962|press|'л'
2019-11-23 01:44:39,026|release|'л'
2019-11-23 01:44:39,125|press|'о'
2019-11-23 01:44:39,175|release|'о'
2019-11-23 01:44:39,278|press|'г'
2019-11-23 01:44:39,347|release|'г'
2019-11-23 01:44:39,467|press|'и'
2019-11-23 01:44:39,544|release|'и'
2019-11-23 01:44:39,639|press|Key.tab
2019-11-23 01:44:39,712|release|Key.tab
2019-11-23 01:44:40,838|press|Key.shift
2019-11-23 01:44:41,101|press|'Р'
2019-11-23 01:44:41,173|release|'Р'
2019-11-23 01:44:41,186|release|Key.shift
2019-11-23 01:44:41,360|press|'а'
2019-11-23 01:44:41,453|release|'а'
2019-11-23 01:44:41,497|press|'с'
2019-11-23 01:44:41,578|release|'с'
2019-11-23 01:44:42,042|press|'х'
2019-11-23 01:44:42,110|release|'х'
2019-11-23 01:44:42,422|press|'о'
2019-11-23 01:44:42,495|release|'о'
2019-11-23 01:44:42,859|press|'д'
2019-11-23 01:44:42,915|release|'д'
2019-11-23 01:44:42,964|press|'ы'
2019-11-23 01:44:43,041|release|'ы'
2019-11-23 01:44:47,542|press|Key.shift
2019-11-23 01:44:47,785|press|'П'
2019-11-23 01:44:47,865|release|'П'
2019-11-23 01:44:47,921|release|Key.shift
2019-11-23 01:44:48,165|press|'у'
2019-11-23 01:44:48,246|release|'у'
2019-11-23 01:44:48,535|press|'ш'
2019-11-23 01:44:48,600|release|'ш'
2019-11-23 01:44:48,893|press|'к'
2019-11-23 01:44:48,974|release|'к'
2019-11-23 01:44:49,006|press|'и'
2019-11-23 01:44:49,110|release|'и'
2019-11-23 01:44:49,137|press|'н'
2019-11-23 01:44:49,210|release|'н'
2019-11-23 01:44:49,396|press|'с'
2019-11-23 01:44:49,469|release|'с'
2019-11-23 01:44:49,566|press|'к'
2019-11-23 01:44:49,643|release|'к'
2019-11-23 01:44:49,721|press|'а'
2019-11-23 01:44:49,790|release|'а'
2019-11-23 01:44:49,805|press|'я'
2019-11-23 01:44:49,882|release|'я'
2019-11-23 01:44:49,949|press|Key.space
2019-11-23 01:44:50,026|release|Key.space
2019-11-23 01:45:15,856|press|'5'
2019-11-23 01:45:15,940|release|'5'
2019-11-23 01:45:16,023|press|'5'
2019-11-23 01:45:16,087|release|'5'
2019-11-23 01:45:18,005|press|'7'
2019-11-23 01:45:18,061|release|'7'
2019-11-23 01:45:18,343|press|'8'
2019-11-23 01:45:18,399|release|'8'
2019-11-23 01:45:18,482|press|'8'
2019-11-23 01:45:18,551|release|'8'
2019-11-23 01:45:19,918|press|Key.tab
2019-11-23 01:45:20,018|release|Key.tab
2019-11-23 01:45:21,643|press|'7'
2019-11-23 01:45:21,711|release|'7'
2019-11-23 01:45:23,223|press|'2'
2019-11-23 01:45:23,335|release|'2'
2019-11-23 01:45:23,370|press|'5'
2019-11-23 01:45:23,446|release|'5'
2019-11-23 01:45:23,467|press|'2'
2019-11-23 01:45:23,559|release|'2'
2019-11-23 01:45:25,170|press|Key.shift
2019-11-23 01:45:25,334|press|','
2019-11-23 01:45:25,394|release|','
2019-11-23 01:45:25,430|release|Key.shift
2019-11-23 01:45:25,678|press|'4'
2019-11-23 01:45:25,744|release|'4'
2019-11-23 01:45:25,849|press|'4'
2019-11-23 01:45:25,897|release|'4'
2019-11-23 01:45:26,062|press|Key.tab
2019-11-23 01:45:26,142|release|Key.tab
2019-11-23 01:45:28,559|press|'7'
2019-11-23 01:45:28,636|release|'7'
2019-11-23 01:45:30,982|press|'8'
2019-11-23 01:45:31,037|release|'8'
2019-11-23 01:45:31,576|press|'7'
2019-11-23 01:45:31,639|press|'2'
2019-11-23 01:45:31,643|release|'7'
2019-11-23 01:45:31,712|release|'2'
2019-11-23 01:45:33,167|press|Key.tab
2019-11-23 01:45:33,252|release|Key.tab
2019-11-23 01:45:37,578|press|'л'
2019-11-23 01:45:37,654|release|'л'
2019-11-23 01:45:38,008|press|'е'
2019-11-23 01:45:38,076|release|'е'
2019-11-23 01:45:38,156|press|'ф'
2019-11-23 01:45:38,248|release|'ф'
2019-11-23 01:45:38,332|press|'о'
2019-11-23 01:45:38,413|release|'о'
2019-11-23 01:45:38,574|press|'р'
2019-11-23 01:45:38,645|release|'р'
2019-11-23 01:45:40,537|press|'т'
2019-11-23 01:45:40,638|press|'о'
2019-11-23 01:45:40,639|release|'т'
2019-11-23 01:45:40,766|release|'о'
2019-11-23 01:45:41,117|press|'в'
2019-11-23 01:45:41,195|release|'в'
2019-11-23 01:45:41,283|press|'с'
2019-11-23 01:45:41,364|release|'с'
2019-11-23 01:45:41,475|press|'к'
2019-11-23 01:45:41,536|release|'к'
2019-11-23 01:45:41,645|press|'а'
2019-11-23 01:45:41,697|release|'а'
2019-11-23 01:45:41,742|press|'я'
2019-11-23 01:45:41,787|release|'я'
2019-11-23 01:45:42,810|press|Key.tab
2019-11-23 01:45:42,894|release|Key.tab
2019-11-23 01:45:48,966|press|'3'
2019-11-23 01:45:49,046|release|'3'
2019-11-23 01:45:49,172|press|'3'
2019-11-23 01:45:49,256|release|'3'
2019-11-23 01:45:49,874|press|'1'
2019-11-23 01:45:49,967|release|'1'
2019-11-23 01:45:50,616|press|'8'
2019-11-23 01:45:50,656|release|'8'
2019-11-23 01:45:50,747|press|'8'
2019-11-23 01:45:50,803|release|'8'
2019-11-23 01:45:50,960|press|Key.tab
2019-11-23 01:45:51,036|release|Key.tab
2019-11-23 01:45:53,611|press|'4'
2019-11-23 01:45:53,691|release|'4'
2019-11-23 01:45:56,025|press|'3'
2019-11-23 01:45:56,113|release|'3'
2019-11-23 01:45:56,537|press|'1'
2019-11-23 01:45:56,609|release|'1'
2019-11-23 01:45:57,105|press|'4'
2019-11-23 01:45:57,174|release|'4'
2019-11-23 01:45:57,577|press|Key.shift
2019-11-23 01:45:57,836|press|','
2019-11-23 01:45:57,896|release|','
2019-11-23 01:45:57,958|release|Key.shift
2019-11-23 01:45:58,132|press|'4'
2019-11-23 01:45:58,188|release|'4'
2019-11-23 01:45:58,273|press|'4'
2019-11-23 01:45:58,333|release|'4'
2019-11-23 01:45:58,443|press|Key.tab
2019-11-23 01:45:58,551|release|Key.tab
2019-11-23 01:46:00,809|press|'4'
2019-11-23 01:46:00,887|release|'4'
2019-11-23 01:46:01,512|press|'2'
2019-11-23 01:46:01,568|release|'2'
2019-11-23 01:46:01,664|press|'2'
2019-11-23 01:46:01,719|release|'2'
2019-11-23 01:46:01,959|press|'1'
2019-11-23 01:46:02,044|release|'1'
2019-11-23 01:46:03,255|press|Key.tab
2019-11-23 01:46:03,364|release|Key.tab
2019-11-23 01:46:07,081|press|Key.backspace
2019-11-23 01:46:07,150|release|Key.backspace
2019-11-23 01:46:07,200|press|Key.shift
2019-11-23 01:46:07,775|press|'Л'
2019-11-23 01:46:07,831|release|Key.shift
2019-11-23 01:46:07,835|release|'л'
2019-11-23 01:46:11,229|press|Key.shift
2019-11-23 01:46:11,617|press|'Г'
2019-11-23 01:46:11,689|release|Key.shift
2019-11-23 01:46:11,693|release|'г'
2019-11-23 01:46:11,790|press|'о'
2019-11-23 01:46:11,866|release|'о'
2019-11-23 01:46:12,009|press|'н'
2019-11-23 01:46:12,069|release|'н'
2019-11-23 01:46:12,664|press|'ч'
2019-11-23 01:46:12,732|release|'ч'
2019-11-23 01:46:12,781|press|'а'
2019-11-23 01:46:12,857|release|'а'
2019-11-23 01:46:13,183|press|'р'
2019-11-23 01:46:13,243|release|'р'
2019-11-23 01:46:13,390|press|'н'
2019-11-23 01:46:13,450|release|'н'
2019-11-23 01:46:13,692|press|'а'
2019-11-23 01:46:13,760|release|'а'
2019-11-23 01:46:13,785|press|'я'
2019-11-23 01:46:13,857|release|'я'
2019-11-23 01:46:14,282|press|Key.tab
2019-11-23 01:46:14,354|release|Key.tab
2019-11-23 01:46:15,883|press|'2'
2019-11-23 01:46:15,992|release|'2'
2019-11-23 01:46:17,236|press|'3'
2019-11-23 01:46:17,304|release|'3'
2019-11-23 01:46:17,886|press|'7'
2019-11-23 01:46:17,954|release|'7'
2019-11-23 01:46:18,084|press|'8'
2019-11-23 01:46:18,148|release|'8'
2019-11-23 01:46:18,229|press|'8'
2019-11-23 01:46:18,293|release|'8'
2019-11-23 01:46:19,873|press|Key.tab
2019-11-23 01:46:19,962|release|Key.tab
2019-11-23 01:46:22,364|press|'3'
2019-11-23 01:46:22,440|release|'3'
2019-11-23 01:46:23,747|press|'0'
2019-11-23 01:46:23,827|release|'0'
2019-11-23 01:46:25,035|press|'9'
2019-11-23 01:46:25,128|release|'9'
2019-11-23 01:46:25,132|press|'2'
2019-11-23 01:46:25,220|release|'2'
2019-11-23 01:46:25,878|press|Key.shift
2019-11-23 01:46:26,258|press|','
2019-11-23 01:46:26,322|release|','
2019-11-23 01:46:26,358|release|Key.shift
2019-11-23 01:46:26,669|press|'4'
2019-11-23 01:46:26,733|release|'4'
2019-11-23 01:46:26,796|press|'4'
2019-11-23 01:46:26,860|release|'4'
2019-11-23 01:46:27,452|press|Key.tab
2019-11-23 01:46:27,569|release|Key.tab
2019-11-23 01:46:29,825|press|'3'
2019-11-23 01:46:29,913|release|'3'
2019-11-23 01:46:31,589|press|'9'
2019-11-23 01:46:31,673|release|'9'
2019-11-23 01:46:32,477|press|'3'
2019-11-23 01:46:32,565|release|'3'
2019-11-23 01:46:32,584|press|'4'
2019-11-23 01:46:32,653|release|'4'
2019-11-23 01:46:33,299|press|Key.tab
2019-11-23 01:46:33,392|release|Key.tab
2019-11-23 01:46:53,244|press|Key.backspace
2019-11-23 01:46:53,746|press|Key.backspace
2019-11-23 01:46:53,830|press|Key.backspace
2019-11-23 01:46:53,914|press|Key.backspace
2019-11-23 01:46:53,998|press|Key.backspace
2019-11-23 01:46:54,016|release|Key.backspace
2019-11-23 01:46:54,298|press|Key.backspace
2019-11-23 01:46:54,387|release|Key.backspace
2019-11-23 01:46:54,683|press|Key.shift
2019-11-23 01:46:54,970|press|'О'
2019-11-23 01:46:55,015|release|Key.shift
2019-11-23 01:46:55,047|release|'о'
2019-11-23 01:46:55,117|press|'т'
2019-11-23 01:46:55,198|release|'т'
2019-11-23 01:46:55,385|press|'ч'
2019-11-23 01:46:55,481|release|'ч'
2019-11-23 01:46:55,528|press|'е'
2019-11-23 01:46:55,608|release|'е'
2019-11-23 01:46:55,752|press|'т'
2019-11-23 01:46:55,844|release|'т'
2019-11-23 01:46:55,923|press|Key.space
2019-11-23 01:46:55,987|release|Key.space
2019-11-23 01:46:56,837|press|'з'
2019-11-23 01:46:56,902|release|'з'
2019-11-23 01:46:56,966|press|'а'
2019-11-23 01:46:57,055|release|'а'
2019-11-23 01:46:57,091|press|Key.space
2019-11-23 01:46:57,160|release|Key.space
2019-11-23 01:46:59,405|press|'о'
2019-11-23 01:46:59,451|release|'о'
2019-11-23 01:46:59,734|press|'к'
2019-11-23 01:46:59,815|release|'к'
2019-11-23 01:47:00,326|press|'т'
2019-11-23 01:47:00,366|release|'т'
2019-11-23 01:47:00,443|press|'я'
2019-11-23 01:47:00,547|release|'я'
2019-11-23 01:47:00,903|press|'б'
2019-11-23 01:47:00,963|release|'б'
2019-11-23 01:47:01,670|press|'р'
2019-11-23 01:47:01,746|release|'р'
2019-11-23 01:47:01,889|press|'ь'
2019-11-23 01:47:01,949|release|'ь'
2019-11-23 01:47:02,177|press|Key.space
2019-11-23 01:47:02,244|release|Key.space
2019-11-23 01:49:05,297|press|Key.shift
2019-11-23 01:49:05,485|press|'Ы'
2019-11-23 01:49:05,549|release|'Ы'
2019-11-23 01:49:05,611|release|Key.shift
2019-11-23 01:49:06,501|press|Key.backspace
2019-11-23 01:49:06,575|release|Key.backspace
2019-11-23 01:49:07,294|press|Key.cmd
2019-11-23 01:49:07,419|press|Key.space
2019-11-23 01:49:07,434|release|Key.cmd
2019-11-23 01:49:07,510|release|Key.space
2019-11-23 01:49:07,889|press|Key.shift
2019-11-23 01:49:08,041|press|'S'
2019-11-23 01:49:08,129|release|'S'
2019-11-23 01:49:08,198|release|Key.shift
2019-11-23 01:49:09,833|press|Key.enter
