Button.left_dwell|Button.left_interval|Button.left_flight|Key.tab|Key.tab_dwell|Key.tab_interval|Key.tab_flight|Key.shift|Key.shift_dwell|Key.shift_interval|Key.shift_flight|Key.ctrl|Key.ctrl_dwell|Key.ctrl_interval|Key.ctrl_flight|Key.cmd|Key.cmd_dwell|Key.cmd_interval|Key.cmd_flight|Key.space|Key.space_dwell|Key.space_interval|Key.space_flight|Key.enter|Key.enter_dwell|Key.enter_interval|Key.enter_flight|Key.backspace|Key.backspace_dwell|Key.backspace_interval|Key.backspace_flight|ст_dwell_first|ст_dwell_second|ст_interval|ст_flight|ст_up_to_up|ст_latency|ен_dwell_first|ен_dwell_second|ен_interval|ен_flight|ен_up_to_up|ен_latency|ов_dwell_first|ов_dwell_second|ов_interval|ов_flight|ов_up_to_up|ов_latency|но_dwell_first|но_dwell_second|но_interval|но_flight|но_up_to_up|но_latency|ни_dwell_first|ни_dwell_second|ни_interval|ни_flight|ни_up_to_up|ни_latency|на_dwell_first|на_dwell_second|на_interval|на_flight|на_up_to_up|на_latency|ра_dwell_first|ра_dwell_second|ра_interval|ра_flight|ра_up_to_up|ра_latency|ко_dwell_first|ко_dwell_second|ко_interval|ко_flight|ко_up_to_up|ко_latency|то_dwell_first|то_dwell_second|то_interval|то_flight|то_up_to_up|то_latency|ро_dwell_first|ро_dwell_second|ро_interval|ро_flight|ро_up_to_up|ро_latency|ени_dwell_first|ени_dwell_second|ени_dwell_third|ени_interval_first|ени_interval_second|ени_flight_first|ени_flight_second|ени_up_to_up_first|ени_up_to_up_second|ени_latency|ост_dwell_first|ост_dwell_second|ост_dwell_third|ост_interval_first|ост_interval_second|ост_flight_first|ост_flight_second|ост_up_to_up_first|ост_up_to_up_second|ост_latency|ого_dwell_first|ого_dwell_second|ого_dwell_third|ого_interval_first|ого_interval_second|ого_flight_first|ого_flight_second|ого_up_to_up_first|ого_up_to_up_second|ого_latency|ств_dwell_first|ств_dwell_second|ств_dwell_third|ств_interval_first|ств_interval_second|ств_flight_first|ств_flight_second|ств_up_to_up_first|ств_up_to_up_second|ств_latency|ско_dwell_first|ско_dwell_second|ско_dwell_third|ско_interval_first|ско_interval_second|ско_flight_first|ско_flight_second|ско_up_to_up_first|ско_up_to_up_second|ско_latency|ста_dwell_first|ста_dwell_second|ста_dwell_third|ста_interval_first|ста_interval_second|ста_flight_first|ста_flight_second|ста_up_to_up_first|ста_up_to_up_second|ста_latency|ани_dwell_first|ани_dwell_second|ани_dwell_third|ани_interval_first|ани_interval_second|ани_flight_first|ани_flight_second|ани_up_to_up_first|ани_up_to_up_second|ани_latency|про_dwell_first|про_dwell_second|про_dwell_third|про_interval_first|про_interval_second|про_flight_first|про_flight_second|про_up_to_up_first|про_up_to_up_second|про_latency|ест_dwell_first|ест_dwell_second|ест_dwell_third|ест_interval_first|ест_interval_second|ест_flight_first|ест_flight_second|ест_up_to_up_first|ест_up_to_up_second|ест_latency|тор_dwell_first|тор_dwell_second|тор_dwell_third|тор_interval_first|тор_interval_second|тор_flight_first|тор_flight_second|тор_up_to_up_first|тор_up_to_up_second|тор_latency|is_insider
82.18|472.27|469.34|0.5727923627684964|86.31|478.56|502.38|7.6968973747016705|307.92|178.98|398.53|0.0|0|0|0|1.2887828162291168|144.5|303.47|392.42|17.935560859188545|87.81|341.77|401.63|1.7899761336515514|71.7|448.26|479.96|13.353221957040573|65.12|190.68|247.75|92.07|88.21|152.79|137.71|133.86|225.93|86.05|78.88|176.8|137.85|130.68|216.72|87.26|87.14|437.6|124.86|153.31|212.0|66.74|74.68|129.79|170.21|178.16|244.89|109.38|107.29|571.46|139.17|137.08|246.46|76.71|103.29|248.5|116.88|143.46|220.17|83.94|86.68|170.61|125.52|128.26|212.19|91.74|86.0|406.43|106.87|101.13|192.87|117.86|94.07|818.18|114.61|90.82|208.68|96.02|89.76|854.35|86.73|80.47|176.48|89.25|113.38|107.0|249.5|777.88|213.75|141.25|237.88|134.88|337.0|78.75|89.88|83.88|266.12|84.25|219.88|174.12|231.0|168.12|477.88|83.0|59.55|67.36|77.55|61.73|160.55|121.27|137.09|129.09|349.18|84.5|80.83|69.83|19.83|176.0|104.33|90.17|100.67|79.17|264.33|94.0|74.0|78.0|70.0|28.0|164.0|102.0|144.0|106.0|344.0|89.6|86.0|86.8|25.4|601.4|115.0|87.4|111.4|88.2|289.2|91.6|115.0|110.7|128.9|521.0|120.5|136.0|143.9|131.7|367.2|86.67|90.24|82.9|613.48|893.29|81.1|78.76|84.67|71.43|242.76|67.33|93.33|83.33|73.0|82.33|140.33|175.67|166.33|165.67|399.33|110.75|115.0|110.75|372.5|563.25|233.25|178.25|237.5|174.0|522.25|0
75.87|479.03|460.12|0.0|0|0|0|4.77088948787062|312.07|203.07|362.59|0.4851752021563342|270.5|553.83|491.0|1.0512129380053907|109.0|252.23|361.23|2.830188679245283|87.49|337.57|396.49|0.16172506738544473|42.0|10.0|52.0|5.9838274932614555|67.15|203.36|243.49|0|0|0|0|0|0|87.33|67.0|96.33|183.67|163.33|250.67|75.67|97.33|88.33|164.0|185.67|261.33|0|0|0|0|0|0|61.0|65.0|54.0|115.0|119.0|180.0|70.67|86.0|51.33|122.0|137.33|208.0|79.0|88.0|957.0|36.0|45.0|124.0|64.0|76.0|295.0|359.0|371.0|435.0|106.0|65.0|59.5|165.5|124.5|230.5|93.75|81.75|735.0|78.75|66.75|160.5|89.0|61.0|65.0|29.0|54.0|118.0|115.0|90.0|119.0|298.0|0|0|0|0|0|0|0|0|0|0|61.0|56.0|36.0|89.0|75.0|150.0|131.0|145.0|111.0|317.0|0|0|0|0|0|0|0|0|0|0|92.0|64.0|76.0|116.0|295.0|208.0|359.0|180.0|371.0|643.0|0|0|0|0|0|0|0|0|0|0|0|0|0|0|0|0|0|0|0|0|98.0|104.5|80.5|11.5|970.0|109.5|74.5|116.0|50.5|264.5|0|0|0|0|0|0|0|0|0|0|0|0|0|0|0|0|0|0|0|0|0
94.25|477.76|422.48|0.20100502512562815|70.5|414.5|485.0|7.939698492462312|261.86|142.48|366.37|0.0|0|0|0|1.206030150753769|208.83|272.33|397.83|10.653266331658292|86.58|350.75|409.03|3.6180904522613067|68.44|405.86|446.53|13.969849246231156|65.89|174.32|225.83|81.44|89.56|133.11|103.44|111.56|193.0|87.0|48.0|27.0|114.0|75.0|162.0|78.25|92.12|238.88|192.12|206.0|284.25|56.5|67.5|264.0|320.5|331.5|388.0|71.14|94.29|240.29|168.57|191.71|262.86|76.67|86.33|359.33|102.67|112.33|189.0|72.33|101.33|665.33|71.0|100.0|172.33|82.0|74.4|37.4|119.4|111.8|193.8|121.67|112.33|677.33|132.33|123.0|244.67|85.1|81.9|748.7|133.8|130.6|215.7|87.0|48.0|75.0|27.0|76.0|114.0|124.0|75.0|151.0|313.0|68.0|64.0|92.0|135.0|980.0|203.0|44.0|199.0|72.0|339.0|0|0|0|0|0|0|0|0|0|0|53.0|76.0|72.0|65.0|4.0|118.0|80.0|141.0|76.0|270.0|0|0|0|0|0|0|0|0|0|0|0|0|0|0|0|0|0|0|0|0|84.5|66.0|110.5|21.5|96.5|106.0|162.5|87.5|207.0|379.0|68.0|85.0|68.0|17.0|979.0|85.0|64.0|102.0|47.0|217.0|74.0|73.5|120.0|218.5|33.0|292.5|106.5|292.0|153.0|519.0|136.0|149.0|92.0|984.0|975.0|120.0|124.0|133.0|67.0|336.0|0
10.33|556.47|514.17|6.126237623762377|175.98|477.89|496.3|4.8638613861386135|469.23|223.51|494.27|0.0|0|0|0|6.46039603960396|284.76|114.47|364.75|8.502475247524753|96.22|286.98|370.1|1.8564356435643565|90.34|417.72|368.06|8.205445544554456|139.16|290.35|393.31|118.76|91.12|217.35|159.65|132.0|250.76|105.06|87.97|65.75|170.81|153.72|258.78|93.56|141.33|86.89|180.44|228.22|321.78|89.38|80.0|126.71|216.1|206.71|296.1|91.04|95.08|145.25|236.29|240.33|331.38|94.36|119.86|125.21|148.14|173.64|268.0|87.37|127.95|81.11|168.47|209.05|296.42|131.5|91.5|122.93|183.0|143.0|274.5|75.1|76.7|105.6|180.7|182.3|257.4|104.52|75.87|130.77|203.03|206.65|278.9|115.36|94.18|105.64|55.36|157.55|170.73|251.73|149.55|263.18|528.09|91.56|115.67|89.33|123.11|365.33|214.67|147.67|238.78|121.33|451.67|80.71|74.57|65.43|116.0|104.86|196.71|179.43|190.57|170.29|441.57|122.5|112.0|142.5|59.5|25.5|182.0|137.5|171.5|168.0|462.0|145.67|148.67|97.0|51.0|32.0|196.67|180.67|199.67|129.0|474.33|118.33|87.33|119.33|62.33|74.0|180.67|161.33|149.67|193.33|461.33|115.67|91.0|83.0|20.67|136.33|136.33|227.33|111.67|219.33|446.67|119.0|80.0|78.5|42.75|112.25|161.75|192.25|122.75|190.75|432.5|93.0|113.0|96.0|206.5|90.5|299.5|203.5|319.5|186.5|599.0|0|0|0|0|0|0|0|0|0|0|0
27.35|464.8|492.16|2.222222222222222|153.42|510.17|413.58|2.962962962962963|375.38|122.5|497.88|0.0|0|0|0|5.0|299.74|218.7|407.33|1.4814814814814814|103.12|192.88|296.0|0.37037037037037035|42.0|454.0|496.0|0.7407407407407407|73.25|360.0|433.25|0|0|0|0|0|0|0|0|0|0|0|0|0|0|0|0|0|0|0|0|0|0|0|0|0|0|0|0|0|0|0|0|0|0|0|0|0|0|0|0|0|0|0|0|0|0|0|0|0|0|0|0|0|0|0|0|0|0|0|0|0|0|0|0|0|0|0|0|0|0|0|0|0|0|0|0|0|0|0|0|0|0|0|0|0|0|0|0|0|0|0|0|0|0|0|0|0|0|0|0|0|0|0|0|0|0|0|0|0|0|0|0|0|0|0|0|0|0|0|0|0|0|0|0|0|0|0|0|0|0|0|0|0|0|0|0|0|0|0|0|0|0|0|0|0|0|0|0|0|0|0|0|0|0|0|0|0|0|0|0|0
38.48|503.4|467.41|0.6222222222222222|120.14|302.43|279.71|4.177777777777778|486.64|244.15|475.47|0.0|0|0|0|1.2444444444444445|269.93|277.57|404.64|6.488888888888889|88.05|279.22|367.27|2.577777777777778|82.66|485.21|567.86|5.955555555555556|125.85|316.0|382.15|107.3|85.7|137.4|144.7|123.1|230.4|105.0|81.25|86.75|191.75|168.0|273.0|87.89|120.22|132.56|220.44|252.78|340.67|93.0|69.0|107.0|200.0|176.0|269.0|87.11|72.33|133.89|221.0|206.22|293.33|96.4|102.4|94.0|190.4|196.4|292.8|88.0|137.67|417.67|172.33|222.0|310.0|110.89|87.44|133.56|244.44|221.0|331.89|71.83|76.17|276.83|348.67|353.0|424.83|152.91|68.18|121.82|183.82|190.0|252.0|110.0|84.0|76.5|83.5|132.5|193.5|216.5|167.5|209.0|486.5|0|0|0|0|0|0|0|0|0|0|0|0|0|0|0|0|0|0|0|0|108.0|88.0|116.0|75.0|169.0|183.0|257.0|163.0|285.0|556.0|0|0|0|0|0|0|0|0|0|0|116.0|76.0|117.0|43.0|74.0|159.0|150.0|119.0|191.0|426.0|113.67|89.67|63.0|32.0|129.67|145.67|219.33|121.67|192.67|428.0|128.0|76.0|67.0|50.0|108.0|178.0|184.0|126.0|175.0|429.0|88.5|111.0|103.5|161.0|49.0|249.5|160.0|272.0|152.5|513.0|77.5|74.0|77.5|106.0|102.5|183.5|176.5|180.0|180.0|437.5|0
159.12|464.79|492.13|3.3859510655090763|182.67|453.64|496.45|2.1783741120757694|437.52|482.68|409.34|0.0473559589581689|658.0|423.5|581.5|3.480662983425414|206.05|146.44|311.67|5.445935280189424|119.72|365.78|463.77|0.8050513022888713|83.65|538.09|474.68|4.830307813733228|198.91|362.85|419.6|139.76|130.41|354.59|200.24|190.88|330.65|129.13|147.39|234.48|146.22|164.48|293.61|141.6|153.67|178.33|253.27|265.33|406.93|131.14|122.41|353.18|211.59|202.86|334.0|168.76|142.28|795.79|171.45|144.97|279.24|141.0|135.2|196.5|237.5|231.7|372.7|131.22|138.11|285.28|305.39|256.72|387.94|154.57|142.71|590.86|316.86|305.0|459.57|142.72|171.89|875.5|129.33|158.5|301.22|163.9|147.83|856.2|120.1|137.37|267.93|126.21|156.29|137.57|302.64|805.5|143.14|176.07|173.21|157.36|385.36|129.8|137.2|112.8|266.0|119.6|395.8|256.8|403.2|232.4|565.4|126.0|139.67|97.0|392.67|92.67|185.33|232.33|199.0|189.67|514.67|176.0|148.0|155.0|61.0|30.0|237.0|178.0|209.0|185.0|570.0|168.0|136.0|128.0|116.0|700.0|284.0|836.0|252.0|828.0|248.0|137.5|127.0|165.0|729.5|526.0|367.0|153.0|356.5|191.0|685.0|137.14|195.29|148.43|57.43|809.57|194.57|147.71|252.71|100.86|490.71|132.12|131.88|165.75|494.38|952.38|126.5|84.25|126.25|118.12|376.5|123.2|139.4|123.2|256.2|241.6|379.4|181.0|395.6|164.8|683.6|134.25|203.25|148.75|810.75|973.0|195.0|176.25|264.0|121.75|520.0|0
153.73|465.89|465.45|4.515648286140089|188.22|466.55|496.36|2.1013412816691504|503.6|414.64|492.7|0.0|0|0|0|4.560357675111773|237.86|133.98|332.63|0.7600596125186289|112.18|455.65|332.53|1.4754098360655736|89.42|474.94|443.15|3.8450074515648285|433.27|575.19|485.2|0|0|0|0|0|0|124.0|154.5|16.0|140.0|170.5|294.5|153.67|170.33|233.0|386.67|403.33|557.0|0|0|0|0|0|0|160.0|120.0|956.0|116.0|76.0|236.0|513.67|153.67|654.0|501.0|474.33|654.67|638.67|128.33|586.33|558.33|381.33|686.67|0|0|0|0|0|0|165.0|173.0|963.0|128.0|136.0|301.0|122.75|141.25|955.0|77.75|96.25|219.0|104.0|160.0|120.0|17.0|956.0|121.0|116.0|177.0|76.0|357.0|0|0|0|0|0|0|0|0|0|0|0|0|0|0|0|0|0|0|0|0|0|0|0|0|0|0|0|0|0|0|0|0|0|0|0|0|0|0|0|0|0|0|0|0|0|0|0|0|0|0|0|0|0|0|0|0|0|0|0|0|466.0|120.0|145.0|991.0|948.0|457.0|68.0|111.0|93.0|670.0|0|0|0|0|0|0|0|0|0|0|0|0|0|0|0|0|0|0|0|0|0
127.38|413.77|433.62|4.434050514499532|169.75|367.3|435.78|3.255378858746492|495.26|388.29|521.48|0.0|0|0|0|3.648269410664172|354.55|163.09|363.8|5.612722170252573|131.2|382.07|423.27|1.5715622076707203|126.36|325.89|345.11|6.005612722170253|177.12|304.38|397.39|142.3|139.1|277.4|319.7|316.5|458.8|135.2|160.4|86.4|221.6|246.8|382.0|140.25|140.5|147.5|287.75|288.0|428.25|144.0|130.0|579.5|223.5|209.5|353.5|159.33|132.67|844.83|170.83|144.17|303.5|171.25|122.25|281.5|452.75|403.75|575.0|133.0|148.33|41.0|174.0|189.33|322.33|148.33|126.78|287.44|213.56|192.0|340.33|127.6|159.6|967.6|95.2|127.2|254.8|180.64|152.27|905.82|86.45|149.0|238.73|129.33|160.0|129.33|127.0|722.67|256.33|216.0|287.0|185.33|601.67|135.0|144.0|176.0|161.0|59.0|296.0|203.0|305.0|235.0|675.0|0|0|0|0|0|0|0|0|0|0|161.0|133.0|229.0|14.0|161.0|175.0|294.0|147.0|390.0|698.0|0|0|0|0|0|0|0|0|0|0|0|0|0|0|0|0|0|0|0|0|0|0|0|0|0|0|0|0|0|0|138.0|99.0|151.0|351.33|957.0|156.0|56.0|117.0|108.0|363.0|132.5|146.5|162.0|234.5|439.5|367.0|586.0|381.0|601.5|615.0|129.0|182.0|120.0|973.5|964.0|102.5|146.0|155.5|84.0|368.5|0
108.83|476.53|508.13|0.05359535506922733|155.5|777.5|433.0|1.9830281375614112|419.49|344.0|466.19|0.0|0|0|0|0.6967396158999553|335.04|232.23|336.5|5.011165698972755|89.43|425.84|477.84|0.9647163912460919|70.11|509.53|496.31|5.466726217061187|156.11|339.47|422.05|83.73|69.82|67.27|151.0|137.09|220.82|69.38|76.69|129.44|198.81|206.12|275.5|69.9|78.5|151.8|221.7|230.3|300.2|74.83|74.17|94.83|169.67|169.0|243.83|76.14|79.43|102.21|178.36|181.64|257.79|69.71|77.86|28.57|98.29|106.43|176.14|102.33|74.67|197.47|166.47|205.47|241.13|94.56|83.56|204.0|187.44|176.44|271.0|91.0|86.56|551.0|197.56|193.11|284.11|70.04|69.29|92.88|162.92|162.17|232.21|68.33|87.0|79.83|95.33|67.33|163.67|154.33|182.33|147.17|397.83|66.25|81.0|71.25|159.0|24.0|225.25|105.0|240.0|95.25|401.5|76.5|66.5|74.5|81.0|85.5|157.5|152.0|147.5|160.0|384.0|75.0|68.0|92.0|111.0|37.0|186.0|105.0|179.0|129.0|383.0|0|0|0|0|0|0|0|0|0|0|0|0|0|0|0|0|0|0|0|0|87.5|74.0|92.0|142.0|121.5|229.5|195.5|216.0|213.5|517.0|74.33|68.33|73.33|330.33|100.0|404.67|168.33|398.67|173.33|313.0|68.0|72.0|64.5|88.5|83.5|156.5|155.5|160.5|148.0|376.5|64.67|54.0|55.0|99.0|97.33|163.67|151.33|153.0|152.33|370.0|0
76.46|459.28|475.5|3.195266272189349|91.98|415.69|441.0|3.0532544378698225|415.28|224.7|523.7|0.0|0|0|0|0.14201183431952663|140.0|86.0|226.0|1.2071005917159763|84.76|435.47|520.24|0.07100591715976332|0.0|0.0|0.0|1.7751479289940828|149.6|311.92|381.52|0|0|0|0|0|0|78.5|82.5|288.5|367.0|371.0|449.5|85.33|94.67|233.0|318.33|327.67|413.0|671.5|70.5|520.5|192.0|591.0|262.5|81.0|85.0|686.0|767.0|771.0|852.0|505.0|66.5|255.5|260.5|322.0|327.0|305.0|85.0|596.33|234.67|348.0|319.67|0|0|0|0|0|0|102.0|128.0|999.0|101.0|127.0|229.0|68.67|64.67|113.67|182.33|178.33|247.0|73.0|81.0|85.0|121.0|686.0|194.0|767.0|202.0|771.0|46.0|0|0|0|0|0|0|0|0|0|0|0|0|0|0|0|0|0|0|0|0|0|0|0|0|0|0|0|0|0|0|0|0|0|0|0|0|0|0|0|0|0|0|0|0|0|0|0|0|0|0|0|0|0|0|0|0|0|0|0|0|934.0|69.0|57.0|310.0|137.0|244.0|206.0|379.0|194.0|507.0|0|0|0|0|0|0|0|0|0|0|0|0|0|0|0|0|0|0|0|0|0
98.57|441.08|477.79|0.6486486486486487|88.29|383.93|472.21|2.918918918918919|402.27|374.73|475.41|0.0|0|0|0|0.416988416988417|433.78|130.89|564.67|11.11969111969112|73.61|340.23|384.68|3.1042471042471043|79.09|448.42|497.66|7.737451737451738|163.26|342.72|392.21|81.62|80.92|219.54|224.23|223.54|305.15|71.25|73.25|76.75|148.0|150.0|221.25|74.27|77.73|79.09|153.36|156.82|231.09|81.0|70.5|299.5|380.5|120.0|201.0|89.8|85.8|131.1|220.9|216.9|306.7|65.67|67.67|80.33|146.0|148.0|213.67|53.67|73.67|292.33|346.0|366.0|419.67|103.89|76.56|82.89|186.78|159.44|263.33|87.8|80.8|271.8|159.6|152.6|240.4|76.0|66.6|99.2|175.2|165.8|241.8|65.5|82.0|72.0|68.5|109.0|134.0|191.0|150.5|181.0|397.0|63.33|74.0|93.33|78.67|80.33|142.0|154.33|152.67|173.67|389.67|0|0|0|0|0|0|0|0|0|0|0|0|0|0|0|0|0|0|0|0|0|0|0|0|0|0|0|0|0|0|0|0|0|0|0|0|0|0|0|0|77.67|93.0|78.67|128.33|252.33|206.0|345.33|221.33|331.0|630.0|73.0|76.0|88.0|79.0|106.0|152.0|182.0|155.0|194.0|422.0|84.0|88.0|88.0|394.0|46.0|478.0|134.0|482.0|134.0|700.0|80.0|74.0|58.0|95.5|102.5|175.5|176.5|169.5|160.5|410.0|0
29.05|472.66|467.81|6.228813559322035|149.64|482.15|478.73|0.1271186440677966|192.5|172.0|364.5|0.0|0|0|0|6.927966101694915|201.36|85.12|268.13|8.135593220338983|95.37|247.04|318.97|1.9703389830508475|82.45|392.61|442.81|10.360169491525424|110.91|214.75|301.12|77.67|103.33|332.83|77.17|102.83|180.5|92.07|95.14|173.0|122.21|125.29|217.36|79.83|89.33|338.83|85.33|94.83|174.67|90.6|84.8|97.0|187.6|181.8|272.4|105.94|85.19|920.12|88.56|67.81|173.75|87.86|75.86|569.43|85.86|73.86|161.71|91.75|78.38|24.38|116.12|102.75|194.5|91.5|86.5|649.67|74.5|69.5|161.0|105.67|83.0|677.78|116.78|94.11|199.78|105.94|80.31|578.81|122.25|96.62|202.56|92.71|105.14|87.57|300.0|978.86|107.0|84.0|119.43|66.43|278.57|74.0|77.5|101.0|198.5|33.0|272.5|110.5|276.0|134.0|484.0|89.75|87.0|75.25|180.25|72.0|270.0|159.0|267.25|147.25|504.25|0|0|0|0|0|0|0|0|0|0|84.0|86.0|95.5|99.0|478.0|183.0|64.0|185.0|73.5|342.5|75.0|81.0|64.0|41.0|22.0|116.0|103.0|122.0|86.0|283.0|72.8|106.0|81.0|211.4|975.8|84.2|81.8|117.4|56.8|247.0|84.0|103.0|93.5|533.0|539.5|117.0|142.5|136.0|133.0|353.0|85.0|92.0|158.0|100.0|931.0|185.0|23.0|192.0|89.0|366.0|111.0|74.5|98.5|532.0|89.5|143.0|164.0|106.5|188.0|405.5|0
118.38|473.02|502.51|7.8438030560271645|140.49|397.34|511.86|0.10186757215619695|144.0|778.0|922.0|0.0|0|0|0|7.538200339558574|225.32|59.81|285.14|1.3242784380305603|99.31|431.0|376.46|0.30560271646859083|55.67|562.0|284.33|5.500848896434635|171.72|182.72|335.93|0|0|0|0|0|0|85.0|84.0|45.4|130.4|129.4|214.4|92.67|100.67|63.67|156.33|164.33|257.0|0|0|0|0|0|0|128.0|120.0|984.0|112.0|104.0|232.0|90.0|80.5|34.0|124.0|114.5|204.5|91.0|81.0|4.0|95.0|85.0|176.0|0|0|0|0|0|0|90.0|88.5|530.0|120.0|118.5|208.5|95.67|92.67|83.0|178.67|175.67|271.33|89.0|128.0|120.0|62.0|984.0|151.0|112.0|190.0|104.0|383.0|0|0|0|0|0|0|0|0|0|0|0|0|0|0|0|0|0|0|0|0|0|0|0|0|0|0|0|0|0|0|0|0|0|0|0|0|0|0|0|0|0|0|0|0|0|0|0|0|0|0|0|0|0|0|0|0|0|0|0|0|86.0|81.0|88.0|994.0|87.0|80.0|168.0|75.0|175.0|336.0|0|0|0|0|0|0|0|0|0|0|0|0|0|0|0|0|0|0|0|0|0
158.74|398.98|406.21|0.40404040404040403|136.5|280.25|416.75|0.40404040404040403|544.75|237.0|531.75|0.0|0|0|0|1.5151515151515151|278.73|263.73|409.13|8.383838383838384|108.36|322.55|382.72|5.353535353535353|82.47|453.72|460.72|11.01010101010101|94.6|260.51|336.76|93.8|93.8|414.4|108.2|108.2|202.0|81.0|109.5|70.5|151.5|180.0|261.0|88.86|102.71|49.0|137.86|151.71|240.57|112.25|88.25|299.75|162.0|138.0|250.25|124.5|88.62|962.62|87.12|51.25|175.75|90.67|84.33|332.0|89.33|83.0|173.67|88.33|93.67|74.67|163.0|168.33|256.67|111.88|81.25|400.12|137.0|106.38|218.25|127.25|88.25|965.0|92.25|53.25|180.5|202.62|90.5|690.25|142.88|155.75|233.38|81.0|109.5|78.5|70.5|972.0|151.5|81.5|180.0|50.5|311.5|96.0|108.0|157.0|8.0|3.0|104.0|111.0|116.0|160.0|372.0|0|0|0|0|0|0|0|0|0|0|0|0|0|0|0|0|0|0|0|0|0|0|0|0|0|0|0|0|0|0|0|0|0|0|0|0|0|0|0|0|100.0|161.0|92.0|929.0|960.0|29.0|121.0|90.0|52.0|242.0|111.0|129.0|88.0|980.0|952.0|91.0|81.0|109.0|40.0|260.0|86.5|82.5|110.0|107.0|495.5|193.5|78.0|189.5|105.5|381.5|136.0|106.5|121.5|958.0|90.0|94.0|196.5|64.5|211.5|412.0|0
80.09|497.88|488.8|0.0|0|0|0|3.0|370.87|251.62|464.59|0.0|0|0|0|0.868421052631579|204.73|213.27|372.55|5.25|76.2|450.08|458.61|1.3026315789473686|65.33|446.45|451.18|6.0394736842105265|167.95|377.82|415.05|79.5|75.67|234.83|314.33|310.5|390.0|74.27|68.07|150.4|224.67|218.47|292.73|68.88|92.88|317.75|386.62|410.62|479.5|71.56|72.67|67.89|139.44|140.56|212.11|77.93|73.86|222.5|300.43|296.36|374.29|78.0|76.33|373.67|451.67|450.0|528.0|70.0|77.14|134.43|204.43|211.57|281.57|80.75|75.25|154.88|235.62|230.12|310.88|87.33|79.67|112.17|199.5|191.83|279.17|117.0|63.65|145.59|144.94|209.24|208.59|80.6|73.2|78.0|172.6|273.4|253.2|346.6|245.8|351.4|477.8|60.67|82.0|78.0|142.33|189.0|203.0|271.0|224.33|267.0|552.0|72.25|90.5|73.25|373.0|37.5|445.25|128.0|463.5|110.75|396.5|0|0|0|0|0|0|0|0|0|0|81.0|68.0|72.0|138.0|124.0|219.0|192.0|206.0|196.0|483.0|73.0|69.0|56.0|144.0|181.0|217.0|250.0|213.0|237.0|523.0|76.75|75.0|72.0|267.5|142.25|344.25|217.25|342.5|214.25|633.5|89.0|80.0|92.0|147.0|49.0|236.0|129.0|227.0|141.0|457.0|0|0|0|0|0|0|0|0|0|0|74.0|69.0|89.0|68.0|155.0|142.0|224.0|137.0|244.0|455.0|0
46.8|470.4|478.24|0.0|0|0|0|3.1932773109243695|374.45|334.13|550.68|0.0|0|0|0|0.5042016806722689|146.0|86.67|232.67|2.3529411764705883|73.75|427.0|500.75|0.08403361344537814|0.0|0.0|0.0|3.865546218487395|150.72|326.0|433.24|0|0|0|0|0|0|84.0|88.0|67.0|151.0|155.0|239.0|0|0|0|0|0|0|0|0|0|0|0|0|0|0|0|0|0|0|88.0|61.0|431.0|519.0|492.0|580.0|97.0|65.0|187.0|284.0|252.0|349.0|0|0|0|0|0|0|0|0|0|0|0|0|0|0|0|0|0|0|0|0|0|0|0|0|0|0|0|0|0|0|0|0|0|0|0|0|0|0|0|0|0|0|0|0|0|0|0|0|0|0|0|0|0|0|0|0|0|0|0|0|0|0|0|0|0|0|0|0|0|0|0|0|0|0|0|0|0|0|0|0|0|0|0|0|0|0|0|0|0|0|0|0|0|0|0|0|0|0|0|0|0|0|0|0|0|0|0|0|0|0|0|0|0|0|0|0|0|0|0
48.41|477.83|476.66|0.5257393209200438|162.75|190.0|227.75|3.3515881708652793|397.9|272.04|415.04|0.0|0|0|0|1.380065717415115|291.43|210.24|406.43|6.1774370208105145|88.57|427.67|463.05|3.154435925520263|68.04|515.04|499.75|6.571741511500548|161.11|319.11|360.22|74.0|70.8|196.4|270.4|267.2|341.2|99.67|96.33|76.33|176.0|172.67|272.33|77.5|79.83|150.5|228.0|230.33|307.83|78.0|84.5|49.0|127.0|133.5|211.5|85.67|71.17|173.0|258.67|244.17|329.83|76.67|71.33|361.0|437.67|432.33|509.0|57.0|80.5|304.0|361.0|384.5|441.5|78.86|72.71|130.43|209.29|203.14|282.0|78.0|59.67|367.0|445.0|426.67|504.67|76.78|70.11|113.11|189.89|183.22|260.0|95.0|92.0|75.0|105.0|128.5|200.0|220.5|197.0|203.5|495.5|77.0|93.0|49.0|773.0|134.0|850.0|227.0|866.0|183.0|126.0|0|0|0|0|0|0|0|0|0|0|0|0|0|0|0|0|0|0|0|0|0|0|0|0|0|0|0|0|0|0|0|0|0|0|0|0|0|0|0|0|80.5|83.0|76.5|163.0|172.5|243.5|255.5|246.0|249.0|575.5|84.0|100.5|82.5|682.0|148.5|266.0|249.0|282.5|231.0|597.5|76.5|64.5|68.0|148.5|163.5|225.0|228.0|213.0|231.5|521.0|65.0|31.0|89.0|142.0|315.0|207.0|346.0|173.0|404.0|642.0|0
147.27|526.87|522.63|0.0|0|0|0|2.4906865353911654|368.97|266.53|468.83|0.09579563597658329|355.67|282.33|638.0|0.5428419372006387|324.41|351.06|381.35|9.483767961681746|78.49|289.44|354.46|0.41511442256519426|66.54|466.46|379.15|10.952634379989355|262.82|198.86|380.05|86.21|83.86|128.71|214.93|212.57|298.79|81.46|68.25|118.36|199.82|186.61|268.07|86.96|91.04|146.16|233.12|237.2|324.16|75.88|72.59|109.12|185.0|181.71|257.59|70.73|104.77|226.18|115.09|149.14|219.86|70.0|73.55|50.41|120.41|123.95|193.95|88.39|73.54|62.86|115.54|136.39|189.07|87.36|64.86|160.86|105.36|82.86|170.21|115.44|107.12|913.96|109.4|101.08|216.52|104.7|90.08|961.84|66.54|51.92|156.62|85.78|65.67|101.67|95.33|277.67|181.11|121.11|161.0|157.11|403.89|66.8|79.4|96.2|116.2|81.0|183.0|160.4|195.6|177.2|439.6|66.25|73.25|74.0|246.5|74.25|312.75|147.5|319.75|148.25|284.25|85.0|51.0|164.0|117.0|41.0|202.0|92.0|168.0|205.0|458.0|96.0|124.0|56.0|41.0|67.0|137.0|191.0|165.0|123.0|384.0|85.33|56.0|65.33|297.67|174.0|383.0|230.0|353.67|239.33|345.0|97.67|78.0|105.67|74.33|268.22|172.0|124.0|152.33|151.67|401.67|81.83|99.17|99.33|596.67|957.33|178.5|56.5|195.83|56.67|334.33|87.0|107.0|104.0|228.0|31.0|315.0|138.0|335.0|135.0|557.0|124.86|111.14|97.14|957.14|81.86|82.0|193.0|68.29|179.0|372.14|0
133.35|442.89|485.33|0.0|0|0|0|8.02675585284281|428.68|324.19|590.36|0.10033444816053512|149.0|801.0|950.0|1.5050167224080266|374.07|274.67|448.73|1.0033444816053512|104.9|362.2|467.1|4.214046822742475|67.95|456.52|476.86|2.508361204013378|70.48|222.0|292.48|65.0|72.0|116.0|181.0|188.0|253.0|70.0|76.5|71.0|141.0|147.5|217.5|98.33|101.67|106.67|205.0|208.33|306.67|0|0|0|0|0|0|82.5|64.0|49.0|131.5|113.0|195.5|109.0|96.0|43.0|152.0|139.0|248.0|77.0|88.0|73.0|150.0|161.0|238.0|112.5|80.5|7.0|119.5|87.5|200.0|124.0|116.0|940.0|64.0|56.0|180.0|111.25|101.0|955.0|66.25|56.0|167.25|64.0|76.0|59.0|54.0|60.0|118.0|136.0|130.0|119.0|313.0|0|0|0|0|0|0|0|0|0|0|0|0|0|0|0|0|0|0|0|0|0|0|0|0|0|0|0|0|0|0|85.0|120.0|84.0|113.0|11.0|198.0|131.0|233.0|95.0|413.0|0|0|0|0|0|0|0|0|0|0|69.0|89.0|69.0|36.0|38.0|105.0|127.0|125.0|107.0|301.0|774.0|88.0|125.0|423.0|940.0|197.0|28.0|511.0|65.0|350.0|64.0|65.0|72.0|57.0|116.0|121.0|181.0|122.0|188.0|374.0|0|0|0|0|0|0|0|0|0|0|0
146.2|443.25|453.64|0.8780487804878049|89.25|374.83|380.75|3.951219512195122|402.06|202.63|438.02|0.07317073170731708|412.0|171.0|583.0|0.8048780487804879|258.64|272.0|348.82|7.024390243902439|79.38|336.3|405.26|2.1219512195121952|64.17|443.31|507.48|4.975609756097561|74.16|207.38|281.54|77.0|88.56|150.11|116.0|127.56|204.56|81.14|71.86|87.29|168.43|159.14|240.29|83.33|85.67|118.67|202.0|204.33|287.67|78.5|68.0|94.5|173.0|162.5|241.0|66.92|97.25|189.83|90.08|120.42|187.33|75.17|69.33|344.33|86.17|80.33|155.5|77.5|67.25|66.5|144.0|133.75|211.25|89.43|76.86|576.71|94.71|82.14|171.57|98.6|93.0|817.2|115.8|110.2|208.8|106.1|84.0|879.9|86.0|63.9|170.0|85.75|70.25|110.0|83.25|281.5|169.0|101.75|153.5|141.5|380.75|80.0|59.0|131.0|49.0|993.0|129.0|52.0|108.0|124.0|312.0|0|0|0|0|0|0|0|0|0|0|0|0|0|0|0|0|0|0|0|0|0|0|0|0|0|0|0|0|0|0|0|0|0|0|0|0|0|0|0|0|57.0|67.25|81.5|73.5|32.25|130.5|99.5|140.75|113.75|311.5|68.0|116.0|105.0|996.0|948.0|64.0|64.0|112.0|53.0|233.0|78.0|88.0|92.0|171.0|50.5|249.0|138.5|259.0|142.5|479.5|103.0|89.67|99.0|970.67|67.67|73.67|157.33|60.33|166.67|330.0|0
211.75|561.38|513.51|0.0|0|0|0|1.9069239500567536|235.86|188.54|388.68|0.0681044267877412|528.0|44.0|572.0|3.95005675368899|153.31|56.16|209.47|11.986379114642451|92.37|196.45|271.78|1.2258796821793416|85.67|432.17|406.72|9.05788876276958|284.12|287.5|458.84|71.0|69.42|374.42|112.08|110.5|181.5|72.5|68.83|152.58|141.75|138.08|210.58|78.67|73.89|203.67|171.22|166.44|245.11|62.55|77.18|93.36|155.91|170.55|233.09|68.92|73.58|72.17|141.08|145.75|214.67|68.0|69.0|46.8|114.8|115.8|183.8|71.9|66.4|93.3|165.2|159.7|231.6|71.0|67.4|220.2|91.2|87.6|158.6|70.22|71.78|91.67|161.89|163.44|233.67|67.76|76.08|82.52|150.28|158.6|226.36|65.29|71.14|72.29|211.71|81.57|134.14|152.71|140.0|153.86|359.14|78.0|71.5|71.25|60.0|278.5|138.0|100.0|131.5|99.75|309.25|70.0|70.0|74.0|94.0|87.5|164.0|157.5|164.0|161.5|395.5|81.0|61.0|73.0|34.0|72.0|115.0|133.0|95.0|145.0|321.0|0|0|0|0|0|0|0|0|0|0|73.0|76.67|70.67|108.0|40.67|181.0|117.33|184.67|111.33|369.0|74.67|65.67|75.0|368.33|67.33|109.67|133.0|100.67|142.33|317.67|67.17|63.67|81.17|494.83|78.83|62.0|142.5|58.5|160.0|285.67|53.0|59.0|80.0|232.0|981.0|285.0|40.0|291.0|61.0|405.0|80.0|73.0|76.0|99.0|90.0|179.0|163.0|172.0|166.0|418.0|0
138.74|466.59|481.88|0.0|0|0|0|3.4285714285714284|196.33|25.54|221.88|0.0|0|0|0|1.1428571428571428|160.62|52.88|213.5|1.4285714285714286|105.1|327.2|432.3|0.7142857142857143|61.2|380.0|441.2|2.7142857142857144|75.21|222.53|297.74|0|0|0|0|0|0|68.0|76.0|54.0|122.0|130.0|198.0|79.33|89.67|172.33|251.67|262.0|341.33|0|0|0|0|0|0|76.0|105.0|109.0|185.0|214.0|290.0|65.5|68.0|66.0|131.5|134.0|199.5|72.0|60.0|80.0|152.0|140.0|212.0|0|0|0|0|0|0|80.0|76.0|87.0|167.0|163.0|243.0|73.0|72.33|83.0|156.0|155.33|228.33|76.0|76.0|105.0|94.0|109.0|170.0|185.0|170.0|214.0|460.0|0|0|0|0|0|0|0|0|0|0|0|0|0|0|0|0|0|0|0|0|0|0|0|0|0|0|0|0|0|0|0|0|0|0|0|0|0|0|0|0|0|0|0|0|0|0|0|0|0|0|0|0|0|0|0|0|0|0|0|0|88.0|73.0|72.0|3.0|87.0|91.0|160.0|76.0|159.0|323.0|0|0|0|0|0|0|0|0|0|0|0|0|0|0|0|0|0|0|0|0|0
252.58|458.51|480.32|0.5042016806722689|104.0|406.33|510.33|6.722689075630252|183.07|121.33|279.4|0.0|0|0|0|4.873949579831932|157.48|56.76|214.24|27.058823529411764|84.37|225.15|303.31|4.201680672268908|80.92|546.84|547.76|2.5210084033613445|77.73|438.73|449.8|75.33|75.56|340.89|82.89|83.11|158.44|68.5|64.5|80.5|149.0|145.0|213.5|80.22|74.11|98.0|178.22|172.11|252.33|75.0|78.0|93.5|168.5|171.5|246.5|66.11|71.44|55.33|121.44|126.78|192.89|74.67|69.33|46.67|121.33|116.0|190.67|85.0|65.0|45.0|130.0|110.0|195.0|72.14|75.57|28.86|101.0|104.43|176.57|80.25|73.25|88.0|168.25|161.25|241.5|92.0|74.2|160.6|152.6|234.8|226.8|68.5|64.5|72.5|80.5|56.5|149.0|121.0|145.0|129.0|342.5|84.0|72.0|69.0|41.0|0.0|125.0|72.0|113.0|69.0|266.0|0|0|0|0|0|0|0|0|0|0|0|0|0|0|0|0|0|0|0|0|0|0|0|0|0|0|0|0|0|0|0|0|0|0|0|0|0|0|0|0|78.0|66.5|68.0|30.0|64.5|108.0|131.0|96.5|132.5|307.0|73.0|68.0|73.0|972.0|81.0|45.0|149.0|40.0|154.0|267.0|64.0|76.0|74.0|156.5|500.0|220.5|76.0|232.5|74.0|370.5|78.0|70.0|74.0|85.5|87.0|163.5|157.0|155.5|161.0|394.5|0
71.4|359.63|383.41|0.0|0|0|0|9.083665338645417|315.79|100.29|416.08|0.0|0|0|0|0.9561752988047808|118.5|254.5|373.0|14.581673306772908|83.93|245.74|329.67|1.195219123505976|46.6|460.4|507.0|16.254980079681275|52.53|121.56|174.09|92.25|63.0|52.75|145.0|115.75|208.0|52.0|60.0|4.0|56.0|64.0|116.0|75.67|92.5|196.5|105.5|122.33|198.0|64.0|108.0|126.0|190.0|234.0|298.0|342.5|88.0|296.5|139.0|384.5|227.0|59.5|102.25|29.5|89.0|131.75|191.25|64.0|85.0|28.0|92.0|113.0|177.0|88.33|75.67|115.33|203.67|191.0|279.33|106.0|108.0|492.0|98.0|100.0|206.0|93.0|72.0|988.0|81.0|60.0|153.0|0|0|0|0|0|0|0|0|0|0|0|0|0|0|0|0|0|0|0|0|0|0|0|0|0|0|0|0|0|0|0|0|0|0|0|0|0|0|0|0|0|0|0|0|0|0|0|0|0|0|90.0|71.5|96.0|62.0|19.0|152.0|90.5|133.5|115.0|338.5|0|0|0|0|0|0|0|0|0|0|0|0|0|0|0|0|0|0|0|0|0|0|0|0|0|0|0|0|0|0|106.0|108.0|64.5|492.0|690.0|98.0|298.0|100.0|254.5|460.5|1
98.15|514.04|498.98|0.0|0|0|0|4.695652173913043|306.67|234.78|374.78|0.0|0|0|0|5.217391304347826|161.15|325.65|336.8|7.0434782608695645|83.59|196.74|243.3|1.0434782608695652|44.5|268.25|312.75|11.217391304347826|56.98|169.23|226.21|88.0|94.0|38.0|126.0|132.0|220.0|69.5|82.0|31.0|100.5|113.0|182.5|82.0|61.0|255.0|337.0|316.0|398.0|72.0|82.0|183.0|255.0|265.0|337.0|0|0|0|0|0|0|0|0|0|0|0|0|69.0|81.0|33.0|102.0|114.0|183.0|0|0|0|0|0|0|0|0|0|0|0|0|0|0|0|0|0|0|0|0|0|0|0|0|0|0|0|0|0|0|0|0|0|0|0|0|0|0|0|0|0|0|0|0|0|0|0|0|0|0|0|0|0|0|0|0|0|0|0|0|0|0|0|0|0|0|0|0|0|0|0|0|0|0|0|0|0|0|0|0|0|0|0|0|0|0|0|0|0|0|0|0|0|0|0|0|0|0|67.0|88.0|94.0|59.0|38.0|126.0|126.0|147.0|132.0|346.0|0|0|0|0|0|0|0|0|0|0|1
120.28|490.19|451.39|0.0|0|0|0|8.025477707006369|337.9|229.71|448.57|0.0|0|0|0|2.2929936305732483|179.67|191.17|287.5|11.847133757961783|82.13|299.27|381.4|2.1019108280254777|62.91|352.18|415.09|14.331210191082802|57.01|194.97|251.99|80.0|80.0|344.0|90.67|90.67|170.67|83.5|96.5|61.0|144.5|157.5|241.0|85.5|95.5|142.5|228.0|238.0|323.5|52.0|55.0|72.0|124.0|127.0|179.0|137.0|104.0|975.0|112.0|79.0|216.0|92.0|111.5|990.0|82.0|101.5|193.5|77.0|81.67|83.67|160.67|165.33|242.33|63.25|77.25|265.5|78.75|92.75|156.0|110.0|73.0|488.0|98.0|61.0|171.0|88.78|72.78|977.56|66.33|50.33|139.11|95.0|137.0|104.0|95.0|975.0|190.0|112.0|232.0|79.0|406.0|81.0|72.0|76.0|49.0|996.0|130.0|68.0|121.0|72.0|274.0|55.0|32.0|52.0|82.0|50.0|137.0|82.0|114.0|102.0|271.0|0|0|0|0|0|0|0|0|0|0|0|0|0|0|0|0|0|0|0|0|0|0|0|0|0|0|0|0|0|0|0|0|0|0|0|0|0|0|0|0|73.2|86.8|70.2|403.6|978.8|76.8|65.6|90.4|49.0|212.6|0|0|0|0|0|0|0|0|0|0|0|0|0|0|0|0|0|0|0|0|1
6.72|385.59|392.31|6.352941176470588|154.41|432.52|512.85|4.0|358.47|123.35|481.82|0.0|0|0|0|5.647058823529412|242.25|79.42|280.0|2.3529411764705883|99.2|155.0|254.2|0.9411764705882353|55.25|289.0|344.25|2.3529411764705883|70.1|213.5|283.6|107.0|60.0|39.0|146.0|99.0|206.0|0|0|0|0|0|0|70.5|151.5|163.5|234.0|315.0|385.5|78.0|70.0|106.0|184.0|176.0|254.0|77.0|81.0|123.0|200.0|204.0|281.0|0|0|0|0|0|0|69.0|119.0|66.0|135.0|185.0|254.0|0|0|0|0|0|0|85.0|65.0|92.0|177.0|157.0|242.0|83.0|69.0|85.0|168.0|154.0|237.0|0|0|0|0|0|0|0|0|0|0|70.0|107.0|60.0|57.0|39.0|127.0|146.0|164.0|99.0|333.0|0|0|0|0|0|0|0|0|0|0|0|0|0|0|0|0|0|0|0|0|0|0|0|0|0|0|0|0|0|0|0|0|0|0|0|0|0|0|0|0|135.0|77.0|81.0|976.0|123.0|111.0|200.0|53.0|204.0|392.0|0|0|0|0|0|0|0|0|0|0|0|0|0|0|0|0|0|0|0|0|85.0|65.0|57.0|92.0|93.0|177.0|158.0|157.0|150.0|392.0|1
27.02|443.22|449.84|0.0|0|0|0|2.9032258064516125|384.17|234.92|535.75|0.0|0|0|0|2.419354838709677|348.4|133.6|382.0|4.354838709677419|96.89|346.89|443.78|0.48387096774193544|54.5|197.5|252.0|0.48387096774193544|62.5|108.5|171.0|107.0|81.0|12.0|119.0|93.0|200.0|109.33|90.67|77.33|186.67|168.0|277.33|60.5|223.5|401.5|462.0|625.0|185.5|63.0|48.0|122.0|185.0|170.0|233.0|92.0|102.0|127.0|219.0|229.0|321.0|92.0|100.0|73.0|165.0|173.0|265.0|60.0|115.0|92.0|152.0|207.0|267.0|0|0|0|0|0|0|0|0|0|0|0|0|0|0|0|0|0|0|106.0|92.0|102.0|76.0|127.0|182.0|219.0|168.0|229.0|503.0|0|0|0|0|0|0|0|0|0|0|0|0|0|0|0|0|0|0|0|0|0|0|0|0|0|0|0|0|0|0|0|0|0|0|0|0|0|0|0|0|0|0|0|0|0|0|0|0|0|0|0|0|0|0|0|0|0|0|0|0|0|0|0|0|0|0|0|0|0|0|85.0|107.0|81.0|45.0|12.0|130.0|119.0|152.0|93.0|330.0|0|0|0|0|0|0|0|0|0|0|1
66.85|503.83|473.12|10.08|157.43|468.21|506.6|4.56|377.05|285.68|504.84|0.0|0|0|0|10.559999999999999|238.36|70.93|309.3|7.68|89.5|265.69|323.94|0.48|35.5|102.0|137.5|7.919999999999999|247.94|281.94|378.36|341.0|238.0|161.67|169.33|66.33|407.33|445.5|294.5|199.5|145.0|494.0|439.5|0|0|0|0|0|0|128.5|277.75|529.5|158.0|307.25|435.75|327.67|387.33|524.33|185.33|245.0|572.67|0|0|0|0|0|0|621.67|504.33|529.67|151.33|34.0|655.67|0.0|521.5|535.5|535.5|557.0|557.0|70.0|68.0|113.0|183.0|181.0|251.0|527.0|572.67|308.17|168.5|714.17|574.5|783.0|258.0|326.5|370.0|418.5|153.0|176.5|628.0|245.0|656.0|68.0|104.0|68.0|93.0|23.0|161.0|127.0|197.0|91.0|356.0|516.0|0.0|201.0|655.0|144.0|171.0|144.0|655.0|345.0|516.0|0|0|0|0|0|0|0|0|0|0|0|0|0|0|0|0|0|0|0|0|0|0|0|0|0|0|0|0|0|0|299.0|467.0|509.0|886.0|736.0|185.0|203.0|353.0|245.0|897.0|323.75|371.25|607.0|349.0|301.75|172.75|173.0|220.25|658.75|452.75|0|0|0|0|0|0|0|0|0|0|0|0|0|0|0|0|0|0|0|0|1
127.35|397.26|465.79|7.5|171.48|447.21|515.24|1.0344827586206897|570.5|709.25|529.75|0.0|0|0|0|6.982758620689655|577.33|366.56|425.37|10.862068965517242|121.48|283.98|405.45|1.293103448275862|72.6|424.8|497.4|3.6206896551724137|167.86|171.64|339.5|120.0|136.0|4.0|124.0|140.0|260.0|129.0|96.0|141.0|270.0|237.0|366.0|130.5|132.83|117.67|248.17|250.5|381.0|128.0|128.0|88.0|216.0|216.0|344.0|128.0|147.0|571.0|449.0|468.0|346.0|124.25|114.5|183.0|307.25|297.5|421.75|0|0|0|0|0|0|130.67|101.33|121.33|252.0|222.67|353.33|136.0|184.0|980.0|116.0|164.0|300.0|123.5|124.5|505.75|129.25|130.25|253.75|0|0|0|0|0|0|0|0|0|0|0|0|0|0|0|0|0|0|0|0|0|0|0|0|0|0|0|0|0|0|0|0|0|0|0|0|0|0|0|0|0|0|0|0|0|0|0|0|0|0|120.0|136.0|113.0|4.0|12.0|124.0|148.0|140.0|125.0|385.0|0|0|0|0|0|0|0|0|0|0|0|0|0|0|0|0|0|0|0|0|0|0|0|0|0|0|0|0|0|0|136.0|184.0|113.0|980.0|968.0|116.0|152.0|164.0|81.0|381.0|1
105.65|417.91|486.52|3.391304347826087|166.15|430.54|365.92|2.3478260869565215|705.0|480.22|629.67|0.0|0|0|0|2.869565217391304|297.91|234.73|441.73|4.956521739130435|116.79|385.0|396.53|0.5217391304347826|35.5|152.0|187.5|3.9130434782608696|147.13|318.47|465.6|148.0|152.0|996.0|144.0|148.0|296.0|104.5|120.0|50.0|154.5|170.0|274.5|100.0|144.0|246.0|346.0|390.0|490.0|117.0|92.0|102.0|219.0|194.0|311.0|148.0|113.0|948.0|96.0|61.0|209.0|0|0|0|0|0|0|100.0|124.0|41.0|141.0|165.0|265.0|0|0|0|0|0|0|0|0|0|0|0|0|0|0|0|0|0|0|121.0|148.0|113.0|24.0|948.0|145.0|96.0|172.0|61.0|354.0|0|0|0|0|0|0|0|0|0|0|0|0|0|0|0|0|0|0|0|0|0|0|0|0|0|0|0|0|0|0|0|0|0|0|0|0|0|0|0|0|0|0|0|0|0|0|0|0|0|0|0|0|0|0|0|0|0|0|0|0|0|0|0|0|0|0|0|0|0|0|121.0|148.0|152.0|359.0|996.0|480.0|144.0|507.0|148.0|776.0|0|0|0|0|0|0|0|0|0|0|1
126.89|402.9|446.46|5.395095367847412|173.85|360.7|473.94|0.8174386920980927|635.2|262.2|497.4|0.32697547683923706|753.5|725.0|478.5|5.55858310626703|360.32|219.38|462.06|6.539509536784742|121.22|346.62|417.85|0.32697547683923706|49.0|221.0|270.0|2.452316076294278|105.53|225.27|330.8|142.67|70.67|354.0|163.33|91.33|234.0|0|0|0|0|0|0|137.0|147.6|293.6|430.6|441.2|578.2|108.5|102.5|55.5|164.0|158.0|266.5|0|0|0|0|0|0|0|0|0|0|0|0|0|0|0|0|0|0|126.5|124.5|90.0|216.5|214.5|341.0|106.0|138.5|955.5|61.5|94.0|200.0|112.12|144.88|860.12|97.25|130.0|242.12|0|0|0|0|0|0|0|0|0|0|102.5|144.0|64.0|358.5|521.0|461.0|165.0|502.5|85.0|690.0|0|0|0|0|0|0|0|0|0|0|0|0|0|0|0|0|0|0|0|0|0|0|0|0|0|0|0|0|0|0|0|0|0|0|0|0|0|0|0|0|0|0|0|0|0|0|0|0|0|0|106.67|88.0|155.33|49.0|974.33|155.67|62.33|137.0|129.67|373.33|0|0|0|0|0|0|0|0|0|0|0|0|0|0|0|0|0|0|0|0|1
11.28|417.92|429.2|6.6141732283464565|121.21|457.61|471.68|6.141732283464567|406.54|161.65|452.81|0.0|0|0|0|7.086614173228346|157.47|56.8|214.27|6.141732283464567|64.15|482.54|546.69|2.3622047244094486|66.5|231.8|298.3|8.26771653543307|64.31|305.66|369.97|72.5|60.5|259.5|332.0|320.0|392.5|72.0|68.0|73.0|145.0|141.0|213.0|50.67|78.67|58.33|109.0|137.0|187.67|65.0|53.0|90.0|155.0|143.0|208.0|485.0|805.0|643.0|128.0|448.0|933.0|66.0|68.0|34.0|100.0|102.0|168.0|0|0|0|0|0|0|74.5|67.0|254.5|329.0|321.5|396.0|65.0|72.0|499.0|564.0|571.0|636.0|62.0|58.0|92.0|154.0|150.0|212.0|0|0|0|0|0|0|0|0|0|0|0|0|0|0|0|0|0|0|0|0|0|0|0|0|0|0|0|0|0|0|0|0|0|0|0|0|0|0|0|0|0|0|0|0|0|0|0|0|0|0|64.0|60.0|68.0|461.0|29.0|525.0|89.0|521.0|97.0|682.0|0|0|0|0|0|0|0|0|0|0|0|0|0|0|0|0|0|0|0|0|0|0|0|0|0|0|0|0|0|0|65.0|72.0|60.0|499.0|69.0|564.0|141.0|571.0|129.0|765.0|1
117.65|483.99|434.97|0.0|0|0|0|1.8620689655172415|340.11|404.22|411.0|0.0|0|0|0|1.0344827586206897|232.6|125.0|357.6|3.3103448275862073|70.88|517.0|525.38|0.20689655172413796|0.0|0.0|0.0|3.517241379310345|68.47|370.47|438.94|65.0|60.0|61.0|126.0|121.0|186.0|69.0|67.0|87.0|156.0|154.0|223.0|54.0|70.5|93.5|147.5|164.0|218.0|65.0|60.0|102.0|167.0|162.0|227.0|78.0|67.0|78.0|156.0|145.0|223.0|0|0|0|0|0|0|59.0|81.0|38.0|97.0|119.0|178.0|0|0|0|0|0|0|0|0|0|0|0|0|0|0|0|0|0|0|73.0|78.0|67.0|77.0|78.0|150.0|156.0|155.0|145.0|373.0|0|0|0|0|0|0|0|0|0|0|0|0|0|0|0|0|0|0|0|0|0|0|0|0|0|0|0|0|0|0|0|0|0|0|0|0|0|0|0|0|0|0|0|0|0|0|0|0|0|0|0|0|0|0|0|0|0|0|0|0|0|0|0|0|0|0|0|0|0|0|55.0|65.0|60.0|68.0|61.0|123.0|126.0|133.0|121.0|309.0|0|0|0|0|0|0|0|0|0|0|1
164.87|400.03|435.87|0.0|0|0|0|5.732484076433121|443.8|341.87|685.67|0.0|0|0|0|1.1464968152866242|170.67|54.17|224.83|5.732484076433121|77.13|403.33|480.47|0.38216560509554137|51.0|367.5|418.5|13.184713375796179|117.71|232.59|335.81|161.33|294.0|948.67|110.0|242.67|404.0|61.0|77.0|91.0|152.0|168.0|229.0|0|0|0|0|0|0|69.25|65.25|99.25|168.5|164.5|233.75|89.0|97.0|85.5|174.5|182.5|271.5|56.0|76.0|77.0|133.0|153.0|209.0|180.75|70.25|134.5|315.25|204.75|385.5|74.33|72.0|131.33|205.67|203.33|277.67|72.0|72.0|37.0|109.0|109.0|181.0|67.33|65.67|258.83|326.17|324.5|391.83|45.0|85.0|69.0|90.0|112.0|135.0|197.0|175.0|181.0|401.0|64.0|72.5|94.0|327.0|965.5|391.0|38.0|399.5|59.5|523.0|69.0|65.0|73.0|79.0|81.0|148.0|146.0|144.0|154.0|367.0|0|0|0|0|0|0|0|0|0|0|84.0|79.0|76.0|114.0|300.0|198.0|379.0|193.0|376.0|653.0|0|0|0|0|0|0|0|0|0|0|69.0|93.0|125.0|66.0|59.0|135.0|152.0|159.0|184.0|412.0|121.0|71.0|62.67|109.67|338.33|230.67|409.33|180.67|401.0|702.67|0|0|0|0|0|0|0|0|0|0|0|0|0|0|0|0|0|0|0|0|1
157.96|365.86|445.39|3.673469387755102|111.13|186.07|297.2|0.2448979591836735|132.0|24.0|156.0|0.0|0|0|0|1.7142857142857144|330.71|158.14|346.0|4.653061224489797|92.84|347.42|440.26|3.428571428571429|73.43|642.93|502.07|7.102040816326531|174.66|187.28|361.93|84.0|83.5|230.5|314.5|314.0|398.0|84.0|97.0|3.0|87.0|100.0|184.0|81.33|92.17|59.83|141.17|152.0|233.33|80.0|72.0|104.0|184.0|176.0|256.0|125.0|98.5|729.75|104.75|78.25|203.25|80.75|73.25|19.5|100.25|92.75|173.5|67.0|76.0|989.0|56.0|65.0|132.0|76.33|80.0|371.0|114.0|117.67|194.0|111.0|109.0|964.0|75.0|73.0|184.0|108.8|75.8|607.0|115.8|82.8|191.6|0|0|0|0|0|0|0|0|0|0|0|0|0|0|0|0|0|0|0|0|0|0|0|0|0|0|0|0|0|0|0|0|0|0|0|0|0|0|0|0|0|0|0|0|0|0|0|0|0|0|72.0|89.0|80.0|431.0|54.0|503.0|143.0|520.0|134.0|726.0|0|0|0|0|0|0|0|0|0|0|0|0|0|0|0|0|0|0|0|0|0|0|0|0|0|0|0|0|0|0|111.0|109.0|76.0|964.0|114.0|75.0|223.0|73.0|190.0|374.0|1
98.94|448.25|488.37|2.4489795918367347|165.5|509.75|425.25|0.30612244897959184|184.0|281.0|465.0|0.0|0|0|0|4.285714285714286|304.5|137.71|299.36|5.816326530612245|101.74|235.74|337.47|1.2244897959183674|61.25|393.25|454.5|4.8979591836734695|175.19|191.19|366.38|66.0|118.0|70.0|136.0|188.0|254.0|84.5|94.5|54.0|138.5|148.5|233.0|98.33|94.33|111.0|209.33|205.33|303.67|136.0|116.0|667.0|803.0|783.0|919.0|116.0|79.0|973.0|89.0|52.0|168.0|0|0|0|0|0|0|83.0|88.0|992.0|75.0|80.0|163.0|0|0|0|0|0|0|0|0|0|0|0|0|0|0|0|0|0|0|89.0|116.0|79.0|40.0|973.0|129.0|89.0|156.0|52.0|297.0|0|0|0|0|0|0|0|0|0|0|0|0|0|0|0|0|0|0|0|0|0|0|0|0|0|0|0|0|0|0|0|0|0|0|0|0|0|0|0|0|0|0|0|0|0|0|0|0|0|0|0|0|0|0|0|0|0|0|0|0|0|0|0|0|0|0|0|0|0|0|74.0|66.0|118.0|138.0|70.0|212.0|136.0|204.0|188.0|466.0|0|0|0|0|0|0|0|0|0|0|1
201.88|399.58|419.64|0.0|0|0|0|0.0|0|0|0|0.0|0|0|0|2.1862348178137654|236.78|55.67|292.44|14.574898785425102|92.45|308.13|400.58|0.4858299595141701|42.0|133.5|175.5|5.829959514170041|95.08|157.62|252.71|110.57|116.14|50.57|161.14|166.71|277.29|81.0|98.5|70.5|151.5|169.0|250.0|87.0|85.0|95.0|182.0|180.0|267.0|79.12|74.38|178.88|133.0|128.25|207.38|117.0|73.5|984.5|101.5|58.0|175.0|92.0|88.0|27.0|119.0|115.0|207.0|94.71|74.57|241.71|193.57|173.43|268.14|89.75|79.75|492.5|82.25|72.25|162.0|104.67|81.0|675.0|113.0|89.33|194.0|78.5|77.0|147.0|142.17|140.67|219.17|78.0|129.0|72.0|97.0|976.0|175.0|105.0|226.0|48.0|352.0|75.25|70.0|112.25|69.25|30.75|144.5|100.75|139.25|143.0|357.5|71.33|70.67|84.0|94.33|74.33|165.67|145.0|165.0|158.33|394.67|0|0|0|0|0|0|0|0|0|0|99.0|92.0|78.5|98.5|488.5|197.5|80.5|190.5|67.0|356.5|101.0|72.0|88.0|0.0|147.0|101.0|219.0|72.0|235.0|408.0|76.0|105.0|75.0|43.0|993.0|119.0|98.0|148.0|68.0|292.0|110.67|76.33|76.5|356.5|226.17|133.83|135.83|99.5|136.0|346.17|0|0|0|0|0|0|0|0|0|0|0|0|0|0|0|0|0|0|0|0|1
51.93|337.86|344.34|0.0|0|0|0|5.0602409638554215|476.38|222.43|555.95|0.0|0|0|0|0.7228915662650601|156.33|78.67|235.0|3.614457831325301|69.87|380.6|450.47|1.686746987951807|47.71|478.71|526.43|1.686746987951807|67.71|375.29|443.0|72.0|64.0|289.0|361.0|353.0|425.0|0|0|0|0|0|0|69.33|91.67|157.0|226.33|248.67|318.0|79.5|64.5|44.5|124.0|109.0|188.5|216.5|324.0|541.0|257.5|365.0|581.5|0|0|0|0|0|0|86.0|93.0|79.0|165.0|172.0|258.0|75.0|52.0|87.0|162.0|139.0|214.0|84.0|61.0|99.0|183.0|160.0|244.0|59.0|62.0|65.5|124.5|127.5|186.5|0|0|0|0|0|0|0|0|0|0|69.0|72.0|64.0|237.0|289.0|306.0|361.0|309.0|353.0|731.0|0|0|0|0|0|0|0|0|0|0|0|0|0|0|0|0|0|0|0|0|0|0|0|0|0|0|0|0|0|0|0|0|0|0|0|0|0|0|0|0|52.0|84.0|65.0|167.0|127.0|219.0|211.0|251.0|192.0|495.0|0|0|0|0|0|0|0|0|0|0|0|0|0|0|0|0|0|0|0|0|84.0|61.0|72.0|99.0|101.0|183.0|162.0|160.0|173.0|417.0|1
6.96|446.49|453.45|0.2631578947368421|88.0|764.0|852.0|3.1578947368421053|333.5|217.25|467.42|0.0|0|0|0|1.3157894736842106|157.2|97.0|254.2|6.315789473684211|74.67|513.42|588.08|0.5263157894736842|44.0|0.0|44.0|4.2105263157894735|73.62|340.44|351.56|83.0|60.0|125.0|208.0|185.0|268.0|70.5|66.5|104.5|175.0|171.0|241.5|72.5|69.5|224.5|297.0|294.0|366.5|73.0|76.0|100.0|173.0|176.0|249.0|65.0|69.0|131.0|196.0|200.0|265.0|0|0|0|0|0|0|61.0|64.0|81.0|142.0|145.0|206.0|0|0|0|0|0|0|0|0|0|0|0|0|0|0|0|0|0|0|72.0|65.0|69.0|107.0|131.0|179.0|196.0|172.0|200.0|444.0|0|0|0|0|0|0|0|0|0|0|0|0|0|0|0|0|0|0|0|0|0|0|0|0|0|0|0|0|0|0|0|0|0|0|0|0|0|0|0|0|0|0|0|0|0|0|0|0|0|0|0|0|0|0|0|0|0|0|0|0|0|0|0|0|0|0|0|0|0|0|65.0|83.0|60.0|169.0|125.0|234.0|208.0|252.0|185.0|502.0|0|0|0|0|0|0|0|0|0|0|1
170.12|460.24|492.43|0.2510460251046025|87.0|927.0|14.0|4.518828451882845|396.72|362.56|370.39|0.0|0|0|0|3.7656903765690375|286.07|193.0|345.73|4.7698744769874475|79.05|427.16|348.32|0.2510460251046025|0.0|0.0|0.0|7.7824267782426775|251.65|403.97|365.29|0|0|0|0|0|0|73.0|77.0|86.0|159.0|163.0|236.0|0|0|0|0|0|0|0|0|0|0|0|0|71.5|59.5|241.5|313.0|301.0|372.5|0|0|0|0|0|0|77.0|80.33|221.67|298.67|302.0|379.0|74.33|75.0|106.0|180.33|181.0|255.33|0|0|0|0|0|0|68.8|53.8|72.0|140.8|125.8|194.6|73.0|77.0|49.0|86.0|185.0|159.0|262.0|163.0|234.0|470.0|0|0|0|0|0|0|0|0|0|0|0|0|0|0|0|0|0|0|0|0|0|0|0|0|0|0|0|0|0|0|77.0|75.0|76.0|215.0|113.0|292.0|188.0|290.0|189.0|556.0|0|0|0|0|0|0|0|0|0|0|88.0|66.0|70.0|239.0|298.0|327.0|364.0|305.0|368.0|761.0|74.5|62.0|53.5|157.5|73.0|232.0|135.0|219.5|126.5|420.5|0|0|0|0|0|0|0|0|0|0|0|0|0|0|0|0|0|0|0|0|1
101.41|396.7|418.75|0.0|0|0|0|5.844155844155844|314.67|151.0|465.67|0.0|0|0|0|1.1688311688311688|171.5|219.33|390.83|6.428571428571428|87.82|317.03|344.24|1.1688311688311688|55.17|366.33|421.5|2.5324675324675323|76.46|231.77|231.31|82.5|60.5|84.5|167.0|145.0|227.5|77.0|59.0|247.0|324.0|306.0|383.0|83.33|82.0|140.33|223.67|222.33|305.67|0|0|0|0|0|0|281.0|100.25|381.0|162.0|231.25|262.25|62.75|72.0|42.0|104.75|114.0|176.75|0|0|0|0|0|0|81.33|69.0|681.67|96.33|84.0|165.33|112.0|96.0|964.0|76.0|60.0|172.0|109.0|89.4|965.6|74.6|55.0|164.0|0|0|0|0|0|0|0|0|0|0|0|0|0|0|0|0|0|0|0|0|0|0|0|0|0|0|0|0|0|0|0|0|0|0|0|0|0|0|0|0|0|0|0|0|0|0|0|0|0|0|82.5|60.5|70.5|84.5|46.5|167.0|107.0|145.0|117.0|344.5|0|0|0|0|0|0|0|0|0|0|0|0|0|0|0|0|0|0|0|0|0|0|0|0|0|0|0|0|0|0|112.0|96.0|80.0|964.0|49.0|76.0|145.0|60.0|129.0|301.0|1
136.96|433.0|454.58|0.0|0|0|0|2.0792079207920793|527.29|453.14|551.86|0.594059405940594|484.5|356.0|340.5|1.4851485148514851|251.2|163.0|214.2|5.346534653465347|81.28|385.0|355.17|0.297029702970297|0.0|0.0|0.0|2.376237623762376|79.25|275.75|355.0|96.0|104.0|27.0|123.0|131.0|227.0|69.5|67.0|91.5|161.0|158.5|228.0|71.5|69.5|93.0|164.5|162.5|234.0|68.0|71.0|88.0|156.0|159.0|227.0|73.0|72.0|36.0|109.0|108.0|181.0|0|0|0|0|0|0|61.0|62.0|45.0|106.0|107.0|168.0|0|0|0|0|0|0|0|0|0|0|0|0|0|0|0|0|0|0|72.0|73.0|72.0|92.0|36.0|164.0|109.0|165.0|108.0|345.0|0|0|0|0|0|0|0|0|0|0|0|0|0|0|0|0|0|0|0|0|0|0|0|0|0|0|0|0|0|0|0|0|0|0|0|0|0|0|0|0|0|0|0|0|0|0|0|0|0|0|0|0|0|0|0|0|0|0|0|0|0|0|0|0|0|0|0|0|0|0|84.0|96.0|104.0|148.0|27.0|232.0|123.0|244.0|131.0|459.0|0|0|0|0|0|0|0|0|0|0|1
140.07|587.78|445.24|0.0|0|0|0|3.571428571428571|359.8|432.6|459.07|0.23809523809523808|513.0|841.0|354.0|2.857142857142857|396.42|270.58|333.67|5.714285714285714|85.21|319.21|362.75|0.9523809523809523|44.25|278.0|322.25|4.285714285714286|70.67|203.72|274.39|338.0|98.5|244.5|82.5|343.0|181.0|72.5|78.5|44.0|116.5|122.5|195.0|0|0|0|0|0|0|69.0|72.0|118.0|187.0|190.0|259.0|96.0|117.0|3.0|99.0|120.0|216.0|64.0|64.0|30.0|94.0|94.0|158.0|56.0|74.0|29.0|85.0|103.0|159.0|84.0|52.0|14.0|98.0|66.0|150.0|113.5|98.5|958.5|72.0|57.0|170.5|122.0|85.0|956.0|78.0|41.0|163.0|68.0|96.0|117.0|33.0|3.0|101.0|99.0|129.0|120.0|317.0|72.0|84.0|92.0|324.0|38.0|396.0|122.0|408.0|130.0|610.0|0|0|0|0|0|0|0|0|0|0|0|0|0|0|0|0|0|0|0|0|0|0|0|0|0|0|0|0|0|0|0|0|0|0|0|0|0|0|0|0|0|0|0|0|0|0|0|0|0|0|89.0|96.0|101.0|30.0|952.0|119.0|48.0|126.0|53.0|268.0|0|0|0|0|0|0|0|0|0|0|0|0|0|0|0|0|0|0|0|0|1
156.31|446.5|446.56|0.0|0|0|0|4.433497536945813|224.73|62.53|287.27|0.0|0|0|0|0.5911330049261084|152.5|29.5|182.0|9.753694581280788|82.97|322.24|344.61|1.7733990147783252|60.5|390.83|451.33|2.955665024630542|69.9|327.2|397.1|83.5|75.0|505.0|88.5|80.0|163.5|76.0|56.0|105.0|181.0|161.0|237.0|77.88|80.12|68.88|146.75|149.0|226.88|72.0|89.0|80.0|152.0|169.0|241.0|204.8|73.8|191.4|196.2|265.2|270.0|60.67|64.33|44.67|105.33|109.0|169.67|0|0|0|0|0|0|75.75|72.25|22.0|97.75|94.25|170.0|77.0|61.0|84.0|161.0|145.0|222.0|71.25|81.5|65.0|136.25|146.5|217.75|0|0|0|0|0|0|0|0|0|0|0|0|0|0|0|0|0|0|0|0|0|0|0|0|0|0|0|0|0|0|0|0|0|0|0|0|0|0|0|0|0|0|0|0|0|0|0|0|0|0|86.0|77.0|76.0|974.0|50.0|60.0|127.0|51.0|126.0|263.0|0|0|0|0|0|0|0|0|0|0|0|0|0|0|0|0|0|0|0|0|0|0|0|0|0|0|0|0|0|0|77.0|61.0|76.0|84.0|82.0|161.0|143.0|145.0|158.0|380.0|1
167.66|465.97|502.05|0.0|0|0|0|2.34375|229.6|248.0|477.6|0.0|0|0|0|4.6875|173.3|63.0|236.3|8.90625|88.84|276.63|365.47|1.40625|65.0|220.67|285.67|0.9375|87.0|132.0|219.0|85.0|65.0|35.0|120.0|100.0|185.0|56.5|63.0|60.5|117.0|123.5|180.0|80.0|86.5|273.5|353.5|360.0|440.0|72.0|84.0|86.0|158.0|170.0|242.0|69.0|84.0|82.0|151.0|166.0|235.0|0|0|0|0|0|0|69.0|75.0|47.0|116.0|122.0|191.0|0|0|0|0|0|0|0|0|0|0|0|0|0|0|0|0|0|0|57.0|69.0|84.0|64.0|82.0|121.0|151.0|133.0|166.0|356.0|0|0|0|0|0|0|0|0|0|0|0|0|0|0|0|0|0|0|0|0|0|0|0|0|0|0|0|0|0|0|0|0|0|0|0|0|0|0|0|0|0|0|0|0|0|0|0|0|0|0|0|0|0|0|0|0|0|0|0|0|0|0|0|0|0|0|0|0|0|0|48.0|85.0|65.0|136.0|35.0|184.0|120.0|221.0|100.0|369.0|0|0|0|0|0|0|0|0|0|0|1
267.34|481.75|463.38|0.0|0|0|0|3.2876712328767126|255.83|297.83|387.0|0.0|0|0|0|3.0136986301369864|197.45|50.45|247.91|13.15068493150685|80.77|282.38|342.31|0.547945205479452|37.0|82.5|119.5|3.0136986301369864|80.27|204.27|284.55|269.0|49.33|237.33|173.0|286.67|222.33|68.0|65.0|69.0|137.0|134.0|202.0|73.5|71.5|80.75|154.25|152.25|225.75|70.0|86.5|78.5|148.5|165.0|235.0|65.0|96.0|119.0|184.0|215.0|280.0|60.67|63.0|42.0|102.67|105.0|165.67|63.0|68.67|36.0|99.0|104.67|167.67|70.6|70.8|210.4|81.0|81.2|151.8|0|0|0|0|0|0|67.5|77.83|73.5|141.0|151.33|218.83|68.0|65.0|96.0|69.0|119.0|137.0|184.0|134.0|215.0|417.0|84.0|96.0|80.0|20.0|20.0|104.0|116.0|116.0|100.0|300.0|0|0|0|0|0|0|0|0|0|0|0|0|0|0|0|0|0|0|0|0|0|0|0|0|0|0|0|0|0|0|81.0|68.0|57.0|22.0|31.0|103.0|99.0|90.0|88.0|259.0|0|0|0|0|0|0|0|0|0|0|67.0|69.33|81.0|332.33|66.0|66.0|135.33|68.33|147.0|282.33|0|0|0|0|0|0|0|0|0|0|0|0|0|0|0|0|0|0|0|0|1
