2019-12-12 12:35:45,410|release|Key.enter
2019-12-12 12:36:21,434|press|Key.cmd
2019-12-12 12:36:21,577|press|Key.left
2019-12-12 12:36:21,681|release|Key.left
2019-12-12 12:36:21,913|release|Key.cmd
2019-12-12 12:36:22,248|press|Key.cmd
2019-12-12 12:36:22,420|press|Key.left
2019-12-12 12:36:22,575|release|Key.left
2019-12-12 12:36:22,660|release|Key.cmd
2019-12-12 12:36:45,006|press|Key.shift
2019-12-12 12:36:45,166|press|'E'
2019-12-12 12:36:45,262|release|'E'
2019-12-12 12:36:45,311|release|Key.shift
2019-12-12 12:36:45,997|press|Key.backspace
2019-12-12 12:36:46,061|release|Key.backspace
2019-12-12 12:36:46,524|press|Key.space
2019-12-12 12:36:46,532|press|Key.cmd
2019-12-12 12:36:46,692|release|Key.cmd
2019-12-12 12:36:46,701|release|Key.space
2019-12-12 12:36:46,886|press|Key.shift
2019-12-12 12:36:47,170|press|'E'
2019-12-12 12:36:47,282|release|Key.shift
2019-12-12 12:36:47,291|release|'e'
2019-12-12 12:36:48,301|press|Key.backspace
2019-12-12 12:36:48,377|release|Key.backspace
2019-12-12 12:36:48,677|press|Key.cmd
2019-12-12 12:36:48,693|press|Key.space
2019-12-12 12:36:48,846|release|Key.cmd
2019-12-12 12:36:48,847|release|Key.space
2019-12-12 12:36:49,392|press|Key.shift
2019-12-12 12:36:49,640|press|'У'
2019-12-12 12:36:49,732|release|'У'
2019-12-12 12:36:49,757|release|Key.shift
2019-12-12 12:36:50,144|press|'л'
2019-12-12 12:36:50,183|press|'и'
2019-12-12 12:36:50,199|release|'л'
2019-12-12 12:36:50,255|release|'и'
2019-12-12 12:36:51,312|press|'ц'
2019-12-12 12:36:51,396|press|'а'
2019-12-12 12:36:51,460|release|'ц'
2019-12-12 12:36:51,484|release|'а'
2019-12-12 12:36:52,534|press|Key.enter
2019-12-12 12:36:52,602|release|Key.enter
2019-12-12 12:36:53,040|press|Key.shift
2019-12-12 12:36:53,716|press|'П'
2019-12-12 12:36:53,780|release|'П'
2019-12-12 12:36:53,841|release|Key.shift
2019-12-12 12:36:54,542|press|'у'
2019-12-12 12:36:54,613|release|'у'
2019-12-12 12:36:54,776|press|'ш'
2019-12-12 12:36:54,843|release|'ш'
2019-12-12 12:36:55,043|press|'к'
2019-12-12 12:36:55,119|press|'и'
2019-12-12 12:36:55,135|release|'к'
2019-12-12 12:36:55,195|release|'и'
2019-12-12 12:36:55,321|press|'н'
2019-12-12 12:36:55,377|release|'н'
2019-12-12 12:36:55,548|press|'с'
2019-12-12 12:36:55,624|release|'с'
2019-12-12 12:36:55,816|press|'к'
2019-12-12 12:36:55,920|press|'а'
2019-12-12 12:36:55,960|release|'к'
2019-12-12 12:36:56,000|release|'а'
2019-12-12 12:36:56,166|press|'я'
2019-12-12 12:36:56,279|release|'я'
2019-12-12 12:36:56,828|press|Key.enter
2019-12-12 12:36:56,900|release|Key.enter
2019-12-12 12:36:57,061|press|Key.shift
2019-12-12 12:36:57,332|press|'Л'
2019-12-12 12:36:57,372|release|Key.shift
2019-12-12 12:36:57,400|release|'л'
2019-12-12 12:36:57,552|press|'е'
2019-12-12 12:36:57,616|release|'е'
2019-12-12 12:36:57,984|press|'ф'
2019-12-12 12:36:58,056|press|'о'
2019-12-12 12:36:58,076|release|'ф'
2019-12-12 12:36:58,120|release|'о'
2019-12-12 12:36:58,236|press|'р'
2019-12-12 12:36:58,312|release|'р'
2019-12-12 12:36:58,460|press|'т'
2019-12-12 12:36:58,524|press|'о'
2019-12-12 12:36:58,584|release|'т'
2019-12-12 12:36:58,640|release|'о'
2019-12-12 12:36:58,901|press|'в'
2019-12-12 12:36:58,985|release|'в'
2019-12-12 12:36:59,100|press|'с'
2019-12-12 12:36:59,200|release|'с'
2019-12-12 12:36:59,317|press|'к'
2019-12-12 12:36:59,377|press|'а'
2019-12-12 12:36:59,429|release|'к'
2019-12-12 12:36:59,457|release|'а'
2019-12-12 12:36:59,591|press|'я'
2019-12-12 12:36:59,696|release|'я'
2019-12-12 12:37:00,104|press|Key.enter
2019-12-12 12:37:00,166|release|Key.enter
2019-12-12 12:37:01,634|press|Key.shift
2019-12-12 12:37:01,834|press|'Г'
2019-12-12 12:37:01,904|release|Key.shift
2019-12-12 12:37:01,904|release|'г'
2019-12-12 12:37:01,988|press|'о'
2019-12-12 12:37:02,064|release|'о'
2019-12-12 12:37:02,189|press|'н'
2019-12-12 12:37:02,257|release|'н'
2019-12-12 12:37:02,592|press|'ч'
2019-12-12 12:37:02,692|press|'а'
2019-12-12 12:37:02,736|release|'ч'
2019-12-12 12:37:02,816|release|'а'
2019-12-12 12:37:02,944|press|'р'
2019-12-12 12:37:03,008|release|'р'
2019-12-12 12:37:03,247|press|'н'
2019-12-12 12:37:03,311|release|'н'
2019-12-12 12:37:03,371|press|'а'
2019-12-12 12:37:03,487|release|'а'
2019-12-12 12:37:03,491|press|'я'
2019-12-12 12:37:03,627|release|'я'
2019-12-12 12:37:04,101|press|Key.enter
2019-12-12 12:37:04,151|release|Key.enter
2019-12-12 12:37:06,162|press|Key.shift
2019-12-12 12:37:06,406|press|'Д'
2019-12-12 12:37:06,478|release|'Д'
2019-12-12 12:37:06,481|release|Key.shift
2019-12-12 12:37:06,608|press|'о'
2019-12-12 12:37:06,668|release|'о'
2019-12-12 12:37:07,091|press|'х'
2019-12-12 12:37:07,155|release|'х'
2019-12-12 12:37:07,324|press|'о'
2019-12-12 12:37:07,380|release|'о'
2019-12-12 12:37:07,762|press|'д'
2019-12-12 12:37:07,826|press|'ы'
2019-12-12 12:37:07,833|release|'д'
2019-12-12 12:37:07,902|release|'ы'
2019-12-12 12:37:08,981|press|Key.enter
2019-12-12 12:37:09,045|release|Key.enter
2019-12-12 12:37:11,019|press|'5'
2019-12-12 12:37:11,088|release|'5'
2019-12-12 12:37:11,166|press|'5'
2019-12-12 12:37:11,234|release|'5'
2019-12-12 12:37:12,232|press|'7'
2019-12-12 12:37:12,312|release|'7'
2019-12-12 12:37:12,404|press|'8'
2019-12-12 12:37:12,480|release|'8'
2019-12-12 12:37:12,555|press|'8'
2019-12-12 12:37:12,623|release|'8'
2019-12-12 12:37:14,826|press|Key.shift
2019-12-12 12:37:14,982|press|','
2019-12-12 12:37:15,046|release|','
2019-12-12 12:37:15,138|release|Key.shift
2019-12-12 12:37:16,936|press|'0'
2019-12-12 12:37:16,987|release|'0'
2019-12-12 12:37:17,070|press|'0'
2019-12-12 12:37:17,138|release|'0'
2019-12-12 12:37:29,099|press|Key.shift
2019-12-12 12:37:30,481|release|Key.shift
2019-12-12 12:37:31,306|press|Key.shift
2019-12-12 12:37:31,414|press|'З'
2019-12-12 12:37:31,495|release|'З'
2019-12-12 12:37:31,727|release|Key.shift
2019-12-12 12:37:32,268|press|Key.backspace
2019-12-12 12:37:32,364|release|Key.backspace
2019-12-12 12:37:33,413|press|'р'
2019-12-12 12:37:33,489|release|'р'
2019-12-12 12:37:34,168|press|Key.backspace
2019-12-12 12:37:34,241|release|Key.backspace
2019-12-12 12:37:34,345|press|Key.shift
2019-12-12 12:37:34,505|press|'Р'
2019-12-12 12:37:34,564|release|'Р'
2019-12-12 12:37:34,701|release|Key.shift
2019-12-12 12:37:35,201|press|Key.enter
2019-12-12 12:37:35,258|release|Key.enter
2019-12-12 12:37:36,851|press|'3'
2019-12-12 12:37:36,929|release|'3'
2019-12-12 12:37:37,020|press|'3'
2019-12-12 12:37:37,125|release|'3'
2019-12-12 12:37:38,060|press|'3'
2019-12-12 12:37:38,136|release|'3'
2019-12-12 12:37:38,333|press|'1'
2019-12-12 12:37:38,412|press|'4'
2019-12-12 12:37:38,440|release|'1'
2019-12-12 12:37:38,481|release|'4'
2019-12-12 12:37:41,427|press|Key.backspace
2019-12-12 12:37:41,488|release|Key.backspace
2019-12-12 12:37:41,573|press|Key.backspace
2019-12-12 12:37:41,657|release|Key.backspace
2019-12-12 12:37:41,723|press|Key.backspace
2019-12-12 12:37:41,804|release|Key.backspace
2019-12-12 12:37:42,356|press|'1'
2019-12-12 12:37:42,469|release|'1'
2019-12-12 12:37:44,039|press|'8'
2019-12-12 12:37:44,095|release|'8'
2019-12-12 12:37:44,160|press|'8'
2019-12-12 12:37:44,248|release|'8'
2019-12-12 12:37:44,702|press|Key.shift
2019-12-12 12:37:45,037|press|','
2019-12-12 12:37:45,101|release|','
2019-12-12 12:37:45,170|release|Key.shift
2019-12-12 12:37:46,009|press|'0'
2019-12-12 12:37:46,061|release|'0'
2019-12-12 12:37:46,134|press|'0'
2019-12-12 12:37:46,215|release|'0'
2019-12-12 12:37:46,689|press|Key.shift
2019-12-12 12:37:49,249|press|'Р'
2019-12-12 12:37:49,321|release|'Р'
2019-12-12 12:37:49,502|release|Key.shift
2019-12-12 12:37:49,754|press|Key.enter
2019-12-12 12:37:49,790|release|Key.enter
2019-12-12 12:37:51,365|press|'2'
2019-12-12 12:37:51,443|press|'3'
2019-12-12 12:37:51,513|release|'2'
2019-12-12 12:37:51,545|release|'3'
2019-12-12 12:37:52,484|press|'7'
2019-12-12 12:37:52,556|release|'7'
2019-12-12 12:37:52,902|press|'8'
2019-12-12 12:37:52,958|release|'8'
2019-12-12 12:37:53,028|press|'8'
2019-12-12 12:37:53,104|release|'8'
2019-12-12 12:37:53,595|press|Key.shift
2019-12-12 12:37:53,807|press|','
2019-12-12 12:37:53,867|release|','
2019-12-12 12:37:53,916|release|Key.shift
2019-12-12 12:37:54,284|press|'0'
2019-12-12 12:37:54,349|release|'0'
2019-12-12 12:37:54,416|press|'0'
2019-12-12 12:37:54,496|release|'0'
2019-12-12 12:37:55,103|press|Key.shift
2019-12-12 12:37:55,631|press|'Р'
2019-12-12 12:37:55,703|release|'Р'
2019-12-12 12:37:55,827|release|Key.shift
2019-12-12 12:37:56,067|press|Key.enter
2019-12-12 12:37:56,144|release|Key.enter
2019-12-12 12:37:56,719|press|Key.up
2019-12-12 12:37:56,847|release|Key.up
2019-12-12 12:37:56,925|press|Key.up
2019-12-12 12:37:57,001|release|Key.up
2019-12-12 12:37:57,040|press|Key.up
2019-12-12 12:37:57,164|release|Key.up
2019-12-12 12:37:57,627|press|Key.up
2019-12-12 12:37:57,739|release|Key.up
2019-12-12 12:37:57,789|press|Key.right
2019-12-12 12:37:57,921|release|Key.right
2019-12-12 12:37:58,309|press|Key.shift
2019-12-12 12:37:58,469|press|'Н'
2019-12-12 12:37:58,533|release|'Н'
2019-12-12 12:37:58,537|release|Key.shift
2019-12-12 12:37:58,649|press|'а'
2019-12-12 12:37:58,725|release|'а'
2019-12-12 12:37:58,784|press|'л'
2019-12-12 12:37:58,888|press|'о'
2019-12-12 12:37:58,912|release|'л'
2019-12-12 12:37:58,988|release|'о'
2019-12-12 12:37:59,120|press|'г'
2019-12-12 12:37:59,209|release|'г'
2019-12-12 12:37:59,269|press|'и'
2019-12-12 12:37:59,357|release|'и'
2019-12-12 12:38:00,044|press|Key.enter
2019-12-12 12:38:00,108|release|Key.enter
2019-12-12 12:38:01,321|press|'7'
2019-12-12 12:38:01,397|release|'7'
2019-12-12 12:38:04,018|press|'2'
2019-12-12 12:38:04,102|release|'2'
2019-12-12 12:38:04,110|press|'5'
2019-12-12 12:38:04,174|release|'5'
2019-12-12 12:38:04,204|press|'2'
2019-12-12 12:38:04,284|release|'2'
2019-12-12 12:38:05,170|press|Key.shift
2019-12-12 12:38:05,930|press|','
2019-12-12 12:38:05,982|release|Key.shift
2019-12-12 12:38:06,002|release|'6'
2019-12-12 12:38:06,439|press|'4'
2019-12-12 12:38:06,523|release|'4'
2019-12-12 12:38:06,626|press|'4'
2019-12-12 12:38:06,706|release|'4'
2019-12-12 12:38:07,337|press|Key.shift
2019-12-12 12:38:07,969|press|'О'
2019-12-12 12:38:08,041|release|'О'
2019-12-12 12:38:08,249|release|Key.shift
2019-12-12 12:38:08,680|press|Key.backspace
2019-12-12 12:38:08,752|release|Key.backspace
2019-12-12 12:38:08,852|press|Key.shift
2019-12-12 12:38:09,100|press|'Р'
2019-12-12 12:38:09,160|release|'Р'
2019-12-12 12:38:09,265|release|Key.shift
2019-12-12 12:38:09,684|press|Key.enter
2019-12-12 12:38:09,752|release|Key.enter
2019-12-12 12:38:11,971|press|'4'
2019-12-12 12:38:12,043|release|'4'
2019-12-12 12:38:12,559|press|'3'
2019-12-12 12:38:12,655|release|'3'
2019-12-12 12:38:12,849|press|'1'
2019-12-12 12:38:12,941|press|'4'
2019-12-12 12:38:12,985|release|'1'
2019-12-12 12:38:12,997|release|'4'
2019-12-12 12:38:14,161|press|Key.shift
2019-12-12 12:38:14,313|press|','
2019-12-12 12:38:14,381|release|','
2019-12-12 12:38:14,445|release|Key.shift
2019-12-12 12:38:15,406|press|'4'
2019-12-12 12:38:15,478|release|'4'
2019-12-12 12:38:15,565|press|'4'
2019-12-12 12:38:15,669|release|'4'
2019-12-12 12:38:16,164|press|Key.shift
2019-12-12 12:38:17,308|press|'Р'
2019-12-12 12:38:17,380|release|'Р'
2019-12-12 12:38:17,472|release|Key.shift
2019-12-12 12:38:18,693|press|Key.enter
2019-12-12 12:38:18,749|release|Key.enter
2019-12-12 12:38:19,598|press|'3'
2019-12-12 12:38:19,694|release|'3'
2019-12-12 12:38:21,566|press|'0'
2019-12-12 12:38:21,630|release|'0'
2019-12-12 12:38:22,261|press|'9'
2019-12-12 12:38:22,317|press|'2'
2019-12-12 12:38:22,325|release|'9'
2019-12-12 12:38:22,402|release|'2'
2019-12-12 12:38:23,166|press|Key.shift
2019-12-12 12:38:23,558|press|','
2019-12-12 12:38:23,629|release|','
2019-12-12 12:38:23,655|release|Key.shift
2019-12-12 12:38:24,162|press|'4'
2019-12-12 12:38:24,218|release|'4'
2019-12-12 12:38:24,362|press|'4'
2019-12-12 12:38:24,447|release|'4'
2019-12-12 12:38:24,827|press|Key.shift
2019-12-12 12:38:25,162|press|'О'
2019-12-12 12:38:25,226|release|'О'
2019-12-12 12:38:25,387|release|Key.shift
2019-12-12 12:38:25,707|press|Key.backspace
2019-12-12 12:38:25,780|release|Key.backspace
2019-12-12 12:38:25,909|press|Key.shift
2019-12-12 12:38:26,165|press|'Р'
2019-12-12 12:38:26,236|release|'Р'
2019-12-12 12:38:26,325|release|Key.shift
2019-12-12 12:38:26,821|press|Key.enter
2019-12-12 12:38:26,894|release|Key.enter
2019-12-12 12:38:27,404|press|Key.up
2019-12-12 12:38:27,449|release|Key.up
2019-12-12 12:38:27,541|press|Key.up
2019-12-12 12:38:27,618|release|Key.up
2019-12-12 12:38:27,691|press|Key.up
2019-12-12 12:38:27,764|release|Key.up
2019-12-12 12:38:28,164|press|Key.up
2019-12-12 12:38:28,233|release|Key.up
2019-12-12 12:38:28,291|press|Key.up
2019-12-12 12:38:28,348|release|Key.up
2019-12-12 12:38:28,539|press|Key.right
2019-12-12 12:38:28,696|release|Key.right
2019-12-12 12:38:29,313|press|Key.shift
2019-12-12 12:38:29,664|press|'Р'
2019-12-12 12:38:29,725|release|Key.shift
2019-12-12 12:38:29,741|release|'р'
2019-12-12 12:38:29,814|press|'а'
2019-12-12 12:38:29,902|release|'а'
2019-12-12 12:38:30,045|press|'с'
2019-12-12 12:38:30,145|release|'с'
2019-12-12 12:38:30,340|press|'х'
2019-12-12 12:38:30,408|release|'х'
2019-12-12 12:38:30,593|press|'о'
2019-12-12 12:38:30,645|release|'о'
2019-12-12 12:38:30,744|press|'д'
2019-12-12 12:38:30,836|release|'д'
2019-12-12 12:38:30,888|press|'ы'
2019-12-12 12:38:30,961|release|'ы'
2019-12-12 12:38:31,409|press|Key.enter
2019-12-12 12:38:31,482|release|Key.enter
2019-12-12 12:38:32,739|press|'7'
2019-12-12 12:38:32,800|release|'7'
2019-12-12 12:38:35,113|press|'8'
2019-12-12 12:38:35,182|release|'8'
2019-12-12 12:38:35,764|press|'7'
2019-12-12 12:38:35,843|release|'7'
2019-12-12 12:38:35,855|press|'2'
2019-12-12 12:38:35,931|release|'2'
2019-12-12 12:38:37,877|press|Key.shift
2019-12-12 12:38:37,993|press|','
2019-12-12 12:38:38,056|release|','
2019-12-12 12:38:38,113|release|Key.shift
2019-12-12 12:38:39,213|press|'0'
2019-12-12 12:38:39,261|release|'0'
2019-12-12 12:38:39,329|press|'0'
2019-12-12 12:38:39,410|release|'0'
2019-12-12 12:38:39,966|press|Key.shift
2019-12-12 12:38:40,321|press|'О'
2019-12-12 12:38:40,381|release|'О'
2019-12-12 12:38:40,534|release|Key.shift
2019-12-12 12:38:40,802|press|Key.backspace
2019-12-12 12:38:40,871|release|Key.backspace
2019-12-12 12:38:41,006|press|Key.shift
2019-12-12 12:38:41,169|press|'Р'
2019-12-12 12:38:41,225|release|'Р'
2019-12-12 12:38:41,306|release|Key.shift
2019-12-12 12:38:41,685|press|Key.enter
2019-12-12 12:38:41,737|release|Key.enter
2019-12-12 12:38:43,284|press|'4'
2019-12-12 12:38:43,379|release|'4'
2019-12-12 12:38:44,107|press|'2'
2019-12-12 12:38:44,175|release|'2'
2019-12-12 12:38:44,289|press|'2'
2019-12-12 12:38:44,385|release|'2'
2019-12-12 12:38:44,530|press|'1'
2019-12-12 12:38:44,647|release|'1'
2019-12-12 12:38:45,782|press|Key.shift
2019-12-12 12:38:46,125|press|','
2019-12-12 12:38:46,189|release|','
2019-12-12 12:38:46,270|release|Key.shift
2019-12-12 12:38:47,207|press|'0'
2019-12-12 12:38:47,263|release|'0'
2019-12-12 12:38:47,331|press|'0'
2019-12-12 12:38:47,411|release|'0'
2019-12-12 12:38:47,601|press|Key.shift
2019-12-12 12:38:47,984|press|'Р'
2019-12-12 12:38:48,048|release|'Р'
2019-12-12 12:38:48,173|release|Key.shift
2019-12-12 12:38:48,428|press|Key.enter
2019-12-12 12:38:48,501|release|Key.enter
2019-12-12 12:38:49,822|press|'3'
2019-12-12 12:38:49,942|release|'3'
2019-12-12 12:38:50,996|press|'9'
2019-12-12 12:38:51,064|release|'9'
2019-12-12 12:38:51,959|press|'3'
2019-12-12 12:38:52,015|press|'4'
2019-12-12 12:38:52,023|release|'3'
2019-12-12 12:38:52,088|release|'4'
2019-12-12 12:38:53,498|press|Key.shift
2019-12-12 12:38:53,750|press|','
2019-12-12 12:38:53,822|release|','
2019-12-12 12:38:53,871|release|Key.shift
2019-12-12 12:38:54,563|press|'0'
2019-12-12 12:38:54,615|release|'0'
2019-12-12 12:38:54,693|press|'0'
2019-12-12 12:38:54,766|release|'0'
2019-12-12 12:38:55,837|press|Key.shift
2019-12-12 12:38:56,157|press|'Р'
2019-12-12 12:38:56,226|release|'Р'
2019-12-12 12:38:56,361|release|Key.shift
2019-12-12 12:38:56,731|press|Key.enter
2019-12-12 12:38:56,796|release|Key.enter
2019-12-12 12:39:19,002|press|Key.shift
2019-12-12 12:39:19,177|press|'М'
2019-12-12 12:39:19,202|release|Key.shift
2019-12-12 12:39:19,245|release|'м'
2019-12-12 12:39:19,314|press|'о'
2019-12-12 12:39:19,410|release|'о'
2019-12-12 12:39:19,456|press|'с'
2019-12-12 12:39:19,541|release|'с'
2019-12-12 12:39:19,654|press|'к'
2019-12-12 12:39:19,774|release|'к'
2019-12-12 12:39:19,785|press|'о'
2019-12-12 12:39:19,869|release|'о'
2019-12-12 12:39:22,422|press|Key.backspace
2019-12-12 12:39:22,498|release|Key.backspace
2019-12-12 12:39:22,851|press|'в'
2019-12-12 12:39:22,922|press|'о'
2019-12-12 12:39:22,950|release|'в'
2019-12-12 12:39:22,995|release|'о'
2019-12-12 12:39:23,093|press|'р'
2019-12-12 12:39:23,166|release|'р'
2019-12-12 12:39:23,210|press|'е'
2019-12-12 12:39:23,294|release|'е'
2019-12-12 12:39:23,640|press|'ч'
2019-12-12 12:39:23,717|release|'ч'
2019-12-12 12:39:24,242|press|'ь'
2019-12-12 12:39:24,290|release|'ь'
2019-12-12 12:39:24,330|press|'е'
2019-12-12 12:39:24,398|release|'е'
2019-12-12 12:39:25,241|press|Key.enter
2019-12-12 12:39:25,310|release|Key.enter
2019-12-12 12:39:26,117|press|Key.shift
2019-12-12 12:39:26,493|press|'К'
2019-12-12 12:39:26,572|release|'К'
2019-12-12 12:39:26,589|release|Key.shift
2019-12-12 12:39:26,713|press|'е'
2019-12-12 12:39:26,785|release|'е'
2019-12-12 12:39:26,896|press|'р'
2019-12-12 12:39:26,960|release|'р'
2019-12-12 12:39:27,157|press|'ч'
2019-12-12 12:39:27,234|release|'ч'
2019-12-12 12:39:27,382|press|'е'
2019-12-12 12:39:27,458|release|'е'
2019-12-12 12:39:27,546|press|'н'
2019-12-12 12:39:27,623|release|'н'
2019-12-12 12:39:27,996|press|'с'
2019-12-12 12:39:28,109|release|'с'
2019-12-12 12:39:28,220|press|'к'
2019-12-12 12:39:28,288|press|'а'
2019-12-12 12:39:28,349|release|'к'
2019-12-12 12:39:28,381|release|'а'
2019-12-12 12:39:28,520|press|'я'
2019-12-12 12:39:28,645|release|'я'
2019-12-12 12:39:29,093|press|Key.enter
2019-12-12 12:39:29,165|release|Key.enter
2019-12-12 12:39:29,440|press|Key.shift
2019-12-12 12:39:29,780|press|'С'
2019-12-12 12:39:29,869|release|'С'
2019-12-12 12:39:29,881|release|Key.shift
2019-12-12 12:39:29,950|press|'е'
2019-12-12 12:39:30,026|release|'е'
2019-12-12 12:39:30,112|press|'в'
2019-12-12 12:39:30,179|press|'а'
2019-12-12 12:39:30,243|release|'в'
2019-12-12 12:39:30,292|release|'а'
2019-12-12 12:39:30,468|press|'н'
2019-12-12 12:39:30,536|release|'н'
2019-12-12 12:39:30,821|press|'с'
2019-12-12 12:39:30,910|release|'с'
2019-12-12 12:39:30,997|press|'к'
2019-12-12 12:39:31,062|press|'а'
2019-12-12 12:39:31,117|release|'к'
2019-12-12 12:39:31,170|release|'а'
2019-12-12 12:39:31,280|press|'я'
2019-12-12 12:39:31,404|release|'я'
2019-12-12 12:39:31,435|press|Key.enter
2019-12-12 12:39:31,544|release|Key.enter
2019-12-12 12:39:33,137|press|Key.up
2019-12-12 12:39:33,213|release|Key.up
2019-12-12 12:39:33,293|press|Key.up
2019-12-12 12:39:33,358|release|Key.up
2019-12-12 12:39:33,662|press|Key.up
2019-12-12 12:39:33,795|release|Key.up
2019-12-12 12:39:33,815|press|Key.right
2019-12-12 12:39:33,952|release|Key.right
2019-12-12 12:39:37,938|press|'1'
2019-12-12 12:39:38,004|press|'8'
2019-12-12 12:39:38,023|release|'1'
2019-12-12 12:39:38,066|release|'8'
2019-12-12 12:39:39,178|press|'9'
2019-12-12 12:39:39,254|release|'9'
2019-12-12 12:39:40,210|press|'6'
2019-12-12 12:39:40,274|release|'6'
2019-12-12 12:39:40,314|press|'3'
2019-12-12 12:39:40,381|release|'3'
2019-12-12 12:39:42,700|press|'7'
2019-12-12 12:39:42,764|release|'7'
2019-12-12 12:39:43,143|press|'8'
2019-12-12 12:39:43,200|release|'8'
2019-12-12 12:39:43,264|press|'8'
2019-12-12 12:39:43,344|release|'8'
2019-12-12 12:39:44,043|press|Key.shift
2019-12-12 12:39:44,327|press|','
2019-12-12 12:39:44,395|release|','
2019-12-12 12:39:44,475|release|Key.shift
2019-12-12 12:39:45,334|press|'0'
2019-12-12 12:39:45,382|release|'0'
2019-12-12 12:39:45,457|press|'0'
2019-12-12 12:39:45,533|release|'0'
2019-12-12 12:39:45,742|press|Key.shift
2019-12-12 12:39:46,002|press|'Р'
2019-12-12 12:39:46,074|release|'Р'
2019-12-12 12:39:46,110|release|Key.shift
2019-12-12 12:39:46,292|press|Key.enter
2019-12-12 12:39:46,393|release|Key.enter
2019-12-12 12:39:48,088|press|'7'
2019-12-12 12:39:48,166|release|'7'
2019-12-12 12:39:49,754|press|'1'
2019-12-12 12:39:49,874|release|'1'
2019-12-12 12:39:50,346|press|'6'
2019-12-12 12:39:50,402|release|'6'
2019-12-12 12:39:50,414|press|'3'
2019-12-12 12:39:50,494|release|'3'
2019-12-12 12:39:51,694|press|'7'
2019-12-12 12:39:51,750|release|'7'
2019-12-12 12:39:51,878|press|'8'
2019-12-12 12:39:51,938|release|'8'
2019-12-12 12:39:51,992|press|'8'
2019-12-12 12:39:52,068|release|'8'
2019-12-12 12:39:52,773|press|Key.shift
2019-12-12 12:39:53,269|press|','
2019-12-12 12:39:53,333|release|','
2019-12-12 12:39:53,389|release|Key.shift
2019-12-12 12:39:53,959|press|'0'
2019-12-12 12:39:53,995|release|'0'
2019-12-12 12:39:54,061|press|'0'
2019-12-12 12:39:54,129|release|'0'
2019-12-12 12:39:54,251|press|Key.shift
2019-12-12 12:39:54,659|press|'Р'
2019-12-12 12:39:54,727|release|'Р'
2019-12-12 12:39:54,787|release|Key.shift
2019-12-12 12:39:55,001|press|Key.enter
2019-12-12 12:39:55,090|release|Key.enter
2019-12-12 12:39:56,523|press|'8'
2019-12-12 12:39:56,587|release|'8'
2019-12-12 12:39:58,029|press|'9'
2019-12-12 12:39:58,101|release|'9'
2019-12-12 12:39:58,375|press|'2'
2019-12-12 12:39:58,419|press|'3'
2019-12-12 12:39:58,487|release|'2'
2019-12-12 12:39:58,523|release|'3'
2019-12-12 12:39:59,920|press|'7'
2019-12-12 12:39:59,980|release|'7'
2019-12-12 12:40:00,163|press|'8'
2019-12-12 12:40:00,235|release|'8'
2019-12-12 12:40:00,309|press|'8'
2019-12-12 12:40:00,389|release|'8'
2019-12-12 12:40:01,323|press|Key.shift
2019-12-12 12:40:01,723|press|','
2019-12-12 12:40:01,791|release|','
2019-12-12 12:40:01,835|release|Key.shift
2019-12-12 12:40:02,268|press|'0'
2019-12-12 12:40:02,316|release|'0'
2019-12-12 12:40:02,391|press|'0'
2019-12-12 12:40:02,467|release|'0'
2019-12-12 12:40:03,007|press|Key.shift
2019-12-12 12:40:03,211|press|'Р'
2019-12-12 12:40:03,279|release|'Р'
2019-12-12 12:40:03,327|release|Key.shift
2019-12-12 12:40:03,509|press|Key.enter
2019-12-12 12:40:03,609|release|Key.enter
2019-12-12 12:40:04,110|press|Key.up
2019-12-12 12:40:04,146|release|Key.up
2019-12-12 12:40:04,264|press|Key.up
2019-12-12 12:40:04,313|release|Key.up
2019-12-12 12:40:04,463|press|Key.right
2019-12-12 12:40:04,631|release|Key.right
2019-12-12 12:40:04,719|press|Key.up
2019-12-12 12:40:04,803|release|Key.up
2019-12-12 12:40:15,746|press|'2'
2019-12-12 12:40:15,824|release|'2'
2019-12-12 12:40:17,399|press|'4'
2019-12-12 12:40:17,475|release|'4'
2019-12-12 12:40:17,760|press|'6'
2019-12-12 12:40:17,831|press|'5'
2019-12-12 12:40:17,864|release|'6'
2019-12-12 12:40:17,924|release|'5'
2019-12-12 12:40:19,384|press|'2'
2019-12-12 12:40:19,453|release|'2'
2019-12-12 12:40:19,517|press|'9'
2019-12-12 12:40:19,566|press|'2'
2019-12-12 12:40:19,567|release|'9'
2019-12-12 12:40:19,642|release|'2'
2019-12-12 12:40:20,437|press|Key.shift
2019-12-12 12:40:21,501|press|','
2019-12-12 12:40:21,576|release|','
2019-12-12 12:40:21,590|release|Key.shift
2019-12-12 12:40:21,896|press|'4'
2019-12-12 12:40:21,957|release|'4'
2019-12-12 12:40:22,079|press|'4'
2019-12-12 12:40:22,156|release|'4'
2019-12-12 12:40:22,580|press|Key.shift
2019-12-12 12:40:23,011|press|'Р'
2019-12-12 12:40:23,091|release|'Р'
2019-12-12 12:40:23,184|release|Key.shift
2019-12-12 12:40:23,520|press|Key.enter
2019-12-12 12:40:23,572|release|Key.enter
2019-12-12 12:40:25,112|press|'9'
2019-12-12 12:40:25,193|release|'9'
2019-12-12 12:40:26,111|press|'3'
2019-12-12 12:40:26,186|press|'1'
2019-12-12 12:40:26,246|release|'3'
2019-12-12 12:40:26,291|release|'1'
2019-12-12 12:40:27,162|press|'2'
2019-12-12 12:40:27,243|release|'2'
2019-12-12 12:40:27,718|press|'9'
2019-12-12 12:40:27,787|release|'9'
2019-12-12 12:40:27,931|press|'2'
2019-12-12 12:40:28,019|release|'2'
2019-12-12 12:40:29,492|press|Key.shift
2019-12-12 12:40:29,796|press|','
2019-12-12 12:40:29,864|release|','
2019-12-12 12:40:29,909|release|Key.shift
2019-12-12 12:40:30,336|press|'4'
2019-12-12 12:40:30,398|release|'4'
2019-12-12 12:40:30,504|press|'4'
2019-12-12 12:40:30,556|release|'4'
2019-12-12 12:40:30,847|press|Key.shift
2019-12-12 12:40:31,232|press|'Р'
2019-12-12 12:40:31,303|release|'Р'
2019-12-12 12:40:31,328|release|Key.shift
2019-12-12 12:40:31,545|press|Key.enter
2019-12-12 12:40:31,645|release|Key.enter
2019-12-12 12:40:32,923|press|'1'
2019-12-12 12:40:32,995|release|'1'
2019-12-12 12:40:33,162|press|'1'
2019-12-12 12:40:33,266|release|'1'
2019-12-12 12:40:34,073|press|'6'
2019-12-12 12:40:34,137|press|'0'
2019-12-12 12:40:34,165|release|'6'
2019-12-12 12:40:34,193|release|'0'
2019-12-12 12:40:35,333|press|'0'
2019-12-12 12:40:35,405|release|'0'
2019-12-12 12:40:35,842|press|'9'
2019-12-12 12:40:35,922|press|'2'
2019-12-12 12:40:35,925|release|'9'
2019-12-12 12:40:36,014|release|'2'
2019-12-12 12:40:37,083|press|Key.shift
2019-12-12 12:40:37,210|press|','
2019-12-12 12:40:37,286|release|','
2019-12-12 12:40:37,335|release|Key.shift
2019-12-12 12:40:37,650|press|'4'
2019-12-12 12:40:37,730|release|'4'
2019-12-12 12:40:37,811|press|'4'
2019-12-12 12:40:37,908|release|'4'
2019-12-12 12:40:37,993|press|Key.shift
2019-12-12 12:40:38,677|press|'Р'
2019-12-12 12:40:38,753|release|'Р'
2019-12-12 12:40:38,766|release|Key.shift
2019-12-12 12:40:38,932|press|Key.enter
2019-12-12 12:40:39,000|release|Key.enter
2019-12-12 12:40:39,592|press|Key.up
2019-12-12 12:40:39,652|release|Key.up
2019-12-12 12:40:39,745|press|Key.up
2019-12-12 12:40:39,805|release|Key.up
2019-12-12 12:40:39,883|press|Key.up
2019-12-12 12:40:39,959|release|Key.up
2019-12-12 12:40:40,038|press|Key.right
2019-12-12 12:40:40,162|release|Key.right
2019-12-12 12:40:42,164|press|'8'
2019-12-12 12:40:42,234|release|'8'
2019-12-12 12:40:42,633|press|'9'
2019-12-12 12:40:42,697|press|'7'
2019-12-12 12:40:42,729|release|'9'
2019-12-12 12:40:42,801|release|'7'
2019-12-12 12:40:44,675|press|'2'
2019-12-12 12:40:44,783|release|'2'
2019-12-12 12:40:45,092|press|'3'
2019-12-12 12:40:45,178|press|'4'
2019-12-12 12:40:45,257|release|'3'
2019-12-12 12:40:45,278|release|'4'
2019-12-12 12:40:46,150|press|Key.shift
2019-12-12 12:40:46,446|press|','
2019-12-12 12:40:46,526|release|','
2019-12-12 12:40:46,570|release|Key.shift
2019-12-12 12:40:46,986|press|'0'
2019-12-12 12:40:47,026|release|'0'
2019-12-12 12:40:47,100|press|'0'
2019-12-12 12:40:47,172|release|'0'
2019-12-12 12:40:48,200|press|Key.shift
2019-12-12 12:40:48,500|press|'О'
2019-12-12 12:40:48,572|release|'О'
2019-12-12 12:40:48,737|release|Key.shift
2019-12-12 12:40:49,085|press|Key.backspace
2019-12-12 12:40:49,149|release|Key.backspace
2019-12-12 12:40:49,210|press|Key.shift
2019-12-12 12:40:49,426|press|'Р'
2019-12-12 12:40:49,478|release|'Р'
2019-12-12 12:40:49,582|release|Key.shift
2019-12-12 12:40:49,939|press|Key.enter
2019-12-12 12:40:50,006|release|Key.enter
2019-12-12 12:40:51,754|press|'7'
2019-12-12 12:40:51,825|release|'7'
2019-12-12 12:40:52,801|press|'2'
2019-12-12 12:40:52,889|release|'2'
2019-12-12 12:40:53,278|press|'3'
2019-12-12 12:40:53,330|press|'4'
2019-12-12 12:40:53,354|release|'3'
2019-12-12 12:40:53,390|release|'4'
2019-12-12 12:40:54,909|press|Key.shift
2019-12-12 12:40:55,217|press|','
2019-12-12 12:40:55,281|release|','
2019-12-12 12:40:55,329|release|Key.shift
2019-12-12 12:40:55,739|press|'0'
2019-12-12 12:40:55,788|release|'0'
2019-12-12 12:40:55,867|press|'0'
2019-12-12 12:40:55,939|release|'0'
2019-12-12 12:40:56,379|press|Key.shift
2019-12-12 12:40:56,742|press|'Р'
2019-12-12 12:40:56,815|release|'Р'
2019-12-12 12:40:56,883|release|Key.shift
2019-12-12 12:40:56,997|press|Key.enter
2019-12-12 12:40:57,069|release|Key.enter
2019-12-12 12:40:59,573|press|'1'
2019-12-12 12:40:59,646|release|'1'
2019-12-12 12:40:59,646|press|'9'
2019-12-12 12:40:59,708|release|'9'
2019-12-12 12:41:00,660|press|'2'
2019-12-12 12:41:00,764|release|'2'
2019-12-12 12:41:01,131|press|'3'
2019-12-12 12:41:01,174|press|'4'
2019-12-12 12:41:01,219|release|'3'
2019-12-12 12:41:01,240|release|'4'
2019-12-12 12:41:01,781|press|Key.shift
2019-12-12 12:41:02,029|press|','
2019-12-12 12:41:02,089|release|','
2019-12-12 12:41:02,137|release|Key.shift
2019-12-12 12:41:02,463|press|'0'
2019-12-12 12:41:02,511|release|'0'
2019-12-12 12:41:02,591|press|'0'
2019-12-12 12:41:02,651|release|'0'
2019-12-12 12:41:02,931|press|Key.shift
2019-12-12 12:41:03,539|press|'Р'
2019-12-12 12:41:03,627|release|'Р'
2019-12-12 12:41:03,739|release|Key.shift
2019-12-12 12:41:04,127|press|Key.enter
2019-12-12 12:41:04,212|release|Key.enter
2019-12-12 12:41:19,301|press|Key.shift
2019-12-12 12:41:19,525|press|'П'
2019-12-12 12:41:19,597|release|'П'
2019-12-12 12:41:19,609|release|Key.shift
2019-12-12 12:41:19,722|press|'р'
2019-12-12 12:41:19,750|press|'о'
2019-12-12 12:41:19,810|release|'р'
2019-12-12 12:41:19,875|release|'о'
2019-12-12 12:41:20,020|press|'с'
2019-12-12 12:41:20,089|release|'с'
2019-12-12 12:41:20,224|press|'п'
2019-12-12 12:41:20,299|release|'п'
2019-12-12 12:41:20,303|press|'е'
2019-12-12 12:41:20,400|release|'е'
2019-12-12 12:41:20,546|press|'к'
2019-12-12 12:41:20,625|release|'к'
2019-12-12 12:41:20,701|press|'т'
2019-12-12 12:41:20,782|release|'т'
2019-12-12 12:41:20,876|press|Key.space
2019-12-12 12:41:20,956|release|Key.space
2019-12-12 12:41:21,083|press|Key.shift
2019-12-12 12:41:21,282|press|'А'
2019-12-12 12:41:21,350|release|Key.shift
2019-12-12 12:41:21,370|release|'а'
2019-12-12 12:41:21,719|press|'н'
2019-12-12 12:41:21,796|release|'н'
2019-12-12 12:41:22,138|press|'д'
2019-12-12 12:41:22,206|release|'д'
2019-12-12 12:41:22,433|press|'р'
2019-12-12 12:41:22,497|press|'о'
2019-12-12 12:41:22,541|release|'р'
2019-12-12 12:41:22,597|release|'о'
2019-12-12 12:41:22,760|press|'п'
2019-12-12 12:41:22,792|press|'о'
2019-12-12 12:41:22,824|release|'п'
2019-12-12 12:41:22,864|release|'о'
2019-12-12 12:41:23,047|press|'а'
2019-12-12 12:41:23,124|press|'п'
2019-12-12 12:41:23,195|release|'а'
2019-12-12 12:41:23,216|release|'п'
2019-12-12 12:41:23,476|press|Key.backspace
2019-12-12 12:41:23,545|release|Key.backspace
2019-12-12 12:41:23,631|press|Key.backspace
2019-12-12 12:41:23,715|release|Key.backspace
2019-12-12 12:41:25,015|press|'в'
2019-12-12 12:41:25,086|press|'а'
2019-12-12 12:41:25,131|release|'в'
2019-12-12 12:41:25,159|release|'а'
2019-12-12 12:41:26,383|press|Key.enter
2019-12-12 12:41:26,443|release|Key.enter
2019-12-12 12:41:26,855|press|Key.shift
2019-12-12 12:41:27,150|press|'Д'
2019-12-12 12:41:27,222|release|'Д'
2019-12-12 12:41:27,271|release|Key.shift
2019-12-12 12:41:27,425|press|'м'
2019-12-12 12:41:27,481|press|'и'
2019-12-12 12:41:27,493|release|'м'
2019-12-12 12:41:27,553|release|'и'
2019-12-12 12:41:27,652|press|'т'
2019-12-12 12:41:27,733|release|'т'
2019-12-12 12:41:27,831|press|'р'
2019-12-12 12:41:27,915|press|'о'
2019-12-12 12:41:27,952|release|'р'
2019-12-12 12:41:28,003|release|'о'
2019-12-12 12:41:28,050|press|'в'
2019-12-12 12:41:28,167|release|'в'
2019-12-12 12:41:28,271|press|'с'
2019-12-12 12:41:28,388|release|'с'
2019-12-12 12:41:28,480|press|'к'
2019-12-12 12:41:28,545|press|'а'
2019-12-12 12:41:28,616|release|'к'
2019-12-12 12:41:28,669|release|'а'
2019-12-12 12:41:28,778|press|'я'
2019-12-12 12:41:28,886|release|'я'
2019-12-12 12:41:28,904|press|Key.enter
2019-12-12 12:41:28,996|release|Key.enter
2019-12-12 12:41:29,695|press|Key.shift
2019-12-12 12:41:30,002|press|'Л'
2019-12-12 12:41:30,066|release|'Л'
2019-12-12 12:41:30,074|release|Key.shift
2019-12-12 12:41:30,216|press|'е'
2019-12-12 12:41:30,280|release|'е'
2019-12-12 12:41:30,334|press|'н'
2019-12-12 12:41:30,410|release|'н'
2019-12-12 12:41:30,470|press|'и'
2019-12-12 12:41:30,529|release|'и'
2019-12-12 12:41:30,626|press|'н'
2019-12-12 12:41:30,699|release|'н'
2019-12-12 12:41:30,881|press|'с'
2019-12-12 12:41:30,966|release|'с'
2019-12-12 12:41:31,047|press|'к'
2019-12-12 12:41:31,135|press|'а'
2019-12-12 12:41:31,175|release|'к'
2019-12-12 12:41:31,223|release|'а'
2019-12-12 12:41:31,324|press|'я'
2019-12-12 12:41:31,444|release|'я'
2019-12-12 12:41:31,452|press|Key.enter
2019-12-12 12:41:31,524|release|Key.enter
2019-12-12 12:41:33,786|press|'1'
2019-12-12 12:41:33,875|release|'1'
2019-12-12 12:41:34,361|press|'6'
2019-12-12 12:41:34,421|release|'6'
2019-12-12 12:41:34,429|press|'3'
2019-12-12 12:41:34,493|release|'3'
2019-12-12 12:41:36,345|press|'7'
2019-12-12 12:41:36,405|release|'7'
2019-12-12 12:41:36,535|press|'8'
2019-12-12 12:41:36,583|release|'8'
2019-12-12 12:41:36,653|press|'8'
2019-12-12 12:41:36,725|release|'8'
2019-12-12 12:41:37,442|press|Key.shift
2019-12-12 12:41:37,686|press|','
2019-12-12 12:41:37,754|release|','
2019-12-12 12:41:37,814|release|Key.shift
2019-12-12 12:41:38,149|press|'0'
2019-12-12 12:41:38,193|release|'0'
2019-12-12 12:41:38,268|press|'0'
2019-12-12 12:41:38,336|release|'0'
2019-12-12 12:41:38,887|press|Key.shift
2019-12-12 12:41:39,191|press|'Р'
2019-12-12 12:41:39,264|release|'Р'
2019-12-12 12:41:39,283|release|Key.shift
2019-12-12 12:41:39,427|press|Key.enter
2019-12-12 12:41:39,479|release|Key.enter
2019-12-12 12:41:41,056|press|'8'
2019-12-12 12:41:41,137|press|'7'
2019-12-12 12:41:41,166|release|'8'
2019-12-12 12:41:41,229|release|'7'
2019-12-12 12:41:42,400|press|'1'
2019-12-12 12:41:42,504|release|'1'
2019-12-12 12:41:42,940|press|'8'
2019-12-12 12:41:42,996|release|'8'
2019-12-12 12:41:43,053|press|'8'
2019-12-12 12:41:43,145|release|'8'
2019-12-12 12:41:44,707|press|Key.shift
2019-12-12 12:41:44,927|press|','
2019-12-12 12:41:44,995|release|','
2019-12-12 12:41:45,068|release|Key.shift
2019-12-12 12:41:45,315|press|'0'
2019-12-12 12:41:45,368|release|'0'
2019-12-12 12:41:45,432|press|'0'
2019-12-12 12:41:45,512|release|'0'
2019-12-12 12:41:46,091|press|Key.shift
2019-12-12 12:41:46,586|press|'Р'
2019-12-12 12:41:46,658|release|'Р'
2019-12-12 12:41:46,682|release|Key.shift
2019-12-12 12:41:46,867|press|Key.enter
2019-12-12 12:41:46,930|release|Key.enter
2019-12-12 12:41:48,852|press|'8'
2019-12-12 12:41:48,928|release|'8'
2019-12-12 12:41:50,096|press|'2'
2019-12-12 12:41:50,192|press|'3'
2019-12-12 12:41:50,268|release|'2'
2019-12-12 12:41:50,284|release|'3'
2019-12-12 12:41:51,699|press|'7'
2019-12-12 12:41:51,759|release|'7'
2019-12-12 12:41:51,900|press|'8'
2019-12-12 12:41:51,960|release|'8'
2019-12-12 12:41:52,019|press|'8'
2019-12-12 12:41:52,103|release|'8'
2019-12-12 12:41:52,611|press|Key.shift
2019-12-12 12:41:52,862|press|','
2019-12-12 12:41:52,930|release|','
2019-12-12 12:41:52,986|release|Key.shift
2019-12-12 12:41:53,244|press|'0'
2019-12-12 12:41:53,293|release|'0'
2019-12-12 12:41:53,367|press|'0'
2019-12-12 12:41:53,443|release|'0'
2019-12-12 12:41:53,951|press|Key.shift
2019-12-12 12:41:54,487|press|'Р'
2019-12-12 12:41:54,555|release|'Р'
2019-12-12 12:41:54,588|release|Key.shift
2019-12-12 12:41:54,736|press|Key.enter
2019-12-12 12:41:54,805|release|Key.enter
2019-12-12 12:41:55,405|press|Key.up
2019-12-12 12:41:55,464|release|Key.up
2019-12-12 12:41:55,540|press|Key.up
2019-12-12 12:41:55,608|release|Key.up
2019-12-12 12:41:55,903|press|Key.right
2019-12-12 12:41:55,964|release|Key.right
2019-12-12 12:41:56,109|press|Key.up
2019-12-12 12:41:56,209|release|Key.up
2019-12-12 12:41:59,463|press|'2'
2019-12-12 12:41:59,540|press|'1'
2019-12-12 12:41:59,575|release|'2'
2019-12-12 12:41:59,619|release|'1'
2019-12-12 12:42:00,983|press|'2'
2019-12-12 12:42:01,095|release|'2'
2019-12-12 12:42:01,606|press|'9'
2019-12-12 12:42:01,675|release|'9'
2019-12-12 12:42:01,704|press|'2'
2019-12-12 12:42:01,772|release|'2'
2019-12-12 12:42:02,865|press|Key.shift
2019-12-12 12:42:03,045|press|','
2019-12-12 12:42:03,100|release|','
2019-12-12 12:42:03,181|release|Key.shift
2019-12-12 12:42:03,686|press|'4'
2019-12-12 12:42:03,754|release|'4'
2019-12-12 12:42:03,847|press|'4'
2019-12-12 12:42:03,915|release|'4'
2019-12-12 12:42:04,143|press|Key.shift
2019-12-12 12:42:04,458|press|'Р'
2019-12-12 12:42:04,531|release|'Р'
2019-12-12 12:42:04,555|release|Key.shift
2019-12-12 12:42:04,679|press|Key.enter
2019-12-12 12:42:04,754|release|Key.enter
2019-12-12 12:42:05,902|press|'1'
2019-12-12 12:42:05,966|release|'1'
2019-12-12 12:42:06,061|press|'1'
2019-12-12 12:42:06,158|release|'1'
2019-12-12 12:42:07,859|press|'3'
2019-12-12 12:42:07,939|release|'3'
2019-12-12 12:42:08,038|press|'3'
2019-12-12 12:42:08,107|release|'3'
2019-12-12 12:42:08,249|press|'4'
2019-12-12 12:42:08,293|release|'4'
2019-12-12 12:42:10,286|press|Key.shift
2019-12-12 12:42:10,466|press|','
2019-12-12 12:42:10,534|release|','
2019-12-12 12:42:10,558|release|Key.shift
2019-12-12 12:42:10,770|press|'4'
2019-12-12 12:42:10,822|release|'4'
2019-12-12 12:42:10,919|press|'4'
2019-12-12 12:42:11,007|release|'4'
2019-12-12 12:42:11,282|press|Key.shift
2019-12-12 12:42:11,622|press|'Р'
2019-12-12 12:42:11,685|release|'Р'
2019-12-12 12:42:11,694|release|Key.shift
2019-12-12 12:42:11,827|press|Key.enter
2019-12-12 12:42:11,904|release|Key.enter
2019-12-12 12:42:13,124|press|'1'
2019-12-12 12:42:13,212|release|'1'
2019-12-12 12:42:13,221|press|'9'
2019-12-12 12:42:13,301|release|'9'
2019-12-12 12:42:13,391|press|'7'
2019-12-12 12:42:13,476|release|'7'
2019-12-12 12:42:14,045|press|Key.backspace
2019-12-12 12:42:14,094|release|Key.backspace
2019-12-12 12:42:14,182|press|Key.backspace
2019-12-12 12:42:14,251|release|Key.backspace
2019-12-12 12:42:14,928|press|'0'
2019-12-12 12:42:15,061|release|'0'
2019-12-12 12:42:16,311|press|'7'
2019-12-12 12:42:16,380|release|'7'
2019-12-12 12:42:17,489|press|'0'
2019-12-12 12:42:17,550|release|'0'
2019-12-12 12:42:18,034|press|'9'
2019-12-12 12:42:18,099|release|'9'
2019-12-12 12:42:18,116|press|'2'
2019-12-12 12:42:18,181|release|'2'
2019-12-12 12:42:19,009|press|Key.shift
2019-12-12 12:42:19,213|press|','
2019-12-12 12:42:19,272|release|','
2019-12-12 12:42:19,317|release|Key.shift
2019-12-12 12:42:19,617|press|'4'
2019-12-12 12:42:19,669|release|'4'
2019-12-12 12:42:19,779|press|'4'
2019-12-12 12:42:19,856|release|'4'
2019-12-12 12:42:20,241|press|Key.shift
2019-12-12 12:42:20,564|press|'Р'
2019-12-12 12:42:20,652|release|'Р'
2019-12-12 12:42:20,693|release|Key.shift
2019-12-12 12:42:21,222|press|Key.enter
2019-12-12 12:42:21,278|release|Key.enter
2019-12-12 12:42:23,394|press|Key.up
2019-12-12 12:42:23,478|release|Key.up
2019-12-12 12:42:23,535|press|Key.up
2019-12-12 12:42:23,603|release|Key.up
2019-12-12 12:42:23,700|press|Key.up
2019-12-12 12:42:23,781|release|Key.up
2019-12-12 12:42:24,035|press|Key.right
2019-12-12 12:42:24,167|release|Key.right
2019-12-12 12:42:25,870|press|'8'
2019-12-12 12:42:25,949|release|'8'
2019-12-12 12:42:27,539|press|'2'
2019-12-12 12:42:27,624|release|'2'
2019-12-12 12:42:27,661|press|'4'
2019-12-12 12:42:27,750|release|'4'
2019-12-12 12:42:27,766|press|'3'
2019-12-12 12:42:27,847|release|'3'
2019-12-12 12:42:28,797|press|Key.shift
2019-12-12 12:42:29,041|press|','
2019-12-12 12:42:29,101|release|','
2019-12-12 12:42:29,129|release|Key.shift
2019-12-12 12:42:29,356|press|'0'
2019-12-12 12:42:29,425|release|'0'
2019-12-12 12:42:29,490|press|'0'
2019-12-12 12:42:29,578|release|'0'
2019-12-12 12:42:30,388|press|Key.shift
2019-12-12 12:42:30,743|press|'Р'
2019-12-12 12:42:30,811|release|'Р'
2019-12-12 12:42:30,880|release|Key.shift
2019-12-12 12:42:30,972|press|Key.enter
2019-12-12 12:42:31,041|release|Key.enter
2019-12-12 12:42:32,455|press|'7'
2019-12-12 12:42:32,523|release|'7'
2019-12-12 12:42:33,975|press|'2'
2019-12-12 12:42:34,059|release|'2'
2019-12-12 12:42:34,328|press|'4'
2019-12-12 12:42:34,388|release|'4'
2019-12-12 12:42:34,396|press|'1'
2019-12-12 12:42:34,476|release|'1'
2019-12-12 12:42:35,682|press|Key.shift
2019-12-12 12:42:35,882|press|','
2019-12-12 12:42:35,942|release|','
2019-12-12 12:42:35,978|release|Key.shift
2019-12-12 12:42:36,182|press|'0'
2019-12-12 12:42:36,238|release|'0'
2019-12-12 12:42:36,316|press|'0'
2019-12-12 12:42:36,392|release|'0'
2019-12-12 12:42:36,728|press|Key.shift
2019-12-12 12:42:37,032|press|'Р'
2019-12-12 12:42:37,116|release|'Р'
2019-12-12 12:42:37,128|release|Key.shift
2019-12-12 12:42:37,301|press|Key.enter
2019-12-12 12:42:37,357|release|Key.enter
2019-12-12 12:42:39,313|press|'3'
2019-12-12 12:42:39,383|press|'1'
2019-12-12 12:42:39,441|release|'3'
2019-12-12 12:42:39,481|release|'1'
2019-12-12 12:42:40,240|press|'9'
2019-12-12 12:42:40,312|release|'9'
2019-12-12 12:42:40,793|press|'3'
2019-12-12 12:42:40,857|press|'4'
2019-12-12 12:42:40,937|release|'3'
2019-12-12 12:42:40,961|release|'4'
2019-12-12 12:42:42,114|press|Key.shift
2019-12-12 12:42:42,582|press|','
2019-12-12 12:42:42,650|release|','
2019-12-12 12:42:42,686|release|Key.shift
2019-12-12 12:42:42,940|press|'0'
2019-12-12 12:42:43,000|release|'0'
2019-12-12 12:42:43,065|press|'0'
2019-12-12 12:42:43,141|release|'0'
2019-12-12 12:42:43,377|press|Key.shift
2019-12-12 12:42:43,569|press|'Р'
2019-12-12 12:42:43,637|release|'Р'
2019-12-12 12:42:43,682|release|Key.shift
2019-12-12 12:42:44,117|press|Key.enter
2019-12-12 12:42:44,169|release|Key.enter
2019-12-12 12:43:04,817|press|Key.shift
2019-12-12 12:43:04,941|press|'Т'
2019-12-12 12:43:05,001|release|Key.shift
2019-12-12 12:43:05,017|release|'т'
2019-12-12 12:43:05,164|press|'е'
2019-12-12 12:43:05,228|release|'е'
2019-12-12 12:43:06,285|press|'с'
2019-12-12 12:43:06,350|release|'с'
2019-12-12 12:43:06,466|press|'т'
2019-12-12 12:43:06,538|release|'т'
2019-12-12 12:43:06,703|press|Key.shift
2019-12-12 12:43:06,868|press|'В'
2019-12-12 12:43:06,944|release|Key.shift
2019-12-12 12:43:06,976|release|'в'
2019-12-12 12:43:07,081|press|'а'
2019-12-12 12:43:07,145|release|'а'
2019-12-12 12:43:07,153|press|'н'
2019-12-12 12:43:07,229|release|'н'
2019-12-12 12:43:07,295|press|'я'
2019-12-12 12:43:07,391|release|'я'
2019-12-12 12:43:25,051|press|Key.ctrl
2019-12-12 12:43:26,200|release|Key.ctrl
2019-12-12 12:43:27,001|press|Key.cmd
2019-12-12 12:43:27,224|press|'c'
2019-12-12 12:43:27,355|release|'c'
2019-12-12 12:43:27,377|release|Key.cmd
2019-12-12 12:43:32,196|press|Key.cmd
2019-12-12 12:43:32,384|press|'v'
2019-12-12 12:43:32,524|release|'v'
2019-12-12 12:43:32,541|release|Key.cmd
2019-12-12 12:43:38,963|press|Key.cmd
2019-12-12 12:43:39,822|press|'v'
2019-12-12 12:43:39,914|release|'v'
2019-12-12 12:43:39,955|release|Key.cmd
2019-12-12 12:43:40,535|press|Key.cmd
2019-12-12 12:43:40,831|press|'v'
2019-12-12 12:43:40,927|release|'v'
2019-12-12 12:43:41,012|release|Key.cmd
2019-12-12 12:43:45,151|press|Key.backspace
2019-12-12 12:43:45,207|release|Key.backspace
2019-12-12 12:43:45,264|press|'ф'
2019-12-12 12:43:45,344|release|'ф'
2019-12-12 12:43:46,283|press|Key.backspace
2019-12-12 12:43:46,358|release|Key.backspace
2019-12-12 12:43:47,172|press|Key.cmd
2019-12-12 12:43:47,180|press|Key.space
2019-12-12 12:43:47,224|release|Key.cmd
2019-12-12 12:43:47,260|release|Key.space
2019-12-12 12:43:48,087|press|'a'
2019-12-12 12:43:48,171|release|'a'
2019-12-12 12:43:51,522|press|Key.cmd
2019-12-12 12:43:51,766|press|'v'
2019-12-12 12:43:51,882|release|'v'
2019-12-12 12:43:51,886|release|Key.cmd
2019-12-12 12:43:55,085|press|Key.backspace
2019-12-12 12:43:55,157|release|Key.backspace
2019-12-12 12:43:55,195|press|'c'
2019-12-12 12:43:55,259|release|'c'
2019-12-12 12:43:57,780|press|Key.cmd
2019-12-12 12:43:58,372|press|'v'
2019-12-12 12:43:58,468|release|'v'
2019-12-12 12:43:58,544|release|Key.cmd
2019-12-12 12:44:12,459|press|Key.cmd
2019-12-12 12:44:12,460|press|Key.space
2019-12-12 12:44:12,555|release|Key.cmd
2019-12-12 12:44:12,583|release|Key.space
2019-12-12 12:44:12,635|press|Key.shift
2019-12-12 12:44:12,779|press|'С'
2019-12-12 12:44:12,858|release|'С'
2019-12-12 12:44:12,875|release|Key.shift
2019-12-12 12:44:13,856|press|'а'
2019-12-12 12:44:13,919|release|'а'
2019-12-12 12:44:14,277|press|'г'
2019-12-12 12:44:14,334|release|'г'
2019-12-12 12:44:14,436|press|'р'
2019-12-12 12:44:14,492|release|'р'
2019-12-12 12:44:14,508|press|'е'
2019-12-12 12:44:14,576|release|'е'
2019-12-12 12:44:15,389|press|'г'
2019-12-12 12:44:15,458|release|'г'
2019-12-12 12:44:15,487|press|'и'
2019-12-12 12:44:15,556|release|'и'
2019-12-12 12:44:15,618|press|'р'
2019-12-12 12:44:15,707|press|'о'
2019-12-12 12:44:15,746|release|'р'
2019-12-12 12:44:15,798|release|'о'
2019-12-12 12:44:15,810|press|'в'
2019-12-12 12:44:15,847|press|'а'
2019-12-12 12:44:15,914|release|'в'
2019-12-12 12:44:15,955|release|'а'
2019-12-12 12:44:16,029|press|'н'
2019-12-12 12:44:16,085|release|'н'
2019-12-12 12:44:16,162|press|'н'
2019-12-12 12:44:16,230|release|'н'
2019-12-12 12:44:16,325|press|'ы'
2019-12-12 12:44:16,429|release|'ы'
2019-12-12 12:44:16,468|press|'е'
2019-12-12 12:44:16,520|release|'е'
2019-12-12 12:44:16,821|press|Key.backspace
2019-12-12 12:44:16,906|release|Key.backspace
2019-12-12 12:44:16,978|press|'й'
2019-12-12 12:44:17,087|release|'й'
2019-12-12 12:44:17,134|press|Key.space
2019-12-12 12:44:17,203|release|Key.space
2019-12-12 12:44:17,320|press|'р'
2019-12-12 12:44:17,372|release|'р'
2019-12-12 12:44:17,411|press|'е'
2019-12-12 12:44:17,492|release|'е'
2019-12-12 12:44:17,895|press|'з'
2019-12-12 12:44:17,963|release|'з'
2019-12-12 12:44:17,986|press|'у'
2019-12-12 12:44:18,046|release|'у'
2019-12-12 12:44:18,148|press|'л'
2019-12-12 12:44:18,228|press|'ь'
2019-12-12 12:44:18,267|release|'л'
2019-12-12 12:44:18,324|release|'ь'
2019-12-12 12:44:18,449|press|'т'
2019-12-12 12:44:18,505|release|'т'
2019-12-12 12:44:18,568|press|'а'
2019-12-12 12:44:18,608|press|'т'
2019-12-12 12:44:18,643|release|'а'
2019-12-12 12:44:18,700|release|'т'
2019-12-12 12:44:18,963|press|Key.space
2019-12-12 12:44:19,048|release|Key.space
2019-12-12 12:44:19,635|press|'д'
2019-12-12 12:44:19,678|press|'л'
2019-12-12 12:44:19,718|release|'д'
2019-12-12 12:44:19,791|release|'л'
2019-12-12 12:44:19,853|press|'я'
2019-12-12 12:44:19,922|release|'я'
2019-12-12 12:44:19,942|press|Key.space
2019-12-12 12:44:20,011|release|Key.space
2019-12-12 12:44:20,472|press|'в'
2019-12-12 12:44:20,534|release|'в'
2019-12-12 12:44:20,664|press|'с'
2019-12-12 12:44:20,728|release|'с'
2019-12-12 12:44:20,736|press|'е'
2019-12-12 12:44:20,805|release|'е'
2019-12-12 12:44:21,070|press|'х'
2019-12-12 12:44:21,135|release|'х'
2019-12-12 12:44:21,225|press|Key.space
2019-12-12 12:44:21,321|release|Key.space
2019-12-12 12:44:21,449|press|'к'
2019-12-12 12:44:21,554|release|'к'
2019-12-12 12:44:21,557|press|'о'
2019-12-12 12:44:21,634|release|'о'
2019-12-12 12:44:22,047|press|'м'
2019-12-12 12:44:22,128|release|'м'
2019-12-12 12:44:22,221|press|'п'
2019-12-12 12:44:22,301|release|'п'
2019-12-12 12:44:22,309|press|'а'
2019-12-12 12:44:22,378|release|'а'
2019-12-12 12:44:22,414|press|'н'
2019-12-12 12:44:22,503|release|'н'
2019-12-12 12:44:22,541|press|'и'
2019-12-12 12:44:22,610|release|'и'
2019-12-12 12:44:23,043|press|'й'
2019-12-12 12:44:23,124|release|'й'
2019-12-12 12:44:24,516|press|Key.left
2019-12-12 12:44:25,017|press|Key.left
2019-12-12 12:44:25,100|press|Key.left
2019-12-12 12:44:25,185|press|Key.left
2019-12-12 12:44:25,269|press|Key.left
2019-12-12 12:44:25,353|press|Key.left
2019-12-12 12:44:25,437|press|Key.left
2019-12-12 12:44:25,521|press|Key.left
2019-12-12 12:44:25,606|press|Key.left
2019-12-12 12:44:25,690|press|Key.left
2019-12-12 12:44:25,774|press|Key.left
2019-12-12 12:44:25,858|press|Key.left
2019-12-12 12:44:25,942|press|Key.left
2019-12-12 12:44:26,026|press|Key.left
2019-12-12 12:44:26,111|press|Key.left
2019-12-12 12:44:26,194|press|Key.left
2019-12-12 12:44:26,277|press|Key.left
2019-12-12 12:44:26,361|press|Key.left
2019-12-12 12:44:26,445|press|Key.left
2019-12-12 12:44:26,529|press|Key.left
2019-12-12 12:44:26,614|press|Key.left
2019-12-12 12:44:26,698|press|Key.left
2019-12-12 12:44:26,782|press|Key.left
2019-12-12 12:44:26,866|press|Key.left
2019-12-12 12:44:26,951|press|Key.left
2019-12-12 12:44:27,035|press|Key.left
2019-12-12 12:44:27,119|press|Key.left
2019-12-12 12:44:27,200|release|Key.left
2019-12-12 12:44:40,577|press|Key.backspace
2019-12-12 12:44:40,657|release|Key.backspace
2019-12-12 12:44:41,666|press|'ь'
2019-12-12 12:44:41,738|press|'ф'
2019-12-12 12:44:41,754|release|'ь'
2019-12-12 12:44:41,854|release|'ф'
2019-12-12 12:44:42,124|press|Key.backspace
2019-12-12 12:44:42,182|release|Key.backspace
2019-12-12 12:44:42,289|press|Key.backspace
2019-12-12 12:44:42,333|release|Key.backspace
2019-12-12 12:44:42,427|press|Key.backspace
2019-12-12 12:44:42,479|release|Key.backspace
2019-12-12 12:44:42,536|press|Key.backspace
2019-12-12 12:44:42,616|release|Key.backspace
2019-12-12 12:44:43,370|press|Key.cmd
2019-12-12 12:44:43,374|press|Key.space
2019-12-12 12:44:43,455|release|Key.cmd
2019-12-12 12:44:43,490|release|Key.space
2019-12-12 12:44:44,083|press|'m'
2019-12-12 12:44:44,153|release|'m'
2019-12-12 12:44:44,162|press|'a'
2019-12-12 12:44:44,238|release|'a'
2019-12-12 12:44:44,302|press|'i'
2019-12-12 12:44:44,366|release|'i'
2019-12-12 12:44:44,491|press|'l'
2019-12-12 12:44:44,549|release|'l'
2019-12-12 12:44:44,747|press|Key.enter
2019-12-12 12:44:44,814|release|Key.enter
2019-12-12 12:45:04,042|press|Key.cmd
2019-12-12 12:45:04,342|press|'v'
2019-12-12 12:45:04,394|release|'v'
2019-12-12 12:45:04,494|release|Key.cmd
2019-12-12 12:45:23,552|press|Key.cmd
2019-12-12 12:45:23,767|press|'v'
2019-12-12 12:45:23,828|release|'v'
2019-12-12 12:45:23,940|release|Key.cmd
2019-12-12 12:45:40,138|press|Key.shift
2019-12-12 12:45:40,314|press|'S'
2019-12-12 12:45:40,394|release|'S'
2019-12-12 12:45:40,643|release|Key.shift
2019-12-12 12:45:43,008|press|Key.enter
