2019-11-25 13:17:54,094|release|Key.enter
2019-11-25 13:18:34,321|press|Key.cmd
2019-11-25 13:18:34,480|press|Key.tab
2019-11-25 13:18:34,601|release|Key.cmd
2019-11-25 13:18:34,660|release|Key.tab
2019-11-25 13:18:35,872|press|Key.cmd
2019-11-25 13:18:35,972|press|Key.tab
2019-11-25 13:18:36,080|release|Key.cmd
2019-11-25 13:18:36,141|release|Key.tab
2019-11-25 13:18:37,664|press|Key.cmd
2019-11-25 13:18:37,812|press|Key.tab
2019-11-25 13:18:37,983|release|Key.tab
2019-11-25 13:18:39,167|press|Key.tab
2019-11-25 13:18:39,259|release|Key.tab
2019-11-25 13:18:39,472|press|Key.tab
2019-11-25 13:18:39,560|release|Key.tab
2019-11-25 13:18:39,945|release|Key.cmd
2019-11-25 13:18:40,198|release|<0>
2019-11-25 13:18:43,350|press|'e'
2019-11-25 13:18:43,450|release|'e'
2019-11-25 13:18:43,591|press|'x'
2019-11-25 13:18:43,675|release|'x'
2019-11-25 13:18:44,165|press|'c'
2019-11-25 13:18:44,272|release|'c'
2019-11-25 13:18:45,228|press|Key.enter
2019-11-25 13:18:45,280|release|Key.enter
2019-11-25 13:18:51,232|press|Key.cmd
2019-11-25 13:18:51,356|press|Key.tab
2019-11-25 13:18:51,469|release|Key.cmd
2019-11-25 13:18:51,496|release|Key.tab
2019-11-25 13:18:52,455|press|Key.cmd
2019-11-25 13:18:52,647|press|Key.tab
2019-11-25 13:18:52,867|release|Key.tab
2019-11-25 13:18:52,884|release|Key.cmd
2019-11-25 13:18:53,136|release|<0>
2019-11-25 13:18:53,719|press|Key.cmd
2019-11-25 13:18:53,863|press|Key.tab
2019-11-25 13:18:54,067|release|Key.tab
2019-11-25 13:18:54,475|press|Key.tab
2019-11-25 13:18:54,562|release|Key.tab
2019-11-25 13:18:54,650|press|Key.tab
2019-11-25 13:18:54,739|release|Key.tab
2019-11-25 13:18:54,800|release|Key.cmd
2019-11-25 13:18:55,052|release|<0>
2019-11-25 13:18:55,844|press|Key.cmd
2019-11-25 13:18:55,976|press|Key.tab
2019-11-25 13:18:56,120|release|Key.cmd
2019-11-25 13:18:56,151|release|Key.tab
2019-11-25 13:18:57,438|press|'w'
2019-11-25 13:18:57,537|release|'w'
2019-11-25 13:18:57,803|press|'k'
2019-11-25 13:18:57,916|release|'k'
2019-11-25 13:18:57,962|press|'b'
2019-11-25 13:18:58,074|release|'b'
2019-11-25 13:18:58,179|press|'w'
2019-11-25 13:18:58,271|release|'w'
2019-11-25 13:18:58,409|press|'f'
2019-11-25 13:18:58,489|release|'f'
2019-11-25 13:18:59,135|press|Key.backspace
2019-11-25 13:18:59,636|press|Key.backspace
2019-11-25 13:18:59,718|press|Key.backspace
2019-11-25 13:18:59,803|press|Key.backspace
2019-11-25 13:18:59,886|press|Key.backspace
2019-11-25 13:18:59,970|press|Key.backspace
2019-11-25 13:18:59,995|release|Key.backspace
2019-11-25 13:19:00,095|press|Key.cmd
2019-11-25 13:19:00,291|press|Key.shift
2019-11-25 13:19:00,407|release|Key.cmd
2019-11-25 13:19:00,435|release|Key.shift
2019-11-25 13:19:02,213|press|'e'
2019-11-25 13:19:02,305|release|'e'
2019-11-25 13:19:02,416|press|'k'
2019-11-25 13:19:02,497|release|'k'
2019-11-25 13:19:02,565|press|'b'
2019-11-25 13:19:02,657|release|'b'
2019-11-25 13:19:02,669|press|'w'
2019-11-25 13:19:02,769|release|'w'
2019-11-25 13:19:02,896|press|'f'
2019-11-25 13:19:02,967|release|'f'
2019-11-25 13:19:02,971|press|Key.space
2019-11-25 13:19:03,072|release|Key.space
2019-11-25 13:19:03,688|press|Key.backspace
2019-11-25 13:19:04,190|press|Key.backspace
2019-11-25 13:19:04,274|press|Key.backspace
2019-11-25 13:19:04,358|press|Key.backspace
2019-11-25 13:19:04,443|press|Key.backspace
2019-11-25 13:19:04,527|press|Key.backspace
2019-11-25 13:19:04,611|press|Key.backspace
2019-11-25 13:19:04,672|release|Key.backspace
2019-11-25 13:19:04,947|press|Key.cmd
2019-11-25 13:19:05,099|press|Key.space
2019-11-25 13:19:05,143|release|Key.cmd
2019-11-25 13:19:05,247|release|Key.space
2019-11-25 13:19:05,621|press|'у'
2019-11-25 13:19:05,702|release|'у'
2019-11-25 13:19:05,778|press|'л'
2019-11-25 13:19:05,879|release|'л'
2019-11-25 13:19:05,926|press|'и'
2019-11-25 13:19:06,030|release|'и'
2019-11-25 13:19:06,052|press|'ц'
2019-11-25 13:19:06,151|release|'ц'
2019-11-25 13:19:06,279|press|'а'
2019-11-25 13:19:06,395|release|'а'
2019-11-25 13:19:06,412|press|Key.space
2019-11-25 13:19:06,520|release|Key.space
2019-11-25 13:19:06,581|press|'д'
2019-11-25 13:19:06,717|press|'о'
2019-11-25 13:19:06,719|release|'д'
2019-11-25 13:19:06,818|release|'о'
2019-11-25 13:19:07,117|press|Key.backspace
2019-11-25 13:19:07,166|release|Key.backspace
2019-11-25 13:19:07,273|press|Key.backspace
2019-11-25 13:19:07,365|release|Key.backspace
2019-11-25 13:19:07,440|press|Key.backspace
2019-11-25 13:19:07,532|release|Key.backspace
2019-11-25 13:19:07,796|press|Key.enter
2019-11-25 13:19:07,911|release|Key.enter
2019-11-25 13:19:10,645|press|Key.up
2019-11-25 13:19:10,777|release|Key.up
2019-11-25 13:19:10,869|press|Key.right
2019-11-25 13:19:10,978|release|Key.right
2019-11-25 13:19:11,616|press|'д'
2019-11-25 13:19:11,704|press|'о'
2019-11-25 13:19:11,711|release|'д'
2019-11-25 13:19:11,820|release|'о'
2019-11-25 13:19:12,106|press|'х'
2019-11-25 13:19:12,198|release|'х'
2019-11-25 13:19:12,284|press|'о'
2019-11-25 13:19:12,389|release|'о'
2019-11-25 13:19:12,449|press|'д'
2019-11-25 13:19:12,541|release|'д'
2019-11-25 13:19:12,575|press|'ы'
2019-11-25 13:19:12,660|release|'ы'
2019-11-25 13:19:13,550|press|Key.right
2019-11-25 13:19:13,677|release|Key.right
2019-11-25 13:19:13,873|press|Key.cmd
2019-11-25 13:19:14,029|press|Key.tab
2019-11-25 13:19:14,133|release|Key.cmd
2019-11-25 13:19:14,188|release|Key.tab
2019-11-25 13:19:15,202|press|Key.cmd
2019-11-25 13:19:15,301|press|Key.tab
2019-11-25 13:19:15,421|release|Key.cmd
2019-11-25 13:19:15,442|release|Key.tab
2019-11-25 13:19:16,651|press|'н'
2019-11-25 13:19:16,734|release|'н'
2019-11-25 13:19:16,752|press|'а'
2019-11-25 13:19:16,841|release|'а'
2019-11-25 13:19:16,863|press|'л'
2019-11-25 13:19:16,974|press|'о'
2019-11-25 13:19:16,978|release|'л'
2019-11-25 13:19:17,071|release|'о'
2019-11-25 13:19:17,142|press|'г'
2019-11-25 13:19:17,230|press|'и'
2019-11-25 13:19:17,245|release|'г'
2019-11-25 13:19:17,341|release|'и'
2019-11-25 13:19:17,418|press|Key.space
2019-11-25 13:19:17,515|release|Key.space
2019-11-25 13:19:18,234|press|Key.right
2019-11-25 13:19:18,362|release|Key.right
2019-11-25 13:19:18,696|press|'р'
2019-11-25 13:19:18,787|release|'р'
2019-11-25 13:19:18,791|press|'а'
2019-11-25 13:19:18,872|release|'а'
2019-11-25 13:19:18,967|press|'с'
2019-11-25 13:19:19,048|release|'с'
2019-11-25 13:19:19,148|press|'х'
2019-11-25 13:19:19,208|release|'х'
2019-11-25 13:19:19,487|press|'о'
2019-11-25 13:19:19,567|release|'о'
2019-11-25 13:19:19,608|press|'д'
2019-11-25 13:19:19,709|release|'д'
2019-11-25 13:19:19,732|press|'ы'
2019-11-25 13:19:19,815|release|'ы'
2019-11-25 13:19:20,501|press|Key.down
2019-11-25 13:19:20,614|release|Key.down
2019-11-25 13:19:20,800|press|Key.left
2019-11-25 13:19:20,828|release|Key.left
2019-11-25 13:19:20,915|press|Key.left
2019-11-25 13:19:21,011|release|Key.left
2019-11-25 13:19:21,078|press|Key.left
2019-11-25 13:19:21,171|release|Key.left
2019-11-25 13:19:21,575|press|Key.cmd
2019-11-25 13:19:21,671|press|Key.tab
2019-11-25 13:19:21,791|release|Key.cmd
2019-11-25 13:19:21,816|release|Key.tab
2019-11-25 13:19:24,303|press|Key.cmd
2019-11-25 13:19:24,394|press|Key.tab
2019-11-25 13:19:24,515|release|Key.cmd
2019-11-25 13:19:24,535|release|Key.tab
2019-11-25 13:19:25,003|press|'п'
2019-11-25 13:19:25,083|press|'р'
2019-11-25 13:19:25,089|release|'п'
2019-11-25 13:19:25,164|release|'р'
2019-11-25 13:19:25,251|press|'о'
2019-11-25 13:19:25,339|release|'о'
2019-11-25 13:19:25,698|press|'с'
2019-11-25 13:19:25,803|release|'с'
2019-11-25 13:19:25,888|press|'п'
2019-11-25 13:19:25,993|release|'п'
2019-11-25 13:19:26,047|press|'е'
2019-11-25 13:19:26,152|release|'е'
2019-11-25 13:19:26,236|press|'к'
2019-11-25 13:19:26,308|press|'т'
2019-11-25 13:19:26,340|release|'к'
2019-11-25 13:19:26,404|release|'т'
2019-11-25 13:19:26,465|press|Key.space
2019-11-25 13:19:26,541|release|Key.space
2019-11-25 13:19:26,715|press|'а'
2019-11-25 13:19:26,788|release|'а'
2019-11-25 13:19:26,820|press|'н'
2019-11-25 13:19:26,913|release|'н'
2019-11-25 13:19:27,091|press|'д'
2019-11-25 13:19:27,214|release|'д'
2019-11-25 13:19:27,304|press|'р'
2019-11-25 13:19:27,393|release|'р'
2019-11-25 13:19:27,468|press|'о'
2019-11-25 13:19:27,557|release|'о'
2019-11-25 13:19:27,586|press|'п'
2019-11-25 13:19:27,670|release|'п'
2019-11-25 13:19:27,671|press|'о'
2019-11-25 13:19:27,750|release|'о'
2019-11-25 13:19:27,801|press|'п'
2019-11-25 13:19:27,854|release|'п'
2019-11-25 13:19:28,542|press|'а'
2019-11-25 13:19:28,602|release|'а'
2019-11-25 13:19:28,721|press|Key.backspace
2019-11-25 13:19:28,817|release|Key.backspace
2019-11-25 13:19:28,912|press|Key.backspace
2019-11-25 13:19:28,997|release|Key.backspace
2019-11-25 13:19:30,487|press|'в'
2019-11-25 13:19:30,584|release|'в'
2019-11-25 13:19:30,669|press|'а'
2019-11-25 13:19:30,750|release|'а'
2019-11-25 13:19:31,528|press|Key.down
2019-11-25 13:19:31,681|release|Key.down
2019-11-25 13:19:32,484|press|Key.cmd
2019-11-25 13:19:32,552|press|Key.tab
2019-11-25 13:19:32,730|release|Key.tab
2019-11-25 13:19:32,734|release|Key.cmd
2019-11-25 13:19:32,984|release|<0>
2019-11-25 13:19:34,364|press|Key.cmd
2019-11-25 13:19:34,484|press|Key.tab
2019-11-25 13:19:34,596|release|Key.cmd
2019-11-25 13:19:34,624|release|Key.tab
2019-11-25 13:19:35,156|press|'д'
2019-11-25 13:19:35,316|release|'д'
2019-11-25 13:19:35,442|press|'м'
2019-11-25 13:19:35,530|release|'м'
2019-11-25 13:19:35,589|press|'и'
2019-11-25 13:19:35,689|release|'и'
2019-11-25 13:19:36,072|press|'т'
2019-11-25 13:19:36,187|release|'т'
2019-11-25 13:19:36,329|press|'р'
2019-11-25 13:19:36,446|release|'р'
2019-11-25 13:19:36,533|press|'о'
2019-11-25 13:19:36,634|release|'о'
2019-11-25 13:19:36,687|press|'в'
2019-11-25 13:19:36,796|release|'в'
2019-11-25 13:19:37,029|press|'с'
2019-11-25 13:19:37,121|release|'с'
2019-11-25 13:19:37,227|press|'к'
2019-11-25 13:19:37,315|release|'к'
2019-11-25 13:19:37,388|press|'а'
2019-11-25 13:19:37,496|release|'а'
2019-11-25 13:19:37,663|press|'я'
2019-11-25 13:19:37,759|release|'я'
2019-11-25 13:19:37,818|press|Key.space
2019-11-25 13:19:37,922|release|Key.space
2019-11-25 13:19:38,827|press|Key.down
2019-11-25 13:19:38,935|release|Key.down
2019-11-25 13:19:39,093|press|Key.cmd
2019-11-25 13:19:39,200|press|Key.tab
2019-11-25 13:19:39,314|release|Key.cmd
2019-11-25 13:19:39,369|release|Key.tab
2019-11-25 13:19:40,171|press|Key.cmd
2019-11-25 13:19:40,327|press|Key.tab
2019-11-25 13:19:40,452|release|Key.cmd
2019-11-25 13:19:40,465|release|Key.tab
2019-11-25 13:19:40,841|press|'л'
2019-11-25 13:19:40,918|release|'л'
2019-11-25 13:19:40,972|press|'е'
2019-11-25 13:19:41,061|release|'е'
2019-11-25 13:19:41,123|press|'н'
2019-11-25 13:19:41,235|press|'и'
2019-11-25 13:19:41,251|release|'н'
2019-11-25 13:19:41,355|release|'и'
2019-11-25 13:19:41,667|press|'н'
2019-11-25 13:19:41,770|release|'н'
2019-11-25 13:19:41,908|press|'с'
2019-11-25 13:19:42,008|release|'с'
2019-11-25 13:19:42,125|press|'к'
2019-11-25 13:19:42,213|release|'к'
2019-11-25 13:19:42,295|press|'а'
2019-11-25 13:19:42,372|release|'а'
2019-11-25 13:19:42,528|press|'я'
2019-11-25 13:19:42,624|release|'я'
2019-11-25 13:19:55,149|press|Key.cmd
2019-11-25 13:19:55,237|press|Key.tab
2019-11-25 13:19:55,341|release|Key.cmd
2019-11-25 13:19:55,384|release|Key.tab
2019-11-25 13:19:59,831|press|Key.cmd
2019-11-25 13:19:59,951|press|Key.tab
2019-11-25 13:20:00,039|release|Key.cmd
2019-11-25 13:20:00,082|release|Key.tab
2019-11-25 13:20:02,196|press|'1'
2019-11-25 13:20:02,310|release|'1'
2019-11-25 13:20:02,414|press|'6'
2019-11-25 13:20:02,535|release|'6'
2019-11-25 13:20:02,660|press|'3'
2019-11-25 13:20:02,763|release|'3'
2019-11-25 13:20:03,084|press|'7'
2019-11-25 13:20:03,208|release|'7'
2019-11-25 13:20:03,338|press|'8'
2019-11-25 13:20:03,411|release|'8'
2019-11-25 13:20:03,505|press|'8'
2019-11-25 13:20:03,590|release|'8'
2019-11-25 13:20:04,567|press|Key.down
2019-11-25 13:20:04,687|release|Key.down
2019-11-25 13:20:05,140|press|Key.cmd
2019-11-25 13:20:05,264|press|Key.tab
2019-11-25 13:20:05,352|release|Key.cmd
2019-11-25 13:20:05,396|release|Key.tab
2019-11-25 13:20:09,153|press|Key.up
2019-11-25 13:20:09,298|release|Key.up
2019-11-25 13:20:09,794|press|Key.cmd
2019-11-25 13:20:09,910|press|Key.tab
2019-11-25 13:20:10,005|release|Key.cmd
2019-11-25 13:20:10,053|release|Key.tab
2019-11-25 13:20:10,744|press|Key.up
2019-11-25 13:20:10,897|release|Key.up
2019-11-25 13:20:14,541|press|'б'
2019-11-25 13:20:14,637|release|'б'
2019-11-25 13:20:16,119|press|'='
2019-11-25 13:20:16,248|release|'='
2019-11-25 13:20:17,004|press|Key.backspace
2019-11-25 13:20:17,085|release|Key.backspace
2019-11-25 13:20:17,169|press|Key.backspace
2019-11-25 13:20:17,238|release|Key.backspace
2019-11-25 13:20:17,511|press|Key.shift_r
2019-11-25 13:20:17,732|press|','
2019-11-25 13:20:17,799|release|','
2019-11-25 13:20:17,852|release|Key.shift_r
2019-11-25 13:20:18,871|press|'0'
2019-11-25 13:20:18,944|release|'0'
2019-11-25 13:20:19,028|press|'0'
2019-11-25 13:20:19,105|release|'0'
2019-11-25 13:20:19,986|press|Key.down
2019-11-25 13:20:20,095|release|Key.down
2019-11-25 13:20:23,486|press|Key.cmd
2019-11-25 13:20:23,601|press|Key.tab
2019-11-25 13:20:23,729|release|Key.cmd
2019-11-25 13:20:23,738|release|Key.tab
2019-11-25 13:20:25,877|press|Key.cmd
2019-11-25 13:20:26,012|press|Key.tab
2019-11-25 13:20:26,141|release|Key.cmd
2019-11-25 13:20:26,199|release|Key.tab
2019-11-25 13:20:27,442|press|'8'
2019-11-25 13:20:27,541|press|'7'
2019-11-25 13:20:27,577|release|'8'
2019-11-25 13:20:27,646|release|'7'
2019-11-25 13:20:27,780|press|Key.cmd
2019-11-25 13:20:27,888|press|Key.tab
2019-11-25 13:20:27,972|release|Key.cmd
2019-11-25 13:20:28,024|release|Key.tab
2019-11-25 13:20:28,626|press|Key.cmd
2019-11-25 13:20:28,741|press|Key.tab
2019-11-25 13:20:28,878|release|Key.cmd
2019-11-25 13:20:28,897|release|Key.tab
2019-11-25 13:20:29,327|press|'1'
2019-11-25 13:20:29,416|release|'1'
2019-11-25 13:20:29,451|press|'8'
2019-11-25 13:20:29,523|release|'8'
2019-11-25 13:20:29,611|press|'8'
2019-11-25 13:20:29,735|release|'8'
2019-11-25 13:20:30,406|press|Key.down
2019-11-25 13:20:30,511|release|Key.down
2019-11-25 13:20:30,698|press|Key.cmd
2019-11-25 13:20:30,830|press|Key.tab
2019-11-25 13:20:30,995|release|Key.cmd
2019-11-25 13:20:31,020|release|Key.tab
2019-11-25 13:20:32,479|press|Key.cmd
2019-11-25 13:20:32,606|press|Key.tab
2019-11-25 13:20:32,723|release|Key.cmd
2019-11-25 13:20:32,758|release|Key.tab
2019-11-25 13:20:33,403|press|'8'
2019-11-25 13:20:33,490|press|'2'
2019-11-25 13:20:33,504|release|'8'
2019-11-25 13:20:33,559|release|'2'
2019-11-25 13:20:33,653|press|'3'
2019-11-25 13:20:33,730|release|'3'
2019-11-25 13:20:34,016|press|Key.cmd
2019-11-25 13:20:34,132|press|Key.tab
2019-11-25 13:20:34,201|release|Key.cmd
2019-11-25 13:20:34,236|release|Key.tab
2019-11-25 13:20:34,878|press|Key.cmd
2019-11-25 13:20:34,978|press|Key.tab
2019-11-25 13:20:35,107|release|Key.cmd
2019-11-25 13:20:35,150|release|Key.tab
2019-11-25 13:20:35,615|press|'7'
2019-11-25 13:20:35,739|release|'7'
2019-11-25 13:20:35,766|press|'8'
2019-11-25 13:20:35,835|release|'8'
2019-11-25 13:20:35,936|press|'8'
2019-11-25 13:20:36,065|release|'8'
2019-11-25 13:20:36,761|press|Key.right
2019-11-25 13:20:36,906|release|Key.right
2019-11-25 13:20:37,155|press|Key.down
2019-11-25 13:20:37,220|release|Key.down
2019-11-25 13:20:37,885|press|Key.up
2019-11-25 13:20:37,970|release|Key.up
2019-11-25 13:20:38,078|press|Key.up
2019-11-25 13:20:38,142|release|Key.up
2019-11-25 13:20:38,219|press|Key.up
2019-11-25 13:20:38,300|release|Key.up
2019-11-25 13:20:38,416|press|Key.cmd
2019-11-25 13:20:38,543|press|Key.tab
2019-11-25 13:20:38,612|release|Key.cmd
2019-11-25 13:20:38,664|release|Key.tab
2019-11-25 13:20:40,383|press|Key.cmd
2019-11-25 13:20:40,506|press|Key.tab
2019-11-25 13:20:40,603|release|Key.cmd
2019-11-25 13:20:40,641|release|Key.tab
2019-11-25 13:20:40,999|press|'2'
2019-11-25 13:20:41,111|press|'1'
2019-11-25 13:20:41,151|release|'2'
2019-11-25 13:20:41,236|release|'1'
2019-11-25 13:20:41,397|press|'2'
2019-11-25 13:20:41,493|release|'2'
2019-11-25 13:20:41,958|press|'9'
2019-11-25 13:20:42,039|press|'2'
2019-11-25 13:20:42,040|release|'9'
2019-11-25 13:20:42,127|release|'2'
2019-11-25 13:20:42,481|press|Key.cmd
2019-11-25 13:20:42,605|press|Key.tab
2019-11-25 13:20:42,701|release|Key.cmd
2019-11-25 13:20:42,735|release|Key.tab
2019-11-25 13:20:43,773|press|Key.cmd
2019-11-25 13:20:43,857|press|Key.tab
2019-11-25 13:20:43,962|release|Key.cmd
2019-11-25 13:20:43,986|release|Key.tab
2019-11-25 13:20:44,712|press|Key.shift_r
2019-11-25 13:20:44,931|press|','
2019-11-25 13:20:44,996|release|','
2019-11-25 13:20:45,100|release|Key.shift_r
2019-11-25 13:20:45,761|press|'4'
2019-11-25 13:20:45,825|release|'4'
2019-11-25 13:20:45,890|press|'4'
2019-11-25 13:20:45,962|release|'4'
2019-11-25 13:20:46,576|press|Key.down
2019-11-25 13:20:46,700|release|Key.down
2019-11-25 13:20:46,987|press|Key.cmd
2019-11-25 13:20:47,102|press|Key.tab
2019-11-25 13:20:47,180|release|Key.cmd
2019-11-25 13:20:47,215|release|Key.tab
2019-11-25 13:20:48,355|press|Key.cmd
2019-11-25 13:20:48,479|press|Key.tab
2019-11-25 13:20:48,575|release|Key.cmd
2019-11-25 13:20:48,602|release|Key.tab
2019-11-25 13:20:48,934|press|'1'
2019-11-25 13:20:49,006|release|'1'
2019-11-25 13:20:49,095|press|'1'
2019-11-25 13:20:49,159|release|'1'
2019-11-25 13:20:49,305|press|Key.cmd
2019-11-25 13:20:49,436|press|Key.tab
2019-11-25 13:20:49,517|release|Key.cmd
2019-11-25 13:20:49,553|release|Key.tab
2019-11-25 13:20:50,315|press|Key.cmd
2019-11-25 13:20:50,443|press|Key.tab
2019-11-25 13:20:50,560|release|Key.cmd
2019-11-25 13:20:50,595|release|Key.tab
2019-11-25 13:20:50,988|press|'3'
2019-11-25 13:20:51,069|release|'3'
2019-11-25 13:20:51,152|press|'3'
2019-11-25 13:20:51,228|release|'3'
2019-11-25 13:20:51,354|press|'4'
2019-11-25 13:20:51,430|release|'4'
2019-11-25 13:20:51,848|press|Key.cmd
2019-11-25 13:20:51,964|press|Key.tab
2019-11-25 13:20:52,033|release|Key.cmd
2019-11-25 13:20:52,072|release|Key.tab
2019-11-25 13:20:52,863|press|Key.cmd
2019-11-25 13:20:52,959|press|Key.tab
2019-11-25 13:20:53,048|release|Key.cmd
2019-11-25 13:20:53,086|release|Key.tab
2019-11-25 13:20:53,755|press|'б'
2019-11-25 13:20:53,847|release|'б'
2019-11-25 13:20:54,174|press|Key.backspace
2019-11-25 13:20:54,299|release|Key.backspace
2019-11-25 13:20:54,496|press|Key.shift_r
2019-11-25 13:20:54,627|press|'?'
2019-11-25 13:20:54,737|release|'?'
2019-11-25 13:20:54,756|release|Key.shift_r
2019-11-25 13:20:55,349|press|Key.backspace
2019-11-25 13:20:55,477|release|Key.backspace
2019-11-25 13:20:55,735|press|Key.shift_r
2019-11-25 13:20:55,967|press|','
2019-11-25 13:20:56,039|release|','
2019-11-25 13:20:56,075|release|Key.shift_r
2019-11-25 13:20:56,490|press|'4'
2019-11-25 13:20:56,550|release|'4'
2019-11-25 13:20:56,625|press|'4'
2019-11-25 13:20:56,677|release|'4'
2019-11-25 13:20:57,427|press|Key.down
2019-11-25 13:20:57,535|release|Key.down
2019-11-25 13:20:57,621|press|Key.cmd
2019-11-25 13:20:57,721|press|Key.tab
2019-11-25 13:20:57,796|release|Key.cmd
2019-11-25 13:20:57,848|release|Key.tab
2019-11-25 13:20:58,943|press|Key.cmd
2019-11-25 13:20:59,043|press|Key.tab
2019-11-25 13:20:59,136|release|Key.cmd
2019-11-25 13:20:59,183|release|Key.tab
2019-11-25 13:20:59,724|press|'1'
2019-11-25 13:20:59,800|press|'0'
2019-11-25 13:20:59,821|release|'1'
2019-11-25 13:20:59,884|release|'0'
2019-11-25 13:21:00,039|press|'7'
2019-11-25 13:21:00,115|release|'7'
2019-11-25 13:21:00,245|press|Key.cmd
2019-11-25 13:21:00,379|press|Key.tab
2019-11-25 13:21:00,496|release|Key.cmd
2019-11-25 13:21:00,517|release|Key.tab
2019-11-25 13:21:01,313|press|Key.cmd
2019-11-25 13:21:01,416|press|Key.tab
2019-11-25 13:21:01,505|release|Key.cmd
2019-11-25 13:21:01,552|release|Key.tab
2019-11-25 13:21:02,278|press|'0'
2019-11-25 13:21:02,393|press|'9'
2019-11-25 13:21:02,430|release|'0'
2019-11-25 13:21:02,514|release|'9'
2019-11-25 13:21:02,725|press|'2'
2019-11-25 13:21:02,812|release|'2'
2019-11-25 13:21:03,279|press|Key.shift_r
2019-11-25 13:21:03,479|press|'Б'
2019-11-25 13:21:03,570|release|'Б'
2019-11-25 13:21:03,596|release|Key.shift_r
2019-11-25 13:21:04,111|press|Key.backspace
2019-11-25 13:21:04,272|release|Key.backspace
2019-11-25 13:21:04,587|press|Key.shift_r
2019-11-25 13:21:04,719|press|','
2019-11-25 13:21:04,782|release|','
2019-11-25 13:21:04,828|release|Key.shift_r
2019-11-25 13:21:05,121|press|Key.cmd
2019-11-25 13:21:05,293|press|Key.tab
2019-11-25 13:21:05,393|release|Key.cmd
2019-11-25 13:21:05,432|release|Key.tab
2019-11-25 13:21:06,119|press|Key.cmd
2019-11-25 13:21:06,235|press|Key.tab
2019-11-25 13:21:06,324|release|Key.cmd
2019-11-25 13:21:06,362|release|Key.tab
2019-11-25 13:21:06,776|press|'4'
2019-11-25 13:21:06,841|release|'4'
2019-11-25 13:21:06,915|press|'4'
2019-11-25 13:21:06,984|release|'4'
2019-11-25 13:21:07,684|press|Key.right
2019-11-25 13:21:07,832|release|Key.right
2019-11-25 13:21:07,965|press|Key.up
2019-11-25 13:21:08,090|release|Key.up
2019-11-25 13:21:08,179|press|Key.up
2019-11-25 13:21:08,280|release|Key.up
2019-11-25 13:21:08,404|press|Key.cmd
2019-11-25 13:21:08,523|press|Key.tab
2019-11-25 13:21:08,587|release|Key.cmd
2019-11-25 13:21:08,651|release|Key.tab
2019-11-25 13:21:10,119|press|Key.cmd
2019-11-25 13:21:10,242|press|Key.tab
2019-11-25 13:21:10,344|release|Key.cmd
2019-11-25 13:21:10,390|release|Key.tab
2019-11-25 13:21:10,752|press|'8'
2019-11-25 13:21:10,896|release|'8'
2019-11-25 13:21:10,979|press|'2'
2019-11-25 13:21:11,071|release|'2'
2019-11-25 13:21:11,217|press|'3'
2019-11-25 13:21:11,294|release|'3'
2019-11-25 13:21:11,379|press|'2'
2019-11-25 13:21:11,468|release|'2'
2019-11-25 13:21:11,939|press|Key.down
2019-11-25 13:21:12,064|release|Key.down
2019-11-25 13:21:12,125|press|Key.cmd
2019-11-25 13:21:12,269|press|Key.tab
2019-11-25 13:21:12,356|release|Key.cmd
2019-11-25 13:21:12,412|release|Key.tab
2019-11-25 13:21:13,221|press|Key.cmd
2019-11-25 13:21:13,341|press|Key.tab
2019-11-25 13:21:13,444|release|Key.cmd
2019-11-25 13:21:13,492|release|Key.tab
2019-11-25 13:21:14,660|press|'7'
2019-11-25 13:21:14,764|release|'7'
2019-11-25 13:21:14,812|press|'2'
2019-11-25 13:21:14,900|release|'2'
2019-11-25 13:21:15,026|press|'4'
2019-11-25 13:21:15,094|release|'4'
2019-11-25 13:21:15,126|press|'1'
2019-11-25 13:21:15,251|release|'1'
2019-11-25 13:21:15,467|press|Key.cmd
2019-11-25 13:21:15,547|press|Key.tab
2019-11-25 13:21:15,636|release|Key.cmd
2019-11-25 13:21:15,659|release|Key.tab
2019-11-25 13:21:16,715|press|Key.cmd
2019-11-25 13:21:16,846|press|Key.tab
2019-11-25 13:21:16,947|release|Key.cmd
2019-11-25 13:21:17,005|release|Key.tab
2019-11-25 13:21:17,374|press|'3'
2019-11-25 13:21:17,458|press|'1'
2019-11-25 13:21:17,506|release|'3'
2019-11-25 13:21:17,571|release|'1'
2019-11-25 13:21:17,740|press|Key.cmd
2019-11-25 13:21:17,852|press|Key.tab
2019-11-25 13:21:17,952|release|Key.tab
2019-11-25 13:21:18,077|release|Key.cmd
2019-11-25 13:21:18,330|release|<0>
2019-11-25 13:21:18,587|press|Key.cmd
2019-11-25 13:21:18,719|press|Key.tab
2019-11-25 13:21:18,804|release|Key.cmd
2019-11-25 13:21:18,832|release|Key.tab
2019-11-25 13:21:19,353|press|'='
2019-11-25 13:21:19,429|release|'='
2019-11-25 13:21:19,588|press|'='
2019-11-25 13:21:19,689|release|'='
2019-11-25 13:21:19,956|press|Key.backspace
2019-11-25 13:21:20,029|release|Key.backspace
2019-11-25 13:21:20,100|press|Key.backspace
2019-11-25 13:21:20,189|release|Key.backspace
2019-11-25 13:21:20,265|press|Key.backspace
2019-11-25 13:21:20,362|release|Key.backspace
2019-11-25 13:21:20,440|press|Key.backspace
2019-11-25 13:21:20,508|release|Key.backspace
2019-11-25 13:21:20,860|press|Key.cmd
2019-11-25 13:21:20,972|press|Key.tab
2019-11-25 13:21:21,037|release|Key.cmd
2019-11-25 13:21:21,081|release|Key.tab
2019-11-25 13:21:21,669|press|Key.cmd
2019-11-25 13:21:21,773|press|Key.tab
2019-11-25 13:21:21,834|release|Key.cmd
2019-11-25 13:21:21,889|release|Key.tab
2019-11-25 13:21:22,258|press|Key.down
2019-11-25 13:21:22,363|release|Key.down
2019-11-25 13:21:22,519|press|Key.cmd
2019-11-25 13:21:22,619|press|Key.tab
2019-11-25 13:21:22,687|release|Key.cmd
2019-11-25 13:21:22,747|release|Key.tab
2019-11-25 13:21:23,750|press|'3'
2019-11-25 13:21:23,818|press|'1'
2019-11-25 13:21:23,822|release|'3'
2019-11-25 13:21:23,958|release|'1'
2019-11-25 13:21:26,643|press|Key.cmd
2019-11-25 13:21:26,770|press|Key.tab
2019-11-25 13:21:26,911|release|Key.cmd
2019-11-25 13:21:26,954|release|Key.tab
2019-11-25 13:21:27,919|press|'3'
2019-11-25 13:21:28,015|press|'1'
2019-11-25 13:21:28,091|release|'3'
2019-11-25 13:21:28,171|release|'1'
2019-11-25 13:21:28,747|press|'9'
2019-11-25 13:21:28,847|release|'9'
2019-11-25 13:21:29,080|press|Key.cmd
2019-11-25 13:21:29,202|press|Key.tab
2019-11-25 13:21:29,288|release|Key.cmd
2019-11-25 13:21:29,363|release|Key.tab
2019-11-25 13:21:29,875|press|Key.cmd
2019-11-25 13:21:29,999|press|Key.tab
2019-11-25 13:21:30,087|release|Key.cmd
2019-11-25 13:21:30,169|release|Key.tab
2019-11-25 13:21:30,676|press|'3'
2019-11-25 13:21:30,788|release|'3'
2019-11-25 13:21:30,864|press|'4'
2019-11-25 13:21:30,920|release|'4'
2019-11-25 13:21:31,812|press|Key.down
2019-11-25 13:21:31,945|release|Key.down
2019-11-25 13:21:32,857|press|Key.cmd
2019-11-25 13:21:32,961|press|Key.tab
2019-11-25 13:21:33,041|release|Key.cmd
2019-11-25 13:21:33,081|release|Key.tab
2019-11-25 13:21:40,415|press|Key.cmd
2019-11-25 13:21:40,585|press|Key.tab
2019-11-25 13:21:40,729|release|Key.cmd
2019-11-25 13:21:40,737|release|Key.tab
2019-11-25 13:21:44,381|press|Key.cmd
2019-11-25 13:21:44,545|press|Key.tab
2019-11-25 13:21:44,649|release|Key.cmd
2019-11-25 13:21:44,663|release|Key.tab
2019-11-25 13:22:03,762|press|Key.cmd
2019-11-25 13:22:03,897|press|Key.tab
2019-11-25 13:22:04,030|release|Key.cmd
2019-11-25 13:22:04,087|release|Key.tab
2019-11-25 13:22:05,448|press|Key.up
2019-11-25 13:22:05,572|release|Key.up
2019-11-25 13:22:06,248|press|'м'
2019-11-25 13:22:06,333|release|'м'
2019-11-25 13:22:06,393|press|'о'
2019-11-25 13:22:06,474|release|'о'
2019-11-25 13:22:06,509|press|'с'
2019-11-25 13:22:06,642|release|'с'
2019-11-25 13:22:06,831|press|'к'
2019-11-25 13:22:06,935|release|'к'
2019-11-25 13:22:07,051|press|'в'
2019-11-25 13:22:07,139|release|'в'
2019-11-25 13:22:07,151|press|'р'
2019-11-25 13:22:07,264|release|'р'
2019-11-25 13:22:08,679|press|'='
2019-11-25 13:22:08,823|release|'='
2019-11-25 13:22:09,299|press|Key.backspace
2019-11-25 13:22:09,411|release|Key.backspace
2019-11-25 13:22:09,477|press|Key.backspace
2019-11-25 13:22:09,558|release|Key.backspace
2019-11-25 13:22:09,647|press|Key.backspace
2019-11-25 13:22:09,731|release|Key.backspace
2019-11-25 13:22:09,820|press|Key.backspace
2019-11-25 13:22:09,916|release|Key.backspace
2019-11-25 13:22:10,558|press|'к'
2019-11-25 13:22:10,682|release|'к'
2019-11-25 13:22:10,853|press|'в'
2019-11-25 13:22:10,950|release|'в'
2019-11-25 13:22:10,983|press|'о'
2019-11-25 13:22:11,051|release|'о'
2019-11-25 13:22:11,155|press|'р'
2019-11-25 13:22:11,223|release|'р'
2019-11-25 13:22:11,224|press|'е'
2019-11-25 13:22:11,315|release|'е'
2019-11-25 13:22:11,534|press|'ч'
2019-11-25 13:22:11,618|release|'ч'
2019-11-25 13:22:11,626|press|'ь'
2019-11-25 13:22:11,718|release|'ь'
2019-11-25 13:22:11,819|press|'е'
2019-11-25 13:22:11,912|release|'е'
2019-11-25 13:22:12,686|press|Key.cmd
2019-11-25 13:22:12,766|release|Key.cmd
2019-11-25 13:22:12,837|press|Key.cmd
2019-11-25 13:22:12,944|press|Key.tab
2019-11-25 13:22:13,039|release|Key.cmd
2019-11-25 13:22:13,089|release|Key.tab
2019-11-25 13:22:16,151|press|Key.cmd
2019-11-25 13:22:16,339|press|Key.tab
2019-11-25 13:22:16,440|release|Key.cmd
2019-11-25 13:22:16,483|release|Key.tab
2019-11-25 13:22:17,752|press|Key.down
2019-11-25 13:22:17,896|release|Key.down
2019-11-25 13:22:18,266|press|'к'
2019-11-25 13:22:18,386|release|'к'
2019-11-25 13:22:18,485|press|'е'
2019-11-25 13:22:18,573|release|'е'
2019-11-25 13:22:18,657|press|'р'
2019-11-25 13:22:18,753|release|'р'
2019-11-25 13:22:18,784|press|'ч'
2019-11-25 13:22:18,896|release|'ч'
2019-11-25 13:22:18,944|press|'е'
2019-11-25 13:22:19,024|release|'е'
2019-11-25 13:22:19,088|press|'н'
2019-11-25 13:22:19,180|release|'н'
2019-11-25 13:22:19,218|press|'с'
2019-11-25 13:22:19,299|release|'с'
2019-11-25 13:22:19,420|press|'к'
2019-11-25 13:22:19,512|release|'к'
2019-11-25 13:22:19,572|press|'а'
2019-11-25 13:22:19,660|release|'а'
2019-11-25 13:22:20,009|press|'я'
2019-11-25 13:22:20,053|release|'я'
2019-11-25 13:22:20,957|press|Key.right
2019-11-25 13:22:21,097|release|Key.right
2019-11-25 13:22:21,681|press|Key.down
2019-11-25 13:22:21,793|release|Key.down
2019-11-25 13:22:21,910|press|Key.left
2019-11-25 13:22:21,998|release|Key.left
2019-11-25 13:22:22,531|press|'с'
2019-11-25 13:22:22,639|release|'с'
2019-11-25 13:22:22,757|press|'е'
2019-11-25 13:22:22,853|release|'е'
2019-11-25 13:22:23,056|press|'в'
2019-11-25 13:22:23,160|release|'в'
2019-11-25 13:22:23,243|press|'а'
2019-11-25 13:22:23,339|release|'а'
2019-11-25 13:22:23,356|press|'н'
2019-11-25 13:22:23,440|release|'н'
2019-11-25 13:22:23,469|press|'с'
2019-11-25 13:22:23,557|release|'с'
2019-11-25 13:22:23,701|press|'к'
2019-11-25 13:22:23,785|release|'к'
2019-11-25 13:22:23,855|press|'а'
2019-11-25 13:22:23,947|release|'а'
2019-11-25 13:22:24,077|press|'я'
2019-11-25 13:22:24,189|release|'я'
2019-11-25 13:22:25,387|press|Key.right
2019-11-25 13:22:25,535|release|Key.right
2019-11-25 13:22:25,664|press|Key.up
2019-11-25 13:22:25,772|release|Key.up
2019-11-25 13:22:25,871|press|Key.up
2019-11-25 13:22:25,971|release|Key.up
2019-11-25 13:22:26,153|press|Key.cmd
2019-11-25 13:22:26,273|press|Key.tab
2019-11-25 13:22:26,346|release|Key.cmd
2019-11-25 13:22:26,412|release|Key.tab
2019-11-25 13:22:29,031|press|Key.cmd
2019-11-25 13:22:29,159|press|Key.tab
2019-11-25 13:22:29,260|release|Key.cmd
2019-11-25 13:22:29,290|release|Key.tab
2019-11-25 13:22:29,729|press|'1'
2019-11-25 13:22:29,817|release|'1'
2019-11-25 13:22:29,869|press|'8'
2019-11-25 13:22:29,973|release|'8'
2019-11-25 13:22:30,630|press|'9'
2019-11-25 13:22:30,718|release|'9'
2019-11-25 13:22:31,290|press|'6'
2019-11-25 13:22:31,366|press|'3'
2019-11-25 13:22:31,369|release|'6'
2019-11-25 13:22:31,466|release|'3'
2019-11-25 13:22:31,721|press|Key.cmd
2019-11-25 13:22:31,817|press|Key.tab
2019-11-25 13:22:31,893|release|Key.cmd
2019-11-25 13:22:31,944|release|Key.tab
2019-11-25 13:22:33,524|press|Key.cmd
2019-11-25 13:22:33,683|press|Key.tab
2019-11-25 13:22:33,815|release|Key.cmd
2019-11-25 13:22:33,874|release|Key.tab
2019-11-25 13:22:34,999|press|'7'
2019-11-25 13:22:35,103|release|'7'
2019-11-25 13:22:35,205|press|'8'
2019-11-25 13:22:35,277|release|'8'
2019-11-25 13:22:35,365|press|'8'
2019-11-25 13:22:35,453|release|'8'
2019-11-25 13:22:36,120|press|Key.down
2019-11-25 13:22:36,253|release|Key.down
2019-11-25 13:22:36,423|press|Key.cmd
2019-11-25 13:22:36,546|press|Key.tab
2019-11-25 13:22:36,647|release|Key.cmd
2019-11-25 13:22:36,676|release|Key.tab
2019-11-25 13:22:39,866|press|Key.cmd
2019-11-25 13:22:39,986|press|Key.tab
2019-11-25 13:22:40,106|release|Key.cmd
2019-11-25 13:22:40,164|release|Key.tab
2019-11-25 13:22:41,513|press|'7'
2019-11-25 13:22:41,597|release|'7'
2019-11-25 13:22:41,648|press|'1'
2019-11-25 13:22:41,724|release|'1'
2019-11-25 13:22:42,780|press|'6'
2019-11-25 13:22:42,852|release|'6'
2019-11-25 13:22:42,868|press|'3'
2019-11-25 13:22:42,960|release|'3'
2019-11-25 13:23:02,816|press|'7'
2019-11-25 13:23:02,937|release|'7'
2019-11-25 13:23:03,121|press|'8'
2019-11-25 13:23:03,177|release|'8'
2019-11-25 13:23:03,308|press|'8'
2019-11-25 13:23:03,349|release|'8'
2019-11-25 13:23:21,231|press|'7'
2019-11-25 13:23:21,339|release|'7'
2019-11-25 13:23:21,454|press|'8'
2019-11-25 13:23:21,522|release|'8'
2019-11-25 13:23:21,603|press|'8'
2019-11-25 13:23:21,686|release|'8'
2019-11-25 13:23:22,526|press|Key.down
2019-11-25 13:23:22,622|release|Key.down
2019-11-25 13:23:23,348|press|'8'
2019-11-25 13:23:23,464|press|'9'
2019-11-25 13:23:23,488|release|'8'
2019-11-25 13:23:23,560|release|'9'
2019-11-25 13:23:23,902|press|'2'
2019-11-25 13:23:24,002|release|'2'
2019-11-25 13:23:24,108|press|'3'
2019-11-25 13:23:24,196|release|'3'
2019-11-25 13:23:25,036|press|'7'
2019-11-25 13:23:25,132|release|'7'
2019-11-25 13:23:25,288|press|'8'
2019-11-25 13:23:25,348|release|'8'
2019-11-25 13:23:25,435|press|'8'
2019-11-25 13:23:25,519|release|'8'
2019-11-25 13:23:26,581|press|Key.right
2019-11-25 13:23:26,881|release|Key.right
2019-11-25 13:23:30,718|press|'1'
2019-11-25 13:23:30,804|release|'1'
2019-11-25 13:23:30,907|press|'1'
2019-11-25 13:23:31,007|release|'1'
2019-11-25 13:23:31,729|press|'6'
2019-11-25 13:23:31,817|release|'6'
2019-11-25 13:23:32,704|press|'0'
2019-11-25 13:23:32,825|release|'0'
2019-11-25 13:23:33,664|press|'0'
2019-11-25 13:23:33,744|release|'0'
2019-11-25 13:23:33,863|press|'9'
2019-11-25 13:23:33,940|release|'9'
2019-11-25 13:23:34,685|press|'2'
2019-11-25 13:23:34,797|release|'2'
2019-11-25 13:23:35,636|press|Key.up
2019-11-25 13:23:35,757|release|Key.up
2019-11-25 13:23:37,116|press|'9'
2019-11-25 13:23:37,215|release|'9'
2019-11-25 13:23:37,841|press|'3'
2019-11-25 13:23:38,009|press|'1'
2019-11-25 13:23:38,021|release|'3'
2019-11-25 13:23:38,166|release|'1'
2019-11-25 13:23:38,682|press|'2'
2019-11-25 13:23:38,803|release|'2'
2019-11-25 13:23:39,306|press|'9'
2019-11-25 13:23:39,399|release|'9'
2019-11-25 13:23:39,534|press|'2'
2019-11-25 13:23:39,643|release|'2'
2019-11-25 13:23:40,862|press|Key.up
2019-11-25 13:23:40,974|release|Key.up
2019-11-25 13:23:42,287|press|'2'
2019-11-25 13:23:42,392|release|'2'
2019-11-25 13:23:42,451|press|'4'
2019-11-25 13:23:42,567|release|'4'
2019-11-25 13:23:43,172|press|'6'
2019-11-25 13:23:43,253|release|'6'
2019-11-25 13:23:43,407|press|'5'
2019-11-25 13:23:43,484|release|'5'
2019-11-25 13:23:44,429|press|'2'
2019-11-25 13:23:44,529|release|'2'
2019-11-25 13:23:44,609|press|'9'
2019-11-25 13:23:44,689|release|'9'
2019-11-25 13:23:44,777|press|'2'
2019-11-25 13:23:44,862|release|'2'
2019-11-25 13:23:47,064|press|Key.shift_r
2019-11-25 13:23:47,267|press|','
2019-11-25 13:23:47,347|release|','
2019-11-25 13:23:47,448|release|Key.shift_r
2019-11-25 13:23:47,819|press|'4'
2019-11-25 13:23:47,875|release|'4'
2019-11-25 13:23:47,954|press|'4'
2019-11-25 13:23:48,022|release|'4'
2019-11-25 13:23:50,247|press|Key.down
2019-11-25 13:23:50,312|release|Key.down
2019-11-25 13:23:52,138|press|Key.shift_r
2019-11-25 13:23:52,514|press|','
2019-11-25 13:23:52,582|release|','
2019-11-25 13:23:52,607|release|Key.shift_r
2019-11-25 13:23:53,122|press|'4'
2019-11-25 13:23:53,211|release|'4'
2019-11-25 13:23:53,293|press|'4'
2019-11-25 13:23:53,368|release|'4'
2019-11-25 13:23:56,453|press|Key.shift_r
2019-11-25 13:23:57,201|press|','
2019-11-25 13:23:57,269|release|','
2019-11-25 13:23:57,322|release|Key.shift_r
2019-11-25 13:23:57,771|press|'4'
2019-11-25 13:23:57,831|release|'4'
2019-11-25 13:23:57,917|press|'4'
2019-11-25 13:23:57,993|release|'4'
2019-11-25 13:23:58,470|press|Key.right
2019-11-25 13:23:58,630|release|Key.right
2019-11-25 13:23:58,742|press|Key.right
2019-11-25 13:23:58,902|release|Key.right
2019-11-25 13:24:02,002|press|'8'
2019-11-25 13:24:02,086|release|'8'
2019-11-25 13:24:02,164|press|'9'
2019-11-25 13:24:02,287|release|'9'
2019-11-25 13:24:03,167|press|'7'
2019-11-25 13:24:03,251|release|'7'
2019-11-25 13:24:04,114|press|'2'
2019-11-25 13:24:04,218|release|'2'
2019-11-25 13:24:04,393|press|'3'
2019-11-25 13:24:04,513|release|'3'
2019-11-25 13:24:04,630|press|'4'
2019-11-25 13:24:04,726|release|'4'
2019-11-25 13:24:05,892|press|Key.down
2019-11-25 13:24:06,052|release|Key.down
2019-11-25 13:24:08,667|press|'7'
2019-11-25 13:24:08,768|release|'7'
2019-11-25 13:24:08,840|press|'2'
2019-11-25 13:24:08,956|release|'2'
2019-11-25 13:24:09,333|press|'3'
2019-11-25 13:24:09,425|release|'3'
2019-11-25 13:24:09,547|press|'4'
2019-11-25 13:24:09,639|release|'4'
2019-11-25 13:24:10,742|press|Key.down
2019-11-25 13:24:10,854|release|Key.down
2019-11-25 13:24:11,939|press|'1'
2019-11-25 13:24:12,071|release|'1'
2019-11-25 13:24:12,083|press|'9'
2019-11-25 13:24:12,179|release|'9'
2019-11-25 13:24:12,618|press|'2'
2019-11-25 13:24:12,714|release|'2'
2019-11-25 13:24:12,866|press|'3'
2019-11-25 13:24:12,970|release|'3'
2019-11-25 13:24:13,086|press|'4'
2019-11-25 13:24:13,194|release|'4'
2019-11-25 13:24:30,980|press|'п'
2019-11-25 13:24:31,051|release|'п'
2019-11-25 13:24:31,125|press|'у'
2019-11-25 13:24:31,222|release|'у'
2019-11-25 13:24:31,307|press|'ш'
2019-11-25 13:24:31,400|release|'ш'
2019-11-25 13:24:31,503|press|'к'
2019-11-25 13:24:31,595|release|'к'
2019-11-25 13:24:32,808|press|'и'
2019-11-25 13:24:32,941|release|'и'
2019-11-25 13:24:32,970|press|'н'
2019-11-25 13:24:33,070|release|'н'
2019-11-25 13:24:33,221|press|'с'
2019-11-25 13:24:33,293|release|'с'
2019-11-25 13:24:33,419|press|'к'
2019-11-25 13:24:33,527|release|'к'
2019-11-25 13:24:33,663|press|'а'
2019-11-25 13:24:33,752|release|'а'
2019-11-25 13:24:33,905|press|'я'
2019-11-25 13:24:34,026|release|'я'
2019-11-25 13:24:40,486|press|'л'
2019-11-25 13:24:40,570|release|'л'
2019-11-25 13:24:40,603|press|'е'
2019-11-25 13:24:40,679|release|'е'
2019-11-25 13:24:40,841|press|'ф'
2019-11-25 13:24:40,970|press|'о'
2019-11-25 13:24:40,981|release|'ф'
2019-11-25 13:24:41,038|release|'о'
2019-11-25 13:24:41,121|press|'р'
2019-11-25 13:24:41,198|release|'р'
2019-11-25 13:24:41,291|press|'т'
2019-11-25 13:24:41,359|release|'т'
2019-11-25 13:24:41,446|press|'о'
2019-11-25 13:24:41,523|release|'о'
2019-11-25 13:24:41,584|press|'в'
2019-11-25 13:24:41,676|release|'в'
2019-11-25 13:24:41,815|press|'с'
2019-11-25 13:24:41,879|release|'с'
2019-11-25 13:24:42,007|press|'к'
2019-11-25 13:24:42,096|release|'к'
2019-11-25 13:24:42,167|press|'а'
2019-11-25 13:24:42,244|release|'а'
2019-11-25 13:24:42,386|press|'я'
2019-11-25 13:24:42,519|release|'я'
2019-11-25 13:24:43,724|press|Key.backspace
2019-11-25 13:24:44,224|press|Key.backspace
2019-11-25 13:24:44,309|press|Key.backspace
2019-11-25 13:24:44,393|press|Key.backspace
2019-11-25 13:24:44,477|press|Key.backspace
2019-11-25 13:24:44,560|press|Key.backspace
2019-11-25 13:24:44,644|press|Key.backspace
2019-11-25 13:24:44,727|press|Key.backspace
2019-11-25 13:24:44,744|release|Key.backspace
2019-11-25 13:24:44,818|press|Key.backspace
2019-11-25 13:24:44,918|release|Key.backspace
2019-11-25 13:24:45,001|press|Key.backspace
2019-11-25 13:24:45,078|release|Key.backspace
2019-11-25 13:24:45,171|press|Key.backspace
2019-11-25 13:24:45,244|release|Key.backspace
2019-11-25 13:24:45,319|press|Key.backspace
2019-11-25 13:24:45,391|release|Key.backspace
2019-11-25 13:24:46,139|press|Key.down
2019-11-25 13:24:46,292|release|Key.down
2019-11-25 13:24:47,464|press|'л'
2019-11-25 13:24:47,556|release|'л'
2019-11-25 13:24:47,579|press|'е'
2019-11-25 13:24:47,672|release|'е'
2019-11-25 13:24:47,848|press|'ф'
2019-11-25 13:24:47,976|release|'ф'
2019-11-25 13:24:47,977|press|'о'
2019-11-25 13:24:48,036|release|'о'
2019-11-25 13:24:48,115|press|'р'
2019-11-25 13:24:48,203|release|'р'
2019-11-25 13:24:48,300|press|'т'
2019-11-25 13:24:48,385|press|'о'
2019-11-25 13:24:48,412|release|'т'
2019-11-25 13:24:48,485|release|'о'
2019-11-25 13:24:48,562|press|'в'
2019-11-25 13:24:48,663|release|'в'
2019-11-25 13:24:48,782|press|'с'
2019-11-25 13:24:48,867|release|'с'
2019-11-25 13:24:48,991|press|'к'
2019-11-25 13:24:49,071|release|'к'
2019-11-25 13:24:49,135|press|'а'
2019-11-25 13:24:49,223|release|'а'
2019-11-25 13:24:49,382|press|'я'
2019-11-25 13:24:49,494|release|'я'
2019-11-25 13:24:49,524|press|Key.space
2019-11-25 13:24:49,592|release|Key.space
2019-11-25 13:24:50,270|press|Key.down
2019-11-25 13:24:50,379|release|Key.down
2019-11-25 13:24:54,824|press|'г'
2019-11-25 13:24:54,912|release|'г'
2019-11-25 13:24:55,005|press|'о'
2019-11-25 13:24:55,081|release|'о'
2019-11-25 13:24:55,211|press|'н'
2019-11-25 13:24:55,283|release|'н'
2019-11-25 13:24:55,390|press|'ч'
2019-11-25 13:24:55,502|release|'ч'
2019-11-25 13:24:55,618|press|'а'
2019-11-25 13:24:55,718|release|'а'
2019-11-25 13:24:55,719|press|'р'
2019-11-25 13:24:55,790|release|'р'
2019-11-25 13:24:55,863|press|'н'
2019-11-25 13:24:55,960|release|'н'
2019-11-25 13:24:56,010|press|'а'
2019-11-25 13:24:56,082|release|'а'
2019-11-25 13:24:56,222|press|'я'
2019-11-25 13:24:56,330|release|'я'
2019-11-25 13:24:56,348|press|Key.space
2019-11-25 13:24:56,405|release|Key.space
2019-11-25 13:24:56,987|press|Key.right
2019-11-25 13:24:57,103|release|Key.right
2019-11-25 13:24:57,256|press|Key.up
2019-11-25 13:24:57,368|release|Key.up
2019-11-25 13:24:57,462|press|Key.up
2019-11-25 13:24:57,534|release|Key.up
2019-11-25 13:24:59,074|press|'5'
2019-11-25 13:24:59,155|release|'5'
2019-11-25 13:24:59,222|press|'5'
2019-11-25 13:24:59,302|release|'5'
2019-11-25 13:24:59,882|press|'7'
2019-11-25 13:24:59,966|release|'7'
2019-11-25 13:25:00,091|press|'8'
2019-11-25 13:25:00,155|release|'8'
2019-11-25 13:25:00,225|press|'8'
2019-11-25 13:25:00,301|release|'8'
2019-11-25 13:25:01,036|press|Key.down
2019-11-25 13:25:01,124|release|Key.down
2019-11-25 13:25:01,813|press|'3'
2019-11-25 13:25:01,897|release|'3'
2019-11-25 13:25:01,985|press|'3'
2019-11-25 13:25:02,061|release|'3'
2019-11-25 13:25:02,407|press|'1'
2019-11-25 13:25:02,499|release|'1'
2019-11-25 13:25:02,658|press|'8'
2019-11-25 13:25:02,742|release|'8'
2019-11-25 13:25:02,811|press|'8'
2019-11-25 13:25:02,887|release|'8'
2019-11-25 13:25:03,540|press|Key.down
2019-11-25 13:25:03,634|release|Key.down
2019-11-25 13:25:04,118|press|'2'
2019-11-25 13:25:04,250|release|'2'
2019-11-25 13:25:04,271|press|'3'
2019-11-25 13:25:04,359|release|'3'
2019-11-25 13:25:05,101|press|'7'
2019-11-25 13:25:05,185|release|'7'
2019-11-25 13:25:05,284|press|'8'
2019-11-25 13:25:05,351|release|'8'
2019-11-25 13:25:05,441|press|'8'
2019-11-25 13:25:05,521|release|'8'
2019-11-25 13:25:06,252|press|Key.right
2019-11-25 13:25:06,408|release|Key.right
2019-11-25 13:25:08,245|press|'3'
2019-11-25 13:25:08,333|release|'3'
2019-11-25 13:25:08,390|press|'0'
2019-11-25 13:25:08,466|release|'0'
2019-11-25 13:25:08,865|press|'9'
2019-11-25 13:25:08,941|release|'9'
2019-11-25 13:25:09,206|press|'2'
2019-11-25 13:25:09,299|release|'2'
2019-11-25 13:25:11,187|press|Key.shift_r
2019-11-25 13:25:11,379|press|','
2019-11-25 13:25:11,443|release|','
2019-11-25 13:25:11,499|release|Key.shift_r
2019-11-25 13:25:12,289|press|'4'
2019-11-25 13:25:12,353|release|'4'
2019-11-25 13:25:12,446|press|'4'
2019-11-25 13:25:12,507|release|'4'
2019-11-25 13:25:12,807|press|Key.up
2019-11-25 13:25:12,896|release|Key.up
2019-11-25 13:25:14,829|press|'4'
2019-11-25 13:25:14,910|release|'4'
2019-11-25 13:25:15,010|press|'3'
2019-11-25 13:25:15,111|release|'3'
2019-11-25 13:25:16,048|press|'1'
2019-11-25 13:25:16,128|release|'1'
2019-11-25 13:25:16,173|press|'4'
2019-11-25 13:25:16,261|release|'4'
2019-11-25 13:25:17,643|press|Key.shift_r
2019-11-25 13:25:18,019|press|','
2019-11-25 13:25:18,091|release|','
2019-11-25 13:25:18,123|release|Key.shift_r
2019-11-25 13:25:18,923|press|'4'
2019-11-25 13:25:18,987|release|'4'
2019-11-25 13:25:19,065|press|'4'
2019-11-25 13:25:19,141|release|'4'
2019-11-25 13:25:20,071|press|Key.up
2019-11-25 13:25:20,184|release|Key.up
2019-11-25 13:25:21,142|press|'7'
2019-11-25 13:25:21,238|release|'7'
2019-11-25 13:25:21,279|press|'2'
2019-11-25 13:25:21,379|release|'2'
2019-11-25 13:25:22,131|press|'5'
2019-11-25 13:25:22,199|release|'5'
2019-11-25 13:25:22,266|press|'2'
2019-11-25 13:25:22,362|release|'2'
2019-11-25 13:25:23,584|press|Key.shift_r
2019-11-25 13:25:23,760|press|','
2019-11-25 13:25:23,820|release|','
2019-11-25 13:25:23,888|release|Key.shift_r
2019-11-25 13:25:25,175|press|'4'
2019-11-25 13:25:25,259|release|'4'
2019-11-25 13:25:25,324|press|'4'
2019-11-25 13:25:25,404|release|'4'
2019-11-25 13:25:25,669|press|Key.right
2019-11-25 13:25:25,762|release|Key.right
2019-11-25 13:25:27,295|press|'7'
2019-11-25 13:25:27,407|release|'7'
2019-11-25 13:25:27,411|press|'8'
2019-11-25 13:25:27,528|release|'8'
2019-11-25 13:25:28,061|press|'7'
2019-11-25 13:25:28,130|release|'7'
2019-11-25 13:25:28,168|press|'2'
2019-11-25 13:25:28,261|release|'2'
2019-11-25 13:25:29,024|press|Key.down
2019-11-25 13:25:29,103|release|Key.down
2019-11-25 13:25:30,286|press|'4'
2019-11-25 13:25:30,371|release|'4'
2019-11-25 13:25:30,439|press|'2'
2019-11-25 13:25:30,512|release|'2'
2019-11-25 13:25:30,589|press|'2'
2019-11-25 13:25:30,678|release|'2'
2019-11-25 13:25:30,838|press|'1'
2019-11-25 13:25:30,922|release|'1'
2019-11-25 13:25:31,491|press|Key.down
2019-11-25 13:25:31,603|release|Key.down
2019-11-25 13:25:33,154|press|'3'
2019-11-25 13:25:33,243|release|'3'
2019-11-25 13:25:33,287|press|'9'
2019-11-25 13:25:33,380|release|'9'
2019-11-25 13:25:34,217|press|'3'
2019-11-25 13:25:34,293|release|'3'
2019-11-25 13:25:34,398|press|'4'
2019-11-25 13:25:34,475|release|'4'
2019-11-25 13:25:37,014|press|Key.down
2019-11-25 13:25:37,115|release|Key.down
2019-11-25 13:25:37,961|press|Key.down
2019-11-25 13:25:38,077|release|Key.down
2019-11-25 13:25:38,496|press|Key.left
2019-11-25 13:25:38,576|release|Key.left
2019-11-25 13:25:38,928|press|Key.right
2019-11-25 13:25:39,061|release|Key.right
2019-11-25 13:25:39,307|press|Key.right
2019-11-25 13:25:39,404|release|Key.right
2019-11-25 13:26:33,240|press|'/'
2019-11-25 13:26:33,433|press|'о'
2019-11-25 13:26:33,516|release|'/'
2019-11-25 13:26:33,540|release|'о'
2019-11-25 13:26:33,638|press|'б'
2019-11-25 13:26:33,734|release|'б'
2019-11-25 13:26:34,029|press|Key.backspace
2019-11-25 13:26:34,102|release|Key.backspace
2019-11-25 13:26:34,196|press|Key.backspace
2019-11-25 13:26:34,272|release|Key.backspace
2019-11-25 13:26:34,372|press|Key.backspace
2019-11-25 13:26:34,455|release|Key.backspace
2019-11-25 13:26:35,096|press|Key.shift_r
2019-11-25 13:26:35,512|press|'О'
2019-11-25 13:26:35,608|release|'О'
2019-11-25 13:26:35,645|release|Key.shift_r
2019-11-25 13:26:35,793|press|'б'
2019-11-25 13:26:35,873|release|'б'
2019-11-25 13:26:36,290|press|'ъ'
2019-11-25 13:26:36,382|release|'ъ'
2019-11-25 13:26:36,528|press|'е'
2019-11-25 13:26:36,632|release|'е'
2019-11-25 13:26:36,760|press|'д'
2019-11-25 13:26:36,853|release|'д'
2019-11-25 13:26:36,949|press|'и'
2019-11-25 13:26:37,020|release|'и'
2019-11-25 13:26:37,133|press|'н'
2019-11-25 13:26:37,217|release|'н'
2019-11-25 13:26:37,256|press|'е'
2019-11-25 13:26:37,348|release|'е'
2019-11-25 13:26:37,362|press|'н'
2019-11-25 13:26:37,434|release|'н'
2019-11-25 13:26:37,522|press|'н'
2019-11-25 13:26:37,618|release|'н'
2019-11-25 13:26:37,632|press|'ы'
2019-11-25 13:26:37,736|release|'ы'
2019-11-25 13:26:37,865|press|'й'
2019-11-25 13:26:37,998|release|'й'
2019-11-25 13:26:38,119|press|Key.space
2019-11-25 13:26:38,239|release|Key.space
2019-11-25 13:26:38,331|press|'о'
2019-11-25 13:26:38,399|release|'о'
2019-11-25 13:26:38,473|press|'т'
2019-11-25 13:26:38,557|release|'т'
2019-11-25 13:26:38,573|press|'в'
2019-11-25 13:26:38,697|release|'в'
2019-11-25 13:26:39,155|press|Key.backspace
2019-11-25 13:26:39,235|release|Key.backspace
2019-11-25 13:26:39,588|press|'ч'
2019-11-25 13:26:39,673|release|'ч'
2019-11-25 13:26:39,804|press|'е'
2019-11-25 13:26:39,876|press|'т'
2019-11-25 13:26:39,877|release|'е'
2019-11-25 13:26:39,941|release|'т'
2019-11-25 13:26:50,813|press|Key.shift_r
2019-11-25 13:26:51,133|press|'О'
2019-11-25 13:26:51,230|release|'О'
2019-11-25 13:26:51,233|release|Key.shift_r
2019-11-25 13:26:51,359|press|'б'
2019-11-25 13:26:51,433|release|'б'
2019-11-25 13:26:51,842|press|'ъ'
2019-11-25 13:26:51,922|release|'ъ'
2019-11-25 13:26:52,176|press|'е'
2019-11-25 13:26:52,285|release|'е'
2019-11-25 13:26:52,414|press|'д'
2019-11-25 13:26:52,478|release|'д'
2019-11-25 13:26:52,600|press|'и'
2019-11-25 13:26:52,681|release|'и'
2019-11-25 13:26:52,788|press|'н'
2019-11-25 13:26:52,872|release|'н'
2019-11-25 13:26:52,918|press|'е'
2019-11-25 13:26:53,014|release|'е'
2019-11-25 13:26:53,026|press|'н'
2019-11-25 13:26:53,090|release|'н'
2019-11-25 13:26:53,180|press|'н'
2019-11-25 13:26:53,257|release|'н'
2019-11-25 13:26:53,280|press|'ы'
2019-11-25 13:26:53,388|release|'ы'
2019-11-25 13:26:53,509|press|'й'
2019-11-25 13:26:53,614|release|'й'
2019-11-25 13:26:53,635|press|Key.space
2019-11-25 13:26:53,724|release|Key.space
2019-11-25 13:26:53,778|press|'о'
2019-11-25 13:26:53,861|press|'т'
2019-11-25 13:26:53,902|release|'о'
2019-11-25 13:26:53,978|release|'т'
2019-11-25 13:26:54,000|press|'в'
2019-11-25 13:26:54,084|release|'в'
2019-11-25 13:26:54,202|press|'е'
2019-11-25 13:26:54,301|release|'е'
2019-11-25 13:26:54,373|press|'т'
2019-11-25 13:26:54,453|release|'т'
2019-11-25 13:26:55,420|press|Key.backspace
2019-11-25 13:26:55,495|release|Key.backspace
2019-11-25 13:26:55,592|press|Key.backspace
2019-11-25 13:26:55,661|release|Key.backspace
2019-11-25 13:26:55,752|press|Key.backspace
2019-11-25 13:26:55,831|release|Key.backspace
2019-11-25 13:26:55,913|press|'ч'
2019-11-25 13:26:55,998|release|'ч'
2019-11-25 13:26:56,136|press|'е'
2019-11-25 13:26:56,221|press|'т'
2019-11-25 13:26:56,248|release|'е'
2019-11-25 13:26:56,296|release|'т'
2019-11-25 13:27:12,876|press|Key.shift_r
2019-11-25 13:27:13,253|press|'О'
2019-11-25 13:27:13,445|release|'О'
2019-11-25 13:27:13,494|release|Key.shift_r
2019-11-25 13:27:13,768|press|'б'
2019-11-25 13:27:13,865|release|'б'
2019-11-25 13:27:14,219|press|'ъ'
2019-11-25 13:27:14,332|release|'ъ'
2019-11-25 13:27:14,800|press|'е'
2019-11-25 13:27:14,854|release|'е'
2019-11-25 13:27:14,963|press|'д'
2019-11-25 13:27:15,035|release|'д'
2019-11-25 13:27:15,146|press|'и'
2019-11-25 13:27:15,246|release|'и'
2019-11-25 13:27:15,410|press|'н'
2019-11-25 13:27:15,474|release|'н'
2019-11-25 13:27:15,497|press|'е'
2019-11-25 13:27:15,565|release|'е'
2019-11-25 13:27:15,640|press|'н'
2019-11-25 13:27:15,704|release|'н'
2019-11-25 13:27:15,788|press|'н'
2019-11-25 13:27:15,865|release|'н'
2019-11-25 13:27:15,879|press|'ы'
2019-11-25 13:27:15,956|release|'ы'
2019-11-25 13:27:16,176|press|'й'
2019-11-25 13:27:16,280|release|'й'
2019-11-25 13:27:16,328|press|Key.space
2019-11-25 13:27:16,424|release|Key.space
2019-11-25 13:27:16,479|press|'о'
2019-11-25 13:27:16,571|press|'т'
2019-11-25 13:27:16,607|release|'о'
2019-11-25 13:27:16,671|release|'т'
2019-11-25 13:27:16,679|press|'в'
2019-11-25 13:27:16,779|release|'в'
2019-11-25 13:27:17,214|press|'='
2019-11-25 13:27:17,314|release|'='
2019-11-25 13:27:17,322|press|'ч'
2019-11-25 13:27:17,410|release|'ч'
2019-11-25 13:27:17,900|press|Key.backspace
2019-11-25 13:27:17,972|release|Key.backspace
2019-11-25 13:27:18,053|press|Key.backspace
2019-11-25 13:27:18,142|release|Key.backspace
2019-11-25 13:27:18,211|press|Key.backspace
2019-11-25 13:27:18,339|release|Key.backspace
2019-11-25 13:27:18,407|press|'ч'
2019-11-25 13:27:18,509|release|'ч'
2019-11-25 13:27:18,648|press|'е'
2019-11-25 13:27:18,724|press|'т'
2019-11-25 13:27:18,752|release|'е'
2019-11-25 13:27:18,809|release|'т'
2019-11-25 13:27:20,677|press|Key.space
2019-11-25 13:27:20,753|release|Key.space
2019-11-25 13:27:37,737|press|Key.cmd
2019-11-25 13:27:37,833|press|Key.tab
2019-11-25 13:27:37,973|release|Key.tab
2019-11-25 13:27:38,357|press|Key.tab
2019-11-25 13:27:38,481|release|Key.tab
2019-11-25 13:27:38,605|press|Key.tab
2019-11-25 13:27:38,705|release|Key.tab
2019-11-25 13:27:38,801|press|Key.tab
2019-11-25 13:27:38,893|release|Key.tab
2019-11-25 13:27:38,941|release|Key.cmd
2019-11-25 13:27:40,187|press|Key.shift_r
2019-11-25 13:27:40,338|press|'Ы'
2019-11-25 13:27:40,435|release|'Ы'
2019-11-25 13:27:40,631|release|Key.shift_r
2019-11-25 13:27:41,758|press|Key.backspace
2019-11-25 13:27:41,878|release|Key.backspace
2019-11-25 13:27:42,332|press|Key.cmd
2019-11-25 13:27:42,488|press|Key.space
2019-11-25 13:27:42,560|release|Key.cmd
2019-11-25 13:27:42,639|release|Key.space
2019-11-25 13:27:42,948|press|Key.shift_r
2019-11-25 13:27:43,092|press|'S'
2019-11-25 13:27:43,176|release|'S'
2019-11-25 13:27:43,253|release|Key.shift_r
2019-11-25 13:27:43,480|press|Key.enter
